method,n,ar,df,rho,SNR,rep,mse
linear,200,0.2,1.0,0.2,1,0,38.73585781982635
quantile,200,0.2,1.0,0.2,1,0,2.6617694898341915
huber,200,0.2,1.0,0.2,1,0,2.0994563962851123
linear,200,0.2,1.0,0.2,1,1,92.92713815948164
quantile,200,0.2,1.0,0.2,1,1,1.1221576987920199
huber,200,0.2,1.0,0.2,1,1,1.367304620493731
linear,200,0.2,1.0,0.2,1,2,30.09604836999346
quantile,200,0.2,1.0,0.2,1,2,0.3566487325028188
huber,200,0.2,1.0,0.2,1,2,0.41259697839112475
linear,200,0.2,1.0,0.2,1,3,137.99633651947562
quantile,200,0.2,1.0,0.2,1,3,0.8088892556623932
huber,200,0.2,1.0,0.2,1,3,0.8334705979749566
linear,200,0.2,1.0,0.2,1,4,61.97607545742328
quantile,200,0.2,1.0,0.2,1,4,1.2967386603658293
huber,200,0.2,1.0,0.2,1,4,1.2859703762442256
linear,200,0.2,1.0,0.2,1,5,23.061245184530087
quantile,200,0.2,1.0,0.2,1,5,1.4169445460476244
huber,200,0.2,1.0,0.2,1,5,1.1774165291611107
linear,200,0.2,1.0,0.2,1,6,13.555520008087573
quantile,200,0.2,1.0,0.2,1,6,0.8882549555285706
huber,200,0.2,1.0,0.2,1,6,0.8559292241907019
linear,200,0.2,1.0,0.2,1,7,30.04077920054231
quantile,200,0.2,1.0,0.2,1,7,1.0762698400218405
huber,200,0.2,1.0,0.2,1,7,0.648266260622643
linear,200,0.2,1.0,0.2,1,8,697.3625781926256
quantile,200,0.2,1.0,0.2,1,8,2.5685657608786814
huber,200,0.2,1.0,0.2,1,8,2.726584038528942
linear,200,0.2,1.0,0.2,1,9,520.344178864454
quantile,200,0.2,1.0,0.2,1,9,1.1526583978046117
huber,200,0.2,1.0,0.2,1,9,1.2013274334818345
linear,200,0.2,1.0,0.2,1,10,10635.914392792985
quantile,200,0.2,1.0,0.2,1,10,1.0418855615398788
huber,200,0.2,1.0,0.2,1,10,0.9033641835072767
linear,200,0.2,1.0,0.2,1,11,150.83133822054037
quantile,200,0.2,1.0,0.2,1,11,0.6664386476933712
huber,200,0.2,1.0,0.2,1,11,0.9732419674152015
linear,200,0.2,1.0,0.2,1,12,160.09873472202935
quantile,200,0.2,1.0,0.2,1,12,1.2045848361345532
huber,200,0.2,1.0,0.2,1,12,1.3696931988495318
linear,200,0.2,1.0,0.2,1,13,181655.41074481537
quantile,200,0.2,1.0,0.2,1,13,1.0317149318091419
huber,200,0.2,1.0,0.2,1,13,1.0401474586146215
linear,200,0.2,1.0,0.2,1,14,474.7827522682338
quantile,200,0.2,1.0,0.2,1,14,1.0080055822365561
huber,200,0.2,1.0,0.2,1,14,0.8362554739798959
linear,200,0.2,1.0,0.2,1,15,166.4620313890312
quantile,200,0.2,1.0,0.2,1,15,0.9828539214850983
huber,200,0.2,1.0,0.2,1,15,0.8927641001764026
linear,200,0.2,1.0,0.2,1,16,26.67773879300639
quantile,200,0.2,1.0,0.2,1,16,0.5191917870132792
huber,200,0.2,1.0,0.2,1,16,0.5290740366897224
linear,200,0.2,1.0,0.2,1,17,299.1197717923563
quantile,200,0.2,1.0,0.2,1,17,1.510865909875767
huber,200,0.2,1.0,0.2,1,17,1.376443915312275
linear,200,0.2,1.0,0.2,1,18,25.933171115281958
quantile,200,0.2,1.0,0.2,1,18,1.7415620253177273
huber,200,0.2,1.0,0.2,1,18,1.2509469320182354
linear,200,0.2,1.0,0.2,1,19,33.68327280347093
quantile,200,0.2,1.0,0.2,1,19,1.684808657310422
huber,200,0.2,1.0,0.2,1,19,1.8009923627305455
linear,200,0.2,1.0,0.2,1,20,27.91515221648705
quantile,200,0.2,1.0,0.2,1,20,0.7082492299927345
huber,200,0.2,1.0,0.2,1,20,0.7298131309375377
linear,200,0.2,1.0,0.2,1,21,168.3390647066795
quantile,200,0.2,1.0,0.2,1,21,1.4297143672755923
huber,200,0.2,1.0,0.2,1,21,0.9770678254258736
linear,200,0.2,1.0,0.2,1,22,225.91776688335494
quantile,200,0.2,1.0,0.2,1,22,1.2962171749582958
huber,200,0.2,1.0,0.2,1,22,1.5098813665715598
linear,200,0.2,1.0,0.2,1,23,68.08796516606168
quantile,200,0.2,1.0,0.2,1,23,0.7031673075749518
huber,200,0.2,1.0,0.2,1,23,0.579241799153513
linear,200,0.2,1.0,0.2,1,24,153.5574665205486
quantile,200,0.2,1.0,0.2,1,24,1.9894815253432034
huber,200,0.2,1.0,0.2,1,24,1.6753403158122653
linear,200,0.2,1.0,0.2,1,25,303.40166468128473
quantile,200,0.2,1.0,0.2,1,25,1.2615267386172535
huber,200,0.2,1.0,0.2,1,25,1.3901593319166492
linear,200,0.2,1.0,0.2,1,26,33.497822284453655
quantile,200,0.2,1.0,0.2,1,26,0.815905316094204
huber,200,0.2,1.0,0.2,1,26,0.9483298469654369
linear,200,0.2,1.0,0.2,1,27,43.37899884306013
quantile,200,0.2,1.0,0.2,1,27,1.1743913225061338
huber,200,0.2,1.0,0.2,1,27,1.3238609426262617
linear,200,0.2,1.0,0.2,1,28,88.90788141005075
quantile,200,0.2,1.0,0.2,1,28,0.6611519006074412
huber,200,0.2,1.0,0.2,1,28,0.7256495537834127
linear,200,0.2,1.0,0.2,1,29,46.13810939577324
quantile,200,0.2,1.0,0.2,1,29,1.189158330129631
huber,200,0.2,1.0,0.2,1,29,1.48878536637236
linear,200,0.2,1.0,0.2,5,0,89.70441730358066
quantile,200,0.2,1.0,0.2,5,0,1.0787159152153856
huber,200,0.2,1.0,0.2,5,0,1.1396261282137712
linear,200,0.2,1.0,0.2,5,1,41.81608011553986
quantile,200,0.2,1.0,0.2,5,1,1.4298587395768099
huber,200,0.2,1.0,0.2,5,1,1.5912180918507222
linear,200,0.2,1.0,0.2,5,2,1018.7536271674669
quantile,200,0.2,1.0,0.2,5,2,1.2613045693852274
huber,200,0.2,1.0,0.2,5,2,0.965727100139142
linear,200,0.2,1.0,0.2,5,3,135.42177011429828
quantile,200,0.2,1.0,0.2,5,3,1.6020555651005104
huber,200,0.2,1.0,0.2,5,3,1.6172372263920152
linear,200,0.2,1.0,0.2,5,4,15.138982926961692
quantile,200,0.2,1.0,0.2,5,4,1.3113051298414407
huber,200,0.2,1.0,0.2,5,4,1.136586888642531
linear,200,0.2,1.0,0.2,5,5,6428.212000114365
quantile,200,0.2,1.0,0.2,5,5,0.7592964486801153
huber,200,0.2,1.0,0.2,5,5,0.8933315607645007
linear,200,0.2,1.0,0.2,5,6,8637.531463320023
quantile,200,0.2,1.0,0.2,5,6,0.7291387268612821
huber,200,0.2,1.0,0.2,5,6,0.4705026817133239
linear,200,0.2,1.0,0.2,5,7,779.7393347432142
quantile,200,0.2,1.0,0.2,5,7,0.8928186632099587
huber,200,0.2,1.0,0.2,5,7,1.391146165889907
linear,200,0.2,1.0,0.2,5,8,26271.29461250123
quantile,200,0.2,1.0,0.2,5,8,1.132711006425612
huber,200,0.2,1.0,0.2,5,8,0.981937367738112
linear,200,0.2,1.0,0.2,5,9,322.29085463474655
quantile,200,0.2,1.0,0.2,5,9,1.1522721776802283
huber,200,0.2,1.0,0.2,5,9,0.8947171448845606
linear,200,0.2,1.0,0.2,5,10,31.33639927568185
quantile,200,0.2,1.0,0.2,5,10,1.887113487495835
huber,200,0.2,1.0,0.2,5,10,1.463197466885496
linear,200,0.2,1.0,0.2,5,11,47.84189975310984
quantile,200,0.2,1.0,0.2,5,11,1.9754281391711084
huber,200,0.2,1.0,0.2,5,11,1.300465295258695
linear,200,0.2,1.0,0.2,5,12,18.95008901837539
quantile,200,0.2,1.0,0.2,5,12,1.4690556760882325
huber,200,0.2,1.0,0.2,5,12,1.1735153311460427
linear,200,0.2,1.0,0.2,5,13,431.54933713494455
quantile,200,0.2,1.0,0.2,5,13,1.4174403353743563
huber,200,0.2,1.0,0.2,5,13,1.6243579780238897
linear,200,0.2,1.0,0.2,5,14,1895.4813826637242
quantile,200,0.2,1.0,0.2,5,14,0.9475527728686354
huber,200,0.2,1.0,0.2,5,14,0.8454695015004008
linear,200,0.2,1.0,0.2,5,15,25.37393072181816
quantile,200,0.2,1.0,0.2,5,15,0.9430595194989915
huber,200,0.2,1.0,0.2,5,15,0.9329925938148211
linear,200,0.2,1.0,0.2,5,16,20.910692006506785
quantile,200,0.2,1.0,0.2,5,16,1.3610584083210275
huber,200,0.2,1.0,0.2,5,16,1.4541922153217413
linear,200,0.2,1.0,0.2,5,17,42.63638908994193
quantile,200,0.2,1.0,0.2,5,17,2.6372652838717907
huber,200,0.2,1.0,0.2,5,17,1.8054774596181495
linear,200,0.2,1.0,0.2,5,18,13.030386537223457
quantile,200,0.2,1.0,0.2,5,18,0.8737865816089567
huber,200,0.2,1.0,0.2,5,18,0.5819390105572071
linear,200,0.2,1.0,0.2,5,19,63.88832192031044
quantile,200,0.2,1.0,0.2,5,19,1.2285905006145823
huber,200,0.2,1.0,0.2,5,19,0.9730026215144498
linear,200,0.2,1.0,0.2,5,20,19632.315163135143
quantile,200,0.2,1.0,0.2,5,20,1.7796351719199226
huber,200,0.2,1.0,0.2,5,20,2.2037406184511577
linear,200,0.2,1.0,0.2,5,21,15.92205716805129
quantile,200,0.2,1.0,0.2,5,21,1.8113588392607811
huber,200,0.2,1.0,0.2,5,21,1.897553594389926
linear,200,0.2,1.0,0.2,5,22,88.61165833758193
quantile,200,0.2,1.0,0.2,5,22,0.7066274573963114
huber,200,0.2,1.0,0.2,5,22,0.803143919245771
linear,200,0.2,1.0,0.2,5,23,99.73006127065457
quantile,200,0.2,1.0,0.2,5,23,1.8784635670305523
huber,200,0.2,1.0,0.2,5,23,2.5110760038111097
linear,200,0.2,1.0,0.2,5,24,717.9638572615582
quantile,200,0.2,1.0,0.2,5,24,2.3841084645496933
huber,200,0.2,1.0,0.2,5,24,1.9525990193121467
linear,200,0.2,1.0,0.2,5,25,10.309192384081259
quantile,200,0.2,1.0,0.2,5,25,0.9835799550212361
huber,200,0.2,1.0,0.2,5,25,0.8176746329328275
linear,200,0.2,1.0,0.2,5,26,75.84321927778709
quantile,200,0.2,1.0,0.2,5,26,0.9991741597133337
huber,200,0.2,1.0,0.2,5,26,0.9235387780498399
linear,200,0.2,1.0,0.2,5,27,250.80517895750376
quantile,200,0.2,1.0,0.2,5,27,1.8343887620669783
huber,200,0.2,1.0,0.2,5,27,1.567927213849539
linear,200,0.2,1.0,0.2,5,28,49.58986419157284
quantile,200,0.2,1.0,0.2,5,28,0.8085634719285859
huber,200,0.2,1.0,0.2,5,28,1.0761673590597334
linear,200,0.2,1.0,0.2,5,29,29167.528001200357
quantile,200,0.2,1.0,0.2,5,29,1.6038591063088008
huber,200,0.2,1.0,0.2,5,29,1.524847307563678
linear,200,0.2,1.0,0.2,10,0,237.87006835998477
quantile,200,0.2,1.0,0.2,10,0,0.8615287574148325
huber,200,0.2,1.0,0.2,10,0,0.9599405058714041
linear,200,0.2,1.0,0.2,10,1,148.6180694880495
quantile,200,0.2,1.0,0.2,10,1,1.029786181724842
huber,200,0.2,1.0,0.2,10,1,1.1885724701271547
linear,200,0.2,1.0,0.2,10,2,44.1983442154106
quantile,200,0.2,1.0,0.2,10,2,0.7851076083856847
huber,200,0.2,1.0,0.2,10,2,0.8734820873257438
linear,200,0.2,1.0,0.2,10,3,754.0992232274095
quantile,200,0.2,1.0,0.2,10,3,1.1454050969814127
huber,200,0.2,1.0,0.2,10,3,0.928874211478918
linear,200,0.2,1.0,0.2,10,4,70.22308381336647
quantile,200,0.2,1.0,0.2,10,4,0.7203917815229118
huber,200,0.2,1.0,0.2,10,4,0.6636277715443712
linear,200,0.2,1.0,0.2,10,5,46.39863980751329
quantile,200,0.2,1.0,0.2,10,5,0.7972511973639351
huber,200,0.2,1.0,0.2,10,5,0.8081089779963084
linear,200,0.2,1.0,0.2,10,6,292.78078430192016
quantile,200,0.2,1.0,0.2,10,6,0.4779292179833432
huber,200,0.2,1.0,0.2,10,6,0.9729038383748341
linear,200,0.2,1.0,0.2,10,7,1297.4702216101346
quantile,200,0.2,1.0,0.2,10,7,0.8558489264602333
huber,200,0.2,1.0,0.2,10,7,0.8215024964490097
linear,200,0.2,1.0,0.2,10,8,49.92965088458997
quantile,200,0.2,1.0,0.2,10,8,1.2004598807223925
huber,200,0.2,1.0,0.2,10,8,1.2774331451819974
linear,200,0.2,1.0,0.2,10,9,51.23190085470979
quantile,200,0.2,1.0,0.2,10,9,0.9181475659768941
huber,200,0.2,1.0,0.2,10,9,0.8977124632733764
linear,200,0.2,1.0,0.2,10,10,17.09125364114812
quantile,200,0.2,1.0,0.2,10,10,0.8225869771961771
huber,200,0.2,1.0,0.2,10,10,0.8412236125385326
linear,200,0.2,1.0,0.2,10,11,22.947080717901507
quantile,200,0.2,1.0,0.2,10,11,1.5894433866115074
huber,200,0.2,1.0,0.2,10,11,0.8422526858710719
linear,200,0.2,1.0,0.2,10,12,58.999130114113825
quantile,200,0.2,1.0,0.2,10,12,0.6361501074458126
huber,200,0.2,1.0,0.2,10,12,0.5322227144813767
linear,200,0.2,1.0,0.2,10,13,34.562962469256526
quantile,200,0.2,1.0,0.2,10,13,0.9310212044445576
huber,200,0.2,1.0,0.2,10,13,1.207876849829134
linear,200,0.2,1.0,0.2,10,14,91.66624974071814
quantile,200,0.2,1.0,0.2,10,14,1.5473374847110863
huber,200,0.2,1.0,0.2,10,14,1.3075506570672015
linear,200,0.2,1.0,0.2,10,15,57.19640589530439
quantile,200,0.2,1.0,0.2,10,15,0.9262540056578201
huber,200,0.2,1.0,0.2,10,15,0.8840822394822753
linear,200,0.2,1.0,0.2,10,16,24.60066870059292
quantile,200,0.2,1.0,0.2,10,16,1.8391185446955938
huber,200,0.2,1.0,0.2,10,16,1.7858423799690888
linear,200,0.2,1.0,0.2,10,17,31.868993790572123
quantile,200,0.2,1.0,0.2,10,17,0.8918044066479005
huber,200,0.2,1.0,0.2,10,17,0.7958201854381692
linear,200,0.2,1.0,0.2,10,18,51.44149802809612
quantile,200,0.2,1.0,0.2,10,18,1.0760010602767083
huber,200,0.2,1.0,0.2,10,18,1.179239849397479
linear,200,0.2,1.0,0.2,10,19,73.0160022241515
quantile,200,0.2,1.0,0.2,10,19,2.6835259636737874
huber,200,0.2,1.0,0.2,10,19,3.027884419738227
linear,200,0.2,1.0,0.2,10,20,209.4440568448997
quantile,200,0.2,1.0,0.2,10,20,1.3210522841172816
huber,200,0.2,1.0,0.2,10,20,1.9731934093498495
linear,200,0.2,1.0,0.2,10,21,249.8195081530854
quantile,200,0.2,1.0,0.2,10,21,0.82183900727297
huber,200,0.2,1.0,0.2,10,21,0.8295074522398584
linear,200,0.2,1.0,0.2,10,22,13.106698919454205
quantile,200,0.2,1.0,0.2,10,22,0.9933948073710926
huber,200,0.2,1.0,0.2,10,22,1.44445174274715
linear,200,0.2,1.0,0.2,10,23,10.118655310223621
quantile,200,0.2,1.0,0.2,10,23,1.751971113568409
huber,200,0.2,1.0,0.2,10,23,1.328065819404149
linear,200,0.2,1.0,0.2,10,24,24.494198446191483
quantile,200,0.2,1.0,0.2,10,24,1.0305165030989216
huber,200,0.2,1.0,0.2,10,24,0.7841513214079407
linear,200,0.2,1.0,0.2,10,25,366.814920776265
quantile,200,0.2,1.0,0.2,10,25,1.2172576301381695
huber,200,0.2,1.0,0.2,10,25,1.0243867204087842
linear,200,0.2,1.0,0.2,10,26,295.37522609798106
quantile,200,0.2,1.0,0.2,10,26,1.4323501040581792
huber,200,0.2,1.0,0.2,10,26,1.2054223317310562
linear,200,0.2,1.0,0.2,10,27,7.072443095668858
quantile,200,0.2,1.0,0.2,10,27,1.1971041412648458
huber,200,0.2,1.0,0.2,10,27,1.3060460671813163
linear,200,0.2,1.0,0.2,10,28,818.7614746023901
quantile,200,0.2,1.0,0.2,10,28,2.009003740267582
huber,200,0.2,1.0,0.2,10,28,1.8516551594154416
linear,200,0.2,1.0,0.2,10,29,205.3919178768816
quantile,200,0.2,1.0,0.2,10,29,0.7135727667145495
huber,200,0.2,1.0,0.2,10,29,0.5964466069749947
linear,200,0.2,2.0,0.2,1,0,1.092602253761637
quantile,200,0.2,2.0,0.2,1,0,0.387182701700287
huber,200,0.2,2.0,0.2,1,0,0.33710349599890543
linear,200,0.2,2.0,0.2,1,1,0.5258772106107039
quantile,200,0.2,2.0,0.2,1,1,0.48103537557860593
huber,200,0.2,2.0,0.2,1,1,0.3272856843045814
linear,200,0.2,2.0,0.2,1,2,1.1623989139125086
quantile,200,0.2,2.0,0.2,1,2,0.4907910042974795
huber,200,0.2,2.0,0.2,1,2,0.4097208824997066
linear,200,0.2,2.0,0.2,1,3,1.5325630887303956
quantile,200,0.2,2.0,0.2,1,3,0.7186437407582386
huber,200,0.2,2.0,0.2,1,3,0.6777579247838806
linear,200,0.2,2.0,0.2,1,4,0.8267379333795848
quantile,200,0.2,2.0,0.2,1,4,0.32109078288837034
huber,200,0.2,2.0,0.2,1,4,0.3192554872965059
linear,200,0.2,2.0,0.2,1,5,1.4427224668083847
quantile,200,0.2,2.0,0.2,1,5,0.506875314384302
huber,200,0.2,2.0,0.2,1,5,0.5267522676333214
linear,200,0.2,2.0,0.2,1,6,3.2030347121486504
quantile,200,0.2,2.0,0.2,1,6,0.5347815548328885
huber,200,0.2,2.0,0.2,1,6,0.5677350715796787
linear,200,0.2,2.0,0.2,1,7,0.9897655555688561
quantile,200,0.2,2.0,0.2,1,7,0.7929215645585612
huber,200,0.2,2.0,0.2,1,7,0.6081127016172176
linear,200,0.2,2.0,0.2,1,8,3.153954141346182
quantile,200,0.2,2.0,0.2,1,8,0.6814667896354121
huber,200,0.2,2.0,0.2,1,8,0.7918508546069638
linear,200,0.2,2.0,0.2,1,9,1.3137677995568686
quantile,200,0.2,2.0,0.2,1,9,0.5228263745559559
huber,200,0.2,2.0,0.2,1,9,0.46120437770519035
linear,200,0.2,2.0,0.2,1,10,1.8658006260943836
quantile,200,0.2,2.0,0.2,1,10,0.8456981138464614
huber,200,0.2,2.0,0.2,1,10,0.6864804941957633
linear,200,0.2,2.0,0.2,1,11,1.112592524892005
quantile,200,0.2,2.0,0.2,1,11,0.7899324489329952
huber,200,0.2,2.0,0.2,1,11,0.6214049439889648
linear,200,0.2,2.0,0.2,1,12,3.300930877455355
quantile,200,0.2,2.0,0.2,1,12,0.46740783533709773
huber,200,0.2,2.0,0.2,1,12,0.4689785743653312
linear,200,0.2,2.0,0.2,1,13,1.9130953572146017
quantile,200,0.2,2.0,0.2,1,13,0.8815093200885102
huber,200,0.2,2.0,0.2,1,13,0.6248427717608205
linear,200,0.2,2.0,0.2,1,14,0.6936304736652558
quantile,200,0.2,2.0,0.2,1,14,0.5181401293482816
huber,200,0.2,2.0,0.2,1,14,0.49159397151640694
linear,200,0.2,2.0,0.2,1,15,2.968863999271967
quantile,200,0.2,2.0,0.2,1,15,0.47688214448386096
huber,200,0.2,2.0,0.2,1,15,0.4952169621648418
linear,200,0.2,2.0,0.2,1,16,1.5408577920717574
quantile,200,0.2,2.0,0.2,1,16,0.6719470349002844
huber,200,0.2,2.0,0.2,1,16,0.6024429068757737
linear,200,0.2,2.0,0.2,1,17,1.532713593305721
quantile,200,0.2,2.0,0.2,1,17,0.9197281446497372
huber,200,0.2,2.0,0.2,1,17,0.951397744656548
linear,200,0.2,2.0,0.2,1,18,0.9705403183592403
quantile,200,0.2,2.0,0.2,1,18,0.6914520352053857
huber,200,0.2,2.0,0.2,1,18,0.5501399381361665
linear,200,0.2,2.0,0.2,1,19,2.854135649376077
quantile,200,0.2,2.0,0.2,1,19,0.9163204920629417
huber,200,0.2,2.0,0.2,1,19,0.9607563453595762
linear,200,0.2,2.0,0.2,1,20,0.9538909247662973
quantile,200,0.2,2.0,0.2,1,20,0.7960412376353501
huber,200,0.2,2.0,0.2,1,20,0.8842942099772596
linear,200,0.2,2.0,0.2,1,21,1.0269885335022408
quantile,200,0.2,2.0,0.2,1,21,0.5409574264423211
huber,200,0.2,2.0,0.2,1,21,0.46246417190779343
linear,200,0.2,2.0,0.2,1,22,1.4746307931283469
quantile,200,0.2,2.0,0.2,1,22,0.8707814555958971
huber,200,0.2,2.0,0.2,1,22,0.8001939300230766
linear,200,0.2,2.0,0.2,1,23,1.3909552956226179
quantile,200,0.2,2.0,0.2,1,23,0.8776726755722575
huber,200,0.2,2.0,0.2,1,23,0.7403380786739449
linear,200,0.2,2.0,0.2,1,24,4.713966776987712
quantile,200,0.2,2.0,0.2,1,24,0.9761057545287737
huber,200,0.2,2.0,0.2,1,24,1.02357776781042
linear,200,0.2,2.0,0.2,1,25,1.6409859292518105
quantile,200,0.2,2.0,0.2,1,25,1.1701623754935961
huber,200,0.2,2.0,0.2,1,25,1.1359771569684494
linear,200,0.2,2.0,0.2,1,26,2.279993519197846
quantile,200,0.2,2.0,0.2,1,26,0.9745007132923877
huber,200,0.2,2.0,0.2,1,26,0.8684348981222614
linear,200,0.2,2.0,0.2,1,27,1.0266665877250352
quantile,200,0.2,2.0,0.2,1,27,0.4614369601482422
huber,200,0.2,2.0,0.2,1,27,0.4737394737029661
linear,200,0.2,2.0,0.2,1,28,2.3296326264635496
quantile,200,0.2,2.0,0.2,1,28,0.6737300193650695
huber,200,0.2,2.0,0.2,1,28,0.5724979944406791
linear,200,0.2,2.0,0.2,1,29,0.9276317627900698
quantile,200,0.2,2.0,0.2,1,29,0.5333334433350629
huber,200,0.2,2.0,0.2,1,29,0.3923499603713658
linear,200,0.2,2.0,0.2,5,0,1.1509350836552383
quantile,200,0.2,2.0,0.2,5,0,0.7294616840453514
huber,200,0.2,2.0,0.2,5,0,0.661989415488043
linear,200,0.2,2.0,0.2,5,1,0.93102876280521
quantile,200,0.2,2.0,0.2,5,1,0.4115290375220829
huber,200,0.2,2.0,0.2,5,1,0.46118350158467636
linear,200,0.2,2.0,0.2,5,2,1.4977507234949738
quantile,200,0.2,2.0,0.2,5,2,0.5946626658162809
huber,200,0.2,2.0,0.2,5,2,0.4855688858357533
linear,200,0.2,2.0,0.2,5,3,1.493265699763799
quantile,200,0.2,2.0,0.2,5,3,0.5371131193249159
huber,200,0.2,2.0,0.2,5,3,0.605347625444052
linear,200,0.2,2.0,0.2,5,4,0.7773496749012648
quantile,200,0.2,2.0,0.2,5,4,0.6006322382914455
huber,200,0.2,2.0,0.2,5,4,0.37727209458183253
linear,200,0.2,2.0,0.2,5,5,0.9758579067463844
quantile,200,0.2,2.0,0.2,5,5,0.6716404919119859
huber,200,0.2,2.0,0.2,5,5,0.5183437603185259
linear,200,0.2,2.0,0.2,5,6,1.1676246981138596
quantile,200,0.2,2.0,0.2,5,6,1.254540812406682
huber,200,0.2,2.0,0.2,5,6,1.0070286239931967
linear,200,0.2,2.0,0.2,5,7,0.5212867442972358
quantile,200,0.2,2.0,0.2,5,7,0.5572911272801522
huber,200,0.2,2.0,0.2,5,7,0.4568857463754403
linear,200,0.2,2.0,0.2,5,8,0.5508590359727525
quantile,200,0.2,2.0,0.2,5,8,0.5522837721320908
huber,200,0.2,2.0,0.2,5,8,0.35798005183296044
linear,200,0.2,2.0,0.2,5,9,2.1187132451419983
quantile,200,0.2,2.0,0.2,5,9,1.19636279417638
huber,200,0.2,2.0,0.2,5,9,0.9512206533874563
linear,200,0.2,2.0,0.2,5,10,0.8596474860822585
quantile,200,0.2,2.0,0.2,5,10,0.5495800926852974
huber,200,0.2,2.0,0.2,5,10,0.456136226136003
linear,200,0.2,2.0,0.2,5,11,1.4601197904033452
quantile,200,0.2,2.0,0.2,5,11,0.7046649689201087
huber,200,0.2,2.0,0.2,5,11,0.4729051366806508
linear,200,0.2,2.0,0.2,5,12,2.8823777460048183
quantile,200,0.2,2.0,0.2,5,12,0.42630649971695345
huber,200,0.2,2.0,0.2,5,12,0.3589051940909014
linear,200,0.2,2.0,0.2,5,13,1.0692662317381185
quantile,200,0.2,2.0,0.2,5,13,0.5561667184841528
huber,200,0.2,2.0,0.2,5,13,0.5590122340250594
linear,200,0.2,2.0,0.2,5,14,6.61788282536955
quantile,200,0.2,2.0,0.2,5,14,0.8418704613474155
huber,200,0.2,2.0,0.2,5,14,0.6789807365606816
linear,200,0.2,2.0,0.2,5,15,1.1570331268612188
quantile,200,0.2,2.0,0.2,5,15,0.9388674994764451
huber,200,0.2,2.0,0.2,5,15,0.7081835659526586
linear,200,0.2,2.0,0.2,5,16,1.5751257432237717
quantile,200,0.2,2.0,0.2,5,16,1.0660043456949144
huber,200,0.2,2.0,0.2,5,16,0.8743083819138991
linear,200,0.2,2.0,0.2,5,17,1.2118475631269214
quantile,200,0.2,2.0,0.2,5,17,0.637002760369145
huber,200,0.2,2.0,0.2,5,17,0.5736347023578625
linear,200,0.2,2.0,0.2,5,18,0.9867587701246424
quantile,200,0.2,2.0,0.2,5,18,1.1193694239750376
huber,200,0.2,2.0,0.2,5,18,0.7377403485477275
linear,200,0.2,2.0,0.2,5,19,0.9725116857622178
quantile,200,0.2,2.0,0.2,5,19,0.4385412616714523
huber,200,0.2,2.0,0.2,5,19,0.38268624491797754
linear,200,0.2,2.0,0.2,5,20,1.0831354347897983
quantile,200,0.2,2.0,0.2,5,20,0.5048106081131499
huber,200,0.2,2.0,0.2,5,20,0.3093569002152052
linear,200,0.2,2.0,0.2,5,21,1.0214578879912466
quantile,200,0.2,2.0,0.2,5,21,0.588532256794396
huber,200,0.2,2.0,0.2,5,21,0.4104313325159597
linear,200,0.2,2.0,0.2,5,22,2.693555961537966
quantile,200,0.2,2.0,0.2,5,22,0.6040862078851854
huber,200,0.2,2.0,0.2,5,22,0.6861149717345807
linear,200,0.2,2.0,0.2,5,23,2.8360599818305485
quantile,200,0.2,2.0,0.2,5,23,0.6357345734720224
huber,200,0.2,2.0,0.2,5,23,0.4751558353280274
linear,200,0.2,2.0,0.2,5,24,1.9174255500628026
quantile,200,0.2,2.0,0.2,5,24,0.7659276297153589
huber,200,0.2,2.0,0.2,5,24,0.6310149974970949
linear,200,0.2,2.0,0.2,5,25,1.8681959428789443
quantile,200,0.2,2.0,0.2,5,25,0.5600329283711655
huber,200,0.2,2.0,0.2,5,25,0.5208244083957632
linear,200,0.2,2.0,0.2,5,26,2.5660485535514965
quantile,200,0.2,2.0,0.2,5,26,0.5246284949522467
huber,200,0.2,2.0,0.2,5,26,0.5618251306509376
linear,200,0.2,2.0,0.2,5,27,1.9454227478894717
quantile,200,0.2,2.0,0.2,5,27,0.4491620197185627
huber,200,0.2,2.0,0.2,5,27,0.47708283429667186
linear,200,0.2,2.0,0.2,5,28,0.9283130239834188
quantile,200,0.2,2.0,0.2,5,28,0.6079956429514166
huber,200,0.2,2.0,0.2,5,28,0.4472886819050885
linear,200,0.2,2.0,0.2,5,29,1.280396277584666
quantile,200,0.2,2.0,0.2,5,29,1.0060597607264565
huber,200,0.2,2.0,0.2,5,29,0.8872827558148868
linear,200,0.2,2.0,0.2,10,0,1.6952163781683898
quantile,200,0.2,2.0,0.2,10,0,0.6552621754722515
huber,200,0.2,2.0,0.2,10,0,0.762141855962455
linear,200,0.2,2.0,0.2,10,1,0.6089762894396129
quantile,200,0.2,2.0,0.2,10,1,0.961690864339587
huber,200,0.2,2.0,0.2,10,1,0.7079925098448444
linear,200,0.2,2.0,0.2,10,2,1.6747508638577313
quantile,200,0.2,2.0,0.2,10,2,0.3911109550519718
huber,200,0.2,2.0,0.2,10,2,0.41898615934047245
linear,200,0.2,2.0,0.2,10,3,0.9683722827289394
quantile,200,0.2,2.0,0.2,10,3,0.47535299868681435
huber,200,0.2,2.0,0.2,10,3,0.4349381080735958
linear,200,0.2,2.0,0.2,10,4,1.8104228752280023
quantile,200,0.2,2.0,0.2,10,4,0.5011936804375636
huber,200,0.2,2.0,0.2,10,4,0.4054412200625823
linear,200,0.2,2.0,0.2,10,5,1.3818933486260032
quantile,200,0.2,2.0,0.2,10,5,0.6984588071369817
huber,200,0.2,2.0,0.2,10,5,0.6319178414291062
linear,200,0.2,2.0,0.2,10,6,1.8734916379437485
quantile,200,0.2,2.0,0.2,10,6,0.45109807121049095
huber,200,0.2,2.0,0.2,10,6,0.36920761348297493
linear,200,0.2,2.0,0.2,10,7,1.4013400394284279
quantile,200,0.2,2.0,0.2,10,7,0.49030606125459547
huber,200,0.2,2.0,0.2,10,7,0.5037772384257498
linear,200,0.2,2.0,0.2,10,8,7.496589797424198
quantile,200,0.2,2.0,0.2,10,8,1.0230571759781317
huber,200,0.2,2.0,0.2,10,8,0.830118691064813
linear,200,0.2,2.0,0.2,10,9,2.2947441474221604
quantile,200,0.2,2.0,0.2,10,9,0.532148316019356
huber,200,0.2,2.0,0.2,10,9,0.5139677209213466
linear,200,0.2,2.0,0.2,10,10,0.8746168480169324
quantile,200,0.2,2.0,0.2,10,10,0.9838566988740384
huber,200,0.2,2.0,0.2,10,10,0.7077474041328444
linear,200,0.2,2.0,0.2,10,11,0.4856150706307525
quantile,200,0.2,2.0,0.2,10,11,0.45190575354454887
huber,200,0.2,2.0,0.2,10,11,0.4108383208551567
linear,200,0.2,2.0,0.2,10,12,3.520790710757713
quantile,200,0.2,2.0,0.2,10,12,0.5769296631842237
huber,200,0.2,2.0,0.2,10,12,0.4894945213004539
linear,200,0.2,2.0,0.2,10,13,1.199171908408982
quantile,200,0.2,2.0,0.2,10,13,0.5364032676842121
huber,200,0.2,2.0,0.2,10,13,0.5297086448924894
linear,200,0.2,2.0,0.2,10,14,3.1656373725687246
quantile,200,0.2,2.0,0.2,10,14,0.5794822680348822
huber,200,0.2,2.0,0.2,10,14,0.65964103575136
linear,200,0.2,2.0,0.2,10,15,3.0982956849353522
quantile,200,0.2,2.0,0.2,10,15,0.561949656087764
huber,200,0.2,2.0,0.2,10,15,0.5532932322233606
linear,200,0.2,2.0,0.2,10,16,2.9820380573808776
quantile,200,0.2,2.0,0.2,10,16,1.039357689758352
huber,200,0.2,2.0,0.2,10,16,0.6489285765518162
linear,200,0.2,2.0,0.2,10,17,1.8245283259021767
quantile,200,0.2,2.0,0.2,10,17,1.0229055423586237
huber,200,0.2,2.0,0.2,10,17,0.7980030810925686
linear,200,0.2,2.0,0.2,10,18,1.0004320243209208
quantile,200,0.2,2.0,0.2,10,18,0.686244050745502
huber,200,0.2,2.0,0.2,10,18,0.6956288887826515
linear,200,0.2,2.0,0.2,10,19,2.102904251375447
quantile,200,0.2,2.0,0.2,10,19,0.616071125686759
huber,200,0.2,2.0,0.2,10,19,0.6079093376594986
linear,200,0.2,2.0,0.2,10,20,2.4295842065974926
quantile,200,0.2,2.0,0.2,10,20,0.9039548568704359
huber,200,0.2,2.0,0.2,10,20,0.8815461685712701
linear,200,0.2,2.0,0.2,10,21,7.0220662680863555
quantile,200,0.2,2.0,0.2,10,21,0.9792260092103484
huber,200,0.2,2.0,0.2,10,21,0.8418140897172407
linear,200,0.2,2.0,0.2,10,22,12.69288617232603
quantile,200,0.2,2.0,0.2,10,22,0.5467724151236724
huber,200,0.2,2.0,0.2,10,22,0.32188566268343166
linear,200,0.2,2.0,0.2,10,23,0.9812579699142494
quantile,200,0.2,2.0,0.2,10,23,0.5133818950264909
huber,200,0.2,2.0,0.2,10,23,0.5367932967726468
linear,200,0.2,2.0,0.2,10,24,0.7599914622083879
quantile,200,0.2,2.0,0.2,10,24,0.5846137989558782
huber,200,0.2,2.0,0.2,10,24,0.44855632483107544
linear,200,0.2,2.0,0.2,10,25,1.3539113395887472
quantile,200,0.2,2.0,0.2,10,25,0.3561219573794826
huber,200,0.2,2.0,0.2,10,25,0.34620447715529223
linear,200,0.2,2.0,0.2,10,26,1.273432998824323
quantile,200,0.2,2.0,0.2,10,26,0.7550330827305894
huber,200,0.2,2.0,0.2,10,26,0.6055369760120726
linear,200,0.2,2.0,0.2,10,27,1.5867345376537858
quantile,200,0.2,2.0,0.2,10,27,0.6304614564308477
huber,200,0.2,2.0,0.2,10,27,0.5163565230031434
linear,200,0.2,2.0,0.2,10,28,1.4095699302616715
quantile,200,0.2,2.0,0.2,10,28,1.0636624724241237
huber,200,0.2,2.0,0.2,10,28,0.5836883962201491
linear,200,0.2,2.0,0.2,10,29,1.2733774267057187
quantile,200,0.2,2.0,0.2,10,29,0.6730531092779961
huber,200,0.2,2.0,0.2,10,29,0.5042109167904598
linear,200,0.2,3.0,0.2,1,0,0.318572132283223
quantile,200,0.2,3.0,0.2,1,0,0.1299175525484238
huber,200,0.2,3.0,0.2,1,0,0.11642841202223123
linear,200,0.2,3.0,0.2,1,1,0.22327965191974025
quantile,200,0.2,3.0,0.2,1,1,0.11678162916344517
huber,200,0.2,3.0,0.2,1,1,0.1043296667096346
linear,200,0.2,3.0,0.2,1,2,0.11462567135893587
quantile,200,0.2,3.0,0.2,1,2,0.1415144664208372
huber,200,0.2,3.0,0.2,1,2,0.08657418608575738
linear,200,0.2,3.0,0.2,1,3,0.15276207682728765
quantile,200,0.2,3.0,0.2,1,3,0.09067695607573692
huber,200,0.2,3.0,0.2,1,3,0.09274588006920777
linear,200,0.2,3.0,0.2,1,4,0.21780754576434763
quantile,200,0.2,3.0,0.2,1,4,0.1520554958109128
huber,200,0.2,3.0,0.2,1,4,0.12763109383251575
linear,200,0.2,3.0,0.2,1,5,0.22941930814147685
quantile,200,0.2,3.0,0.2,1,5,0.2376423739842081
huber,200,0.2,3.0,0.2,1,5,0.17102776394980668
linear,200,0.2,3.0,0.2,1,6,0.27845504956756306
quantile,200,0.2,3.0,0.2,1,6,0.09675939320106051
huber,200,0.2,3.0,0.2,1,6,0.10284412017413119
linear,200,0.2,3.0,0.2,1,7,0.18021403849251855
quantile,200,0.2,3.0,0.2,1,7,0.1484968232442549
huber,200,0.2,3.0,0.2,1,7,0.12972442273742424
linear,200,0.2,3.0,0.2,1,8,0.6194982224393266
quantile,200,0.2,3.0,0.2,1,8,0.19480260059360405
huber,200,0.2,3.0,0.2,1,8,0.15015220685946284
linear,200,0.2,3.0,0.2,1,9,0.2662395388952499
quantile,200,0.2,3.0,0.2,1,9,0.22022474876322112
huber,200,0.2,3.0,0.2,1,9,0.19093725286344856
linear,200,0.2,3.0,0.2,1,10,0.15374642451024728
quantile,200,0.2,3.0,0.2,1,10,0.12715072500789
huber,200,0.2,3.0,0.2,1,10,0.08964761830496935
linear,200,0.2,3.0,0.2,1,11,0.12470096226167826
quantile,200,0.2,3.0,0.2,1,11,0.2199235175019369
huber,200,0.2,3.0,0.2,1,11,0.13399724930638862
linear,200,0.2,3.0,0.2,1,12,0.29087211714983663
quantile,200,0.2,3.0,0.2,1,12,0.22241686577944975
huber,200,0.2,3.0,0.2,1,12,0.21120787444188868
linear,200,0.2,3.0,0.2,1,13,0.6283797420395025
quantile,200,0.2,3.0,0.2,1,13,0.19500789200308266
huber,200,0.2,3.0,0.2,1,13,0.14677332034779803
linear,200,0.2,3.0,0.2,1,14,0.13506986491190393
quantile,200,0.2,3.0,0.2,1,14,0.10709008930079769
huber,200,0.2,3.0,0.2,1,14,0.11394589906065056
linear,200,0.2,3.0,0.2,1,15,0.17123424835748957
quantile,200,0.2,3.0,0.2,1,15,0.13944089774907564
huber,200,0.2,3.0,0.2,1,15,0.09733935752191367
linear,200,0.2,3.0,0.2,1,16,0.3997973400596633
quantile,200,0.2,3.0,0.2,1,16,0.17337297890577702
huber,200,0.2,3.0,0.2,1,16,0.130276707399977
linear,200,0.2,3.0,0.2,1,17,0.24004556369179725
quantile,200,0.2,3.0,0.2,1,17,0.18291820198471526
huber,200,0.2,3.0,0.2,1,17,0.13533821769546162
linear,200,0.2,3.0,0.2,1,18,0.2600405290550697
quantile,200,0.2,3.0,0.2,1,18,0.22161679867029746
huber,200,0.2,3.0,0.2,1,18,0.19175037925651664
linear,200,0.2,3.0,0.2,1,19,0.18424886424707518
quantile,200,0.2,3.0,0.2,1,19,0.2000177908157934
huber,200,0.2,3.0,0.2,1,19,0.1703322601846903
linear,200,0.2,3.0,0.2,1,20,0.20417973323483926
quantile,200,0.2,3.0,0.2,1,20,0.13776282970652975
huber,200,0.2,3.0,0.2,1,20,0.11167367637656916
linear,200,0.2,3.0,0.2,1,21,0.1772617649410529
quantile,200,0.2,3.0,0.2,1,21,0.13056179678140198
huber,200,0.2,3.0,0.2,1,21,0.11071157361765721
linear,200,0.2,3.0,0.2,1,22,0.11152852754311796
quantile,200,0.2,3.0,0.2,1,22,0.1814878147159182
huber,200,0.2,3.0,0.2,1,22,0.1188361702452741
linear,200,0.2,3.0,0.2,1,23,0.23421698014888373
quantile,200,0.2,3.0,0.2,1,23,0.1682576514650693
huber,200,0.2,3.0,0.2,1,23,0.15271167900301086
linear,200,0.2,3.0,0.2,1,24,0.24372743721677043
quantile,200,0.2,3.0,0.2,1,24,0.18561550448819772
huber,200,0.2,3.0,0.2,1,24,0.15539427678403933
linear,200,0.2,3.0,0.2,1,25,0.3323001796602349
quantile,200,0.2,3.0,0.2,1,25,0.25780711551071767
huber,200,0.2,3.0,0.2,1,25,0.24645336966753842
linear,200,0.2,3.0,0.2,1,26,0.3829095477069516
quantile,200,0.2,3.0,0.2,1,26,0.17346906778996363
huber,200,0.2,3.0,0.2,1,26,0.13780981796602756
linear,200,0.2,3.0,0.2,1,27,0.4199118699834932
quantile,200,0.2,3.0,0.2,1,27,0.2666126291498664
huber,200,0.2,3.0,0.2,1,27,0.2268047219568284
linear,200,0.2,3.0,0.2,1,28,0.3860309339589601
quantile,200,0.2,3.0,0.2,1,28,0.20046546382272792
huber,200,0.2,3.0,0.2,1,28,0.1805874349895551
linear,200,0.2,3.0,0.2,1,29,0.2538971464625559
quantile,200,0.2,3.0,0.2,1,29,0.24223218681768374
huber,200,0.2,3.0,0.2,1,29,0.188316835730225
linear,200,0.2,3.0,0.2,5,0,0.35390614913333995
quantile,200,0.2,3.0,0.2,5,0,0.27648754386514246
huber,200,0.2,3.0,0.2,5,0,0.2290230455395193
linear,200,0.2,3.0,0.2,5,1,0.24819205160457963
quantile,200,0.2,3.0,0.2,5,1,0.2705516845548501
huber,200,0.2,3.0,0.2,5,1,0.21098821488406408
linear,200,0.2,3.0,0.2,5,2,0.22883491959718213
quantile,200,0.2,3.0,0.2,5,2,0.16467747533907878
huber,200,0.2,3.0,0.2,5,2,0.1494522778866114
linear,200,0.2,3.0,0.2,5,3,0.36375817451233994
quantile,200,0.2,3.0,0.2,5,3,0.1716450751894057
huber,200,0.2,3.0,0.2,5,3,0.1640513636121886
linear,200,0.2,3.0,0.2,5,4,0.23212572384614122
quantile,200,0.2,3.0,0.2,5,4,0.2393482016255904
huber,200,0.2,3.0,0.2,5,4,0.18355270322524134
linear,200,0.2,3.0,0.2,5,5,0.1456683991941011
quantile,200,0.2,3.0,0.2,5,5,0.17411524321672608
huber,200,0.2,3.0,0.2,5,5,0.12973728420731917
linear,200,0.2,3.0,0.2,5,6,0.2632442171186141
quantile,200,0.2,3.0,0.2,5,6,0.20149585529242342
huber,200,0.2,3.0,0.2,5,6,0.2255424955221326
linear,200,0.2,3.0,0.2,5,7,0.15390132021153624
quantile,200,0.2,3.0,0.2,5,7,0.10984035281532724
huber,200,0.2,3.0,0.2,5,7,0.084945600636918
linear,200,0.2,3.0,0.2,5,8,0.22583506301276393
quantile,200,0.2,3.0,0.2,5,8,0.16562250548615312
huber,200,0.2,3.0,0.2,5,8,0.2018476531556948
linear,200,0.2,3.0,0.2,5,9,0.16510987045416609
quantile,200,0.2,3.0,0.2,5,9,0.13143183593563593
huber,200,0.2,3.0,0.2,5,9,0.1231973550253321
linear,200,0.2,3.0,0.2,5,10,0.34873003241831524
quantile,200,0.2,3.0,0.2,5,10,0.16720657793575155
huber,200,0.2,3.0,0.2,5,10,0.15839040357866713
linear,200,0.2,3.0,0.2,5,11,0.1824559107429385
quantile,200,0.2,3.0,0.2,5,11,0.12769931177420493
huber,200,0.2,3.0,0.2,5,11,0.11328814946875736
linear,200,0.2,3.0,0.2,5,12,0.12187963445882907
quantile,200,0.2,3.0,0.2,5,12,0.10689159945302998
huber,200,0.2,3.0,0.2,5,12,0.12671259655312656
linear,200,0.2,3.0,0.2,5,13,0.15191588045887588
quantile,200,0.2,3.0,0.2,5,13,0.17321008838616367
huber,200,0.2,3.0,0.2,5,13,0.1305889644379649
linear,200,0.2,3.0,0.2,5,14,0.2232783228641931
quantile,200,0.2,3.0,0.2,5,14,0.14625907014125689
huber,200,0.2,3.0,0.2,5,14,0.15192705629833692
linear,200,0.2,3.0,0.2,5,15,0.13914042422863931
quantile,200,0.2,3.0,0.2,5,15,0.19801559215913858
huber,200,0.2,3.0,0.2,5,15,0.10910589169471452
linear,200,0.2,3.0,0.2,5,16,0.19354994943080045
quantile,200,0.2,3.0,0.2,5,16,0.155884357967017
huber,200,0.2,3.0,0.2,5,16,0.1259699708168835
linear,200,0.2,3.0,0.2,5,17,0.29162810473217515
quantile,200,0.2,3.0,0.2,5,17,0.20799185228020195
huber,200,0.2,3.0,0.2,5,17,0.16480996833923942
linear,200,0.2,3.0,0.2,5,18,0.39393659316954754
quantile,200,0.2,3.0,0.2,5,18,0.2815609691387993
huber,200,0.2,3.0,0.2,5,18,0.2047859970493564
linear,200,0.2,3.0,0.2,5,19,0.26362295399077523
quantile,200,0.2,3.0,0.2,5,19,0.19876903689960032
huber,200,0.2,3.0,0.2,5,19,0.1675207195750562
linear,200,0.2,3.0,0.2,5,20,0.2333272434549939
quantile,200,0.2,3.0,0.2,5,20,0.139636460900047
huber,200,0.2,3.0,0.2,5,20,0.17947078635872493
linear,200,0.2,3.0,0.2,5,21,0.2076803897215328
quantile,200,0.2,3.0,0.2,5,21,0.2442538301660931
huber,200,0.2,3.0,0.2,5,21,0.1828635954101543
linear,200,0.2,3.0,0.2,5,22,0.13895294515647508
quantile,200,0.2,3.0,0.2,5,22,0.10754157579801027
huber,200,0.2,3.0,0.2,5,22,0.0741419448375745
linear,200,0.2,3.0,0.2,5,23,0.22489135002955743
quantile,200,0.2,3.0,0.2,5,23,0.1324484388088809
huber,200,0.2,3.0,0.2,5,23,0.13237978510686088
linear,200,0.2,3.0,0.2,5,24,0.14435473695458456
quantile,200,0.2,3.0,0.2,5,24,0.22579133604233492
huber,200,0.2,3.0,0.2,5,24,0.13901073222226867
linear,200,0.2,3.0,0.2,5,25,0.5459399062971882
quantile,200,0.2,3.0,0.2,5,25,0.2685537725473689
huber,200,0.2,3.0,0.2,5,25,0.20716709896805202
linear,200,0.2,3.0,0.2,5,26,0.4066220082307217
quantile,200,0.2,3.0,0.2,5,26,0.1425178137921434
huber,200,0.2,3.0,0.2,5,26,0.11458628985346421
linear,200,0.2,3.0,0.2,5,27,0.18497308807183319
quantile,200,0.2,3.0,0.2,5,27,0.18179894105586436
huber,200,0.2,3.0,0.2,5,27,0.1264424873241003
linear,200,0.2,3.0,0.2,5,28,0.37394534868845647
quantile,200,0.2,3.0,0.2,5,28,0.19403690965365344
huber,200,0.2,3.0,0.2,5,28,0.12987395093081572
linear,200,0.2,3.0,0.2,5,29,0.3361441270448863
quantile,200,0.2,3.0,0.2,5,29,0.21129430902418195
huber,200,0.2,3.0,0.2,5,29,0.22869089566788786
linear,200,0.2,3.0,0.2,10,0,0.16869960426761466
quantile,200,0.2,3.0,0.2,10,0,0.1750523161788426
huber,200,0.2,3.0,0.2,10,0,0.12830074751958648
linear,200,0.2,3.0,0.2,10,1,0.42862602382193093
quantile,200,0.2,3.0,0.2,10,1,0.2375010079794958
huber,200,0.2,3.0,0.2,10,1,0.2257801999761593
linear,200,0.2,3.0,0.2,10,2,0.21537576722007606
quantile,200,0.2,3.0,0.2,10,2,0.1998491406239088
huber,200,0.2,3.0,0.2,10,2,0.12602526734578384
linear,200,0.2,3.0,0.2,10,3,0.21947577214873282
quantile,200,0.2,3.0,0.2,10,3,0.17887234825057097
huber,200,0.2,3.0,0.2,10,3,0.15458089685839346
linear,200,0.2,3.0,0.2,10,4,0.20267843105450883
quantile,200,0.2,3.0,0.2,10,4,0.09125905796265929
huber,200,0.2,3.0,0.2,10,4,0.08560345214612541
linear,200,0.2,3.0,0.2,10,5,0.2640727715597958
quantile,200,0.2,3.0,0.2,10,5,0.28014374154489063
huber,200,0.2,3.0,0.2,10,5,0.2360783052243525
linear,200,0.2,3.0,0.2,10,6,0.21577372905152906
quantile,200,0.2,3.0,0.2,10,6,0.19225388529120807
huber,200,0.2,3.0,0.2,10,6,0.14471201372452663
linear,200,0.2,3.0,0.2,10,7,0.3164265881019975
quantile,200,0.2,3.0,0.2,10,7,0.21589451154719944
huber,200,0.2,3.0,0.2,10,7,0.2005145955991825
linear,200,0.2,3.0,0.2,10,8,0.23946510521444997
quantile,200,0.2,3.0,0.2,10,8,0.12938221367682445
huber,200,0.2,3.0,0.2,10,8,0.12558441293998177
linear,200,0.2,3.0,0.2,10,9,0.3031053900939246
quantile,200,0.2,3.0,0.2,10,9,0.2260670642146544
huber,200,0.2,3.0,0.2,10,9,0.16501500562181332
linear,200,0.2,3.0,0.2,10,10,0.2089149466036481
quantile,200,0.2,3.0,0.2,10,10,0.15229376846805856
huber,200,0.2,3.0,0.2,10,10,0.13364322738292117
linear,200,0.2,3.0,0.2,10,11,0.3264134072673
quantile,200,0.2,3.0,0.2,10,11,0.2000040085398862
huber,200,0.2,3.0,0.2,10,11,0.12833396787674028
linear,200,0.2,3.0,0.2,10,12,0.2638298082976991
quantile,200,0.2,3.0,0.2,10,12,0.18474263886921716
huber,200,0.2,3.0,0.2,10,12,0.20605363733362392
linear,200,0.2,3.0,0.2,10,13,0.3607272154478402
quantile,200,0.2,3.0,0.2,10,13,0.20509860734520705
huber,200,0.2,3.0,0.2,10,13,0.2172112661589499
linear,200,0.2,3.0,0.2,10,14,0.3670523076232989
quantile,200,0.2,3.0,0.2,10,14,0.13649812910210768
huber,200,0.2,3.0,0.2,10,14,0.12808882314711625
linear,200,0.2,3.0,0.2,10,15,0.37040590890416536
quantile,200,0.2,3.0,0.2,10,15,0.2632837678136777
huber,200,0.2,3.0,0.2,10,15,0.23547805378403452
linear,200,0.2,3.0,0.2,10,16,0.28062677494535027
quantile,200,0.2,3.0,0.2,10,16,0.16807299340910892
huber,200,0.2,3.0,0.2,10,16,0.14222705716036968
linear,200,0.2,3.0,0.2,10,17,0.2850046785496416
quantile,200,0.2,3.0,0.2,10,17,0.2393573380560819
huber,200,0.2,3.0,0.2,10,17,0.16254387623717367
linear,200,0.2,3.0,0.2,10,18,0.21216526242380526
quantile,200,0.2,3.0,0.2,10,18,0.20346852412466843
huber,200,0.2,3.0,0.2,10,18,0.12325631759743291
linear,200,0.2,3.0,0.2,10,19,0.15863677226487677
quantile,200,0.2,3.0,0.2,10,19,0.1471566109522632
huber,200,0.2,3.0,0.2,10,19,0.11944474023401457
linear,200,0.2,3.0,0.2,10,20,0.2003841117486052
quantile,200,0.2,3.0,0.2,10,20,0.16733534092052652
huber,200,0.2,3.0,0.2,10,20,0.14628691239584796
linear,200,0.2,3.0,0.2,10,21,0.13050261212761977
quantile,200,0.2,3.0,0.2,10,21,0.1814504507608825
huber,200,0.2,3.0,0.2,10,21,0.10965147199908773
linear,200,0.2,3.0,0.2,10,22,0.335654685246183
quantile,200,0.2,3.0,0.2,10,22,0.16864466330496647
huber,200,0.2,3.0,0.2,10,22,0.15928886569452083
linear,200,0.2,3.0,0.2,10,23,0.23123961736169346
quantile,200,0.2,3.0,0.2,10,23,0.25774682795856085
huber,200,0.2,3.0,0.2,10,23,0.1878844351930665
linear,200,0.2,3.0,0.2,10,24,0.3344750018851109
quantile,200,0.2,3.0,0.2,10,24,0.10814685487197268
huber,200,0.2,3.0,0.2,10,24,0.09489164159511573
linear,200,0.2,3.0,0.2,10,25,0.4036511305959782
quantile,200,0.2,3.0,0.2,10,25,0.2073987161477816
huber,200,0.2,3.0,0.2,10,25,0.13892293318215684
linear,200,0.2,3.0,0.2,10,26,0.1584811288533829
quantile,200,0.2,3.0,0.2,10,26,0.16730428079601867
huber,200,0.2,3.0,0.2,10,26,0.12039674354037984
linear,200,0.2,3.0,0.2,10,27,0.23532283199222095
quantile,200,0.2,3.0,0.2,10,27,0.16412110539388172
huber,200,0.2,3.0,0.2,10,27,0.15116850737450438
linear,200,0.2,3.0,0.2,10,28,0.13758584219807052
quantile,200,0.2,3.0,0.2,10,28,0.11549753881999615
huber,200,0.2,3.0,0.2,10,28,0.10373471941390458
linear,200,0.2,3.0,0.2,10,29,0.21787578188374573
quantile,200,0.2,3.0,0.2,10,29,0.15874046670021857
huber,200,0.2,3.0,0.2,10,29,0.12702984112017351
linear,200,0.2,5.0,0.2,1,0,0.15862939087568434
quantile,200,0.2,5.0,0.2,1,0,0.16686138748685908
huber,200,0.2,5.0,0.2,1,0,0.15992862337327887
linear,200,0.2,5.0,0.2,1,1,0.43762132717777585
quantile,200,0.2,5.0,0.2,1,1,0.37017703226669973
huber,200,0.2,5.0,0.2,1,1,0.2914230278374398
linear,200,0.2,5.0,0.2,1,2,0.2814984568232295
quantile,200,0.2,5.0,0.2,1,2,0.20387329781260244
huber,200,0.2,5.0,0.2,1,2,0.1402962834331456
linear,200,0.2,5.0,0.2,1,3,0.16996418953750864
quantile,200,0.2,5.0,0.2,1,3,0.19446146632294858
huber,200,0.2,5.0,0.2,1,3,0.16286498338786934
linear,200,0.2,5.0,0.2,1,4,0.2924884448952041
quantile,200,0.2,5.0,0.2,1,4,0.21175382686548988
huber,200,0.2,5.0,0.2,1,4,0.20937260125518964
linear,200,0.2,5.0,0.2,1,5,0.39286567569441405
quantile,200,0.2,5.0,0.2,1,5,0.3991651429723885
huber,200,0.2,5.0,0.2,1,5,0.32679445558660347
linear,200,0.2,5.0,0.2,1,6,0.3424313174357842
quantile,200,0.2,5.0,0.2,1,6,0.4357299879568477
huber,200,0.2,5.0,0.2,1,6,0.3343945730271959
linear,200,0.2,5.0,0.2,1,7,0.4884622415037907
quantile,200,0.2,5.0,0.2,1,7,0.4755649661178242
huber,200,0.2,5.0,0.2,1,7,0.38741868800612544
linear,200,0.2,5.0,0.2,1,8,0.3103691378926019
quantile,200,0.2,5.0,0.2,1,8,0.3008277938848355
huber,200,0.2,5.0,0.2,1,8,0.27703086760157186
linear,200,0.2,5.0,0.2,1,9,0.24874302663524273
quantile,200,0.2,5.0,0.2,1,9,0.30277049826923114
huber,200,0.2,5.0,0.2,1,9,0.2511413980683782
linear,200,0.2,5.0,0.2,1,10,0.2589386002435592
quantile,200,0.2,5.0,0.2,1,10,0.30806974946855614
huber,200,0.2,5.0,0.2,1,10,0.24476878997652157
linear,200,0.2,5.0,0.2,1,11,0.21793599931551338
quantile,200,0.2,5.0,0.2,1,11,0.27711884057149627
huber,200,0.2,5.0,0.2,1,11,0.25576700122217605
linear,200,0.2,5.0,0.2,1,12,0.3333587972340143
quantile,200,0.2,5.0,0.2,1,12,0.3466913739266936
huber,200,0.2,5.0,0.2,1,12,0.32757965820213586
linear,200,0.2,5.0,0.2,1,13,0.3753944343285684
quantile,200,0.2,5.0,0.2,1,13,0.37649126772884095
huber,200,0.2,5.0,0.2,1,13,0.36102673075091185
linear,200,0.2,5.0,0.2,1,14,0.34500084239706896
quantile,200,0.2,5.0,0.2,1,14,0.37580326920079576
huber,200,0.2,5.0,0.2,1,14,0.2749300274307369
linear,200,0.2,5.0,0.2,1,15,0.3877831519548924
quantile,200,0.2,5.0,0.2,1,15,0.3792164367805535
huber,200,0.2,5.0,0.2,1,15,0.3129490231962633
linear,200,0.2,5.0,0.2,1,16,0.21007981918058194
quantile,200,0.2,5.0,0.2,1,16,0.21384352439583787
huber,200,0.2,5.0,0.2,1,16,0.15501352378548108
linear,200,0.2,5.0,0.2,1,17,0.3939779732904594
quantile,200,0.2,5.0,0.2,1,17,0.4213777492563743
huber,200,0.2,5.0,0.2,1,17,0.37333763512053797
linear,200,0.2,5.0,0.2,1,18,0.21883565101850255
quantile,200,0.2,5.0,0.2,1,18,0.29840723828549387
huber,200,0.2,5.0,0.2,1,18,0.1858887253243036
linear,200,0.2,5.0,0.2,1,19,0.2758434202147202
quantile,200,0.2,5.0,0.2,1,19,0.2927321915232739
huber,200,0.2,5.0,0.2,1,19,0.236107317307426
linear,200,0.2,5.0,0.2,1,20,0.25025056662266876
quantile,200,0.2,5.0,0.2,1,20,0.347402873529732
huber,200,0.2,5.0,0.2,1,20,0.26794766932361364
linear,200,0.2,5.0,0.2,1,21,0.24456007257398688
quantile,200,0.2,5.0,0.2,1,21,0.3312032041028786
huber,200,0.2,5.0,0.2,1,21,0.23100923812842328
linear,200,0.2,5.0,0.2,1,22,0.17693379907040752
quantile,200,0.2,5.0,0.2,1,22,0.3168964360438197
huber,200,0.2,5.0,0.2,1,22,0.21952316431322372
linear,200,0.2,5.0,0.2,1,23,0.2506090805629678
quantile,200,0.2,5.0,0.2,1,23,0.3101325485462131
huber,200,0.2,5.0,0.2,1,23,0.23103148003428467
linear,200,0.2,5.0,0.2,1,24,0.1519289298377022
quantile,200,0.2,5.0,0.2,1,24,0.2403575689450156
huber,200,0.2,5.0,0.2,1,24,0.1482850702179559
linear,200,0.2,5.0,0.2,1,25,0.23747433566268322
quantile,200,0.2,5.0,0.2,1,25,0.2702595795479388
huber,200,0.2,5.0,0.2,1,25,0.234570173452743
linear,200,0.2,5.0,0.2,1,26,0.19996679786102756
quantile,200,0.2,5.0,0.2,1,26,0.2767431110008804
huber,200,0.2,5.0,0.2,1,26,0.17654126401545234
linear,200,0.2,5.0,0.2,1,27,0.25220501824204244
quantile,200,0.2,5.0,0.2,1,27,0.28016318890290415
huber,200,0.2,5.0,0.2,1,27,0.2451969492291478
linear,200,0.2,5.0,0.2,1,28,0.27592313474442787
quantile,200,0.2,5.0,0.2,1,28,0.40030924390192063
huber,200,0.2,5.0,0.2,1,28,0.3162068980526852
linear,200,0.2,5.0,0.2,1,29,0.2977920671451738
quantile,200,0.2,5.0,0.2,1,29,0.4220035086988758
huber,200,0.2,5.0,0.2,1,29,0.3161117202104383
linear,200,0.2,5.0,0.2,5,0,0.2790680113145989
quantile,200,0.2,5.0,0.2,5,0,0.2515911322216203
huber,200,0.2,5.0,0.2,5,0,0.22296042779658573
linear,200,0.2,5.0,0.2,5,1,0.13984018272457477
quantile,200,0.2,5.0,0.2,5,1,0.16801791754201317
huber,200,0.2,5.0,0.2,5,1,0.1298841517566695
linear,200,0.2,5.0,0.2,5,2,0.2893560952973318
quantile,200,0.2,5.0,0.2,5,2,0.3758714661463488
huber,200,0.2,5.0,0.2,5,2,0.29393855105298944
linear,200,0.2,5.0,0.2,5,3,0.26111798248327345
quantile,200,0.2,5.0,0.2,5,3,0.17077730637456523
huber,200,0.2,5.0,0.2,5,3,0.18336976942566707
linear,200,0.2,5.0,0.2,5,4,0.22652398931200196
quantile,200,0.2,5.0,0.2,5,4,0.34368574042353145
huber,200,0.2,5.0,0.2,5,4,0.2565981968127383
linear,200,0.2,5.0,0.2,5,5,0.2689413531593118
quantile,200,0.2,5.0,0.2,5,5,0.3694939285356723
huber,200,0.2,5.0,0.2,5,5,0.2596302537055476
linear,200,0.2,5.0,0.2,5,6,0.2933059254589033
quantile,200,0.2,5.0,0.2,5,6,0.35571072095240597
huber,200,0.2,5.0,0.2,5,6,0.20907077509848737
linear,200,0.2,5.0,0.2,5,7,0.2883613972391502
quantile,200,0.2,5.0,0.2,5,7,0.24904952664186733
huber,200,0.2,5.0,0.2,5,7,0.23796903489890336
linear,200,0.2,5.0,0.2,5,8,0.22050447008903515
quantile,200,0.2,5.0,0.2,5,8,0.3829865374185002
huber,200,0.2,5.0,0.2,5,8,0.2297015708516728
linear,200,0.2,5.0,0.2,5,9,0.20255773096432272
quantile,200,0.2,5.0,0.2,5,9,0.26189071359517346
huber,200,0.2,5.0,0.2,5,9,0.17267300413836334
linear,200,0.2,5.0,0.2,5,10,0.2800860716368075
quantile,200,0.2,5.0,0.2,5,10,0.2963755772970452
huber,200,0.2,5.0,0.2,5,10,0.3005069558171813
linear,200,0.2,5.0,0.2,5,11,0.2661017250284265
quantile,200,0.2,5.0,0.2,5,11,0.3160622418054635
huber,200,0.2,5.0,0.2,5,11,0.23978621533083008
linear,200,0.2,5.0,0.2,5,12,0.2777628740840419
quantile,200,0.2,5.0,0.2,5,12,0.31871588554780395
huber,200,0.2,5.0,0.2,5,12,0.25939077473221683
linear,200,0.2,5.0,0.2,5,13,0.22925731999340085
quantile,200,0.2,5.0,0.2,5,13,0.3247928282401551
huber,200,0.2,5.0,0.2,5,13,0.235731389703442
linear,200,0.2,5.0,0.2,5,14,0.19823054378770902
quantile,200,0.2,5.0,0.2,5,14,0.4358385182240553
huber,200,0.2,5.0,0.2,5,14,0.26811878715901916
linear,200,0.2,5.0,0.2,5,15,0.19015416381726696
quantile,200,0.2,5.0,0.2,5,15,0.3444133564278156
huber,200,0.2,5.0,0.2,5,15,0.20212844888141995
linear,200,0.2,5.0,0.2,5,16,0.20359393583510155
quantile,200,0.2,5.0,0.2,5,16,0.3559406188740492
huber,200,0.2,5.0,0.2,5,16,0.25543301087964687
linear,200,0.2,5.0,0.2,5,17,0.2549590055891565
quantile,200,0.2,5.0,0.2,5,17,0.22141914653722078
huber,200,0.2,5.0,0.2,5,17,0.1863647973098107
linear,200,0.2,5.0,0.2,5,18,0.24971254742080307
quantile,200,0.2,5.0,0.2,5,18,0.4077921010532727
huber,200,0.2,5.0,0.2,5,18,0.30088810664299825
linear,200,0.2,5.0,0.2,5,19,0.16522928188141947
quantile,200,0.2,5.0,0.2,5,19,0.1690239991694792
huber,200,0.2,5.0,0.2,5,19,0.1947522374344644
linear,200,0.2,5.0,0.2,5,20,0.3163963305337587
quantile,200,0.2,5.0,0.2,5,20,0.3860880974051034
huber,200,0.2,5.0,0.2,5,20,0.2801373141202351
linear,200,0.2,5.0,0.2,5,21,0.45368784431360254
quantile,200,0.2,5.0,0.2,5,21,0.4438094332816005
huber,200,0.2,5.0,0.2,5,21,0.3633179457852792
linear,200,0.2,5.0,0.2,5,22,0.2815777278230911
quantile,200,0.2,5.0,0.2,5,22,0.44135497658931755
huber,200,0.2,5.0,0.2,5,22,0.28420765382130675
linear,200,0.2,5.0,0.2,5,23,0.247205909245218
quantile,200,0.2,5.0,0.2,5,23,0.37416292828836256
huber,200,0.2,5.0,0.2,5,23,0.25330923351513324
linear,200,0.2,5.0,0.2,5,24,0.22637997185479825
quantile,200,0.2,5.0,0.2,5,24,0.2527933409873474
huber,200,0.2,5.0,0.2,5,24,0.17438006895143038
linear,200,0.2,5.0,0.2,5,25,0.25798953354267123
quantile,200,0.2,5.0,0.2,5,25,0.17540773783983202
huber,200,0.2,5.0,0.2,5,25,0.17534120058977534
linear,200,0.2,5.0,0.2,5,26,0.18689285304794948
quantile,200,0.2,5.0,0.2,5,26,0.16279471632649373
huber,200,0.2,5.0,0.2,5,26,0.18221944050485572
linear,200,0.2,5.0,0.2,5,27,0.1887499929517619
quantile,200,0.2,5.0,0.2,5,27,0.2948274627166688
huber,200,0.2,5.0,0.2,5,27,0.2038598008317188
linear,200,0.2,5.0,0.2,5,28,0.2127167808172799
quantile,200,0.2,5.0,0.2,5,28,0.33878585856626053
huber,200,0.2,5.0,0.2,5,28,0.19318351577331608
linear,200,0.2,5.0,0.2,5,29,0.24880833166142335
quantile,200,0.2,5.0,0.2,5,29,0.3053049642389368
huber,200,0.2,5.0,0.2,5,29,0.29396998365223054
linear,200,0.2,5.0,0.2,10,0,0.17528891182972564
quantile,200,0.2,5.0,0.2,10,0,0.206483338732884
huber,200,0.2,5.0,0.2,10,0,0.13229350153742692
linear,200,0.2,5.0,0.2,10,1,0.3315444645443242
quantile,200,0.2,5.0,0.2,10,1,0.2565430050790286
huber,200,0.2,5.0,0.2,10,1,0.1898430068529551
linear,200,0.2,5.0,0.2,10,2,0.20354879751879518
quantile,200,0.2,5.0,0.2,10,2,0.2317278973294943
huber,200,0.2,5.0,0.2,10,2,0.19407905432874145
linear,200,0.2,5.0,0.2,10,3,0.3258122650182239
quantile,200,0.2,5.0,0.2,10,3,0.5865946888194451
huber,200,0.2,5.0,0.2,10,3,0.35291094547287855
linear,200,0.2,5.0,0.2,10,4,0.2654057138047435
quantile,200,0.2,5.0,0.2,10,4,0.23960461797928406
huber,200,0.2,5.0,0.2,10,4,0.2126203444040934
linear,200,0.2,5.0,0.2,10,5,0.19415414168274495
quantile,200,0.2,5.0,0.2,10,5,0.2884728532941165
huber,200,0.2,5.0,0.2,10,5,0.2301533228890726
linear,200,0.2,5.0,0.2,10,6,0.22177786586503298
quantile,200,0.2,5.0,0.2,10,6,0.22674584098507622
huber,200,0.2,5.0,0.2,10,6,0.19607885901190647
linear,200,0.2,5.0,0.2,10,7,0.29951302773611443
quantile,200,0.2,5.0,0.2,10,7,0.41140734518362176
huber,200,0.2,5.0,0.2,10,7,0.27696253425176054
linear,200,0.2,5.0,0.2,10,8,0.24139720209430882
quantile,200,0.2,5.0,0.2,10,8,0.3143679394085026
huber,200,0.2,5.0,0.2,10,8,0.25006040219294323
linear,200,0.2,5.0,0.2,10,9,0.24686998763564194
quantile,200,0.2,5.0,0.2,10,9,0.27678133710305886
huber,200,0.2,5.0,0.2,10,9,0.20896867939867364
linear,200,0.2,5.0,0.2,10,10,0.271452740837059
quantile,200,0.2,5.0,0.2,10,10,0.41267142030495646
huber,200,0.2,5.0,0.2,10,10,0.28946634934325866
linear,200,0.2,5.0,0.2,10,11,0.18891312166197774
quantile,200,0.2,5.0,0.2,10,11,0.22909318661959327
huber,200,0.2,5.0,0.2,10,11,0.18154395555067215
linear,200,0.2,5.0,0.2,10,12,0.20807767293687085
quantile,200,0.2,5.0,0.2,10,12,0.24930822798490088
huber,200,0.2,5.0,0.2,10,12,0.20079320343868817
linear,200,0.2,5.0,0.2,10,13,0.19369783617322134
quantile,200,0.2,5.0,0.2,10,13,0.4095738705730966
huber,200,0.2,5.0,0.2,10,13,0.3141517459018782
linear,200,0.2,5.0,0.2,10,14,0.2152112199891581
quantile,200,0.2,5.0,0.2,10,14,0.2812352627334941
huber,200,0.2,5.0,0.2,10,14,0.2080820724792556
linear,200,0.2,5.0,0.2,10,15,0.3060879770369822
quantile,200,0.2,5.0,0.2,10,15,0.22929043454429168
huber,200,0.2,5.0,0.2,10,15,0.21235114447632208
linear,200,0.2,5.0,0.2,10,16,0.19406027778668475
quantile,200,0.2,5.0,0.2,10,16,0.22027383047539362
huber,200,0.2,5.0,0.2,10,16,0.1671258626450409
linear,200,0.2,5.0,0.2,10,17,0.18863250536796433
quantile,200,0.2,5.0,0.2,10,17,0.25725498202174935
huber,200,0.2,5.0,0.2,10,17,0.16756762774526496
linear,200,0.2,5.0,0.2,10,18,0.26012327052733797
quantile,200,0.2,5.0,0.2,10,18,0.36692996134455225
huber,200,0.2,5.0,0.2,10,18,0.26819582640735806
linear,200,0.2,5.0,0.2,10,19,0.24447057057201424
quantile,200,0.2,5.0,0.2,10,19,0.41375928559549946
huber,200,0.2,5.0,0.2,10,19,0.3168039135416181
linear,200,0.2,5.0,0.2,10,20,0.3614648691452922
quantile,200,0.2,5.0,0.2,10,20,0.3639773498065011
huber,200,0.2,5.0,0.2,10,20,0.3004876223050358
linear,200,0.2,5.0,0.2,10,21,0.21272409961563082
quantile,200,0.2,5.0,0.2,10,21,0.27020737679621554
huber,200,0.2,5.0,0.2,10,21,0.18082218481697698
linear,200,0.2,5.0,0.2,10,22,0.20181393714202267
quantile,200,0.2,5.0,0.2,10,22,0.18080931206122802
huber,200,0.2,5.0,0.2,10,22,0.16499043150421333
linear,200,0.2,5.0,0.2,10,23,0.3429051651561853
quantile,200,0.2,5.0,0.2,10,23,0.4092558230862391
huber,200,0.2,5.0,0.2,10,23,0.327090644759501
linear,200,0.2,5.0,0.2,10,24,0.35391868667960896
quantile,200,0.2,5.0,0.2,10,24,0.3302789443530069
huber,200,0.2,5.0,0.2,10,24,0.27575375554388526
linear,200,0.2,5.0,0.2,10,25,0.2943257622592972
quantile,200,0.2,5.0,0.2,10,25,0.30615884841554813
huber,200,0.2,5.0,0.2,10,25,0.23791004024293838
linear,200,0.2,5.0,0.2,10,26,0.20381765019743237
quantile,200,0.2,5.0,0.2,10,26,0.1819651915212625
huber,200,0.2,5.0,0.2,10,26,0.14026890531209935
linear,200,0.2,5.0,0.2,10,27,0.18005538086238543
quantile,200,0.2,5.0,0.2,10,27,0.2231765935546991
huber,200,0.2,5.0,0.2,10,27,0.14494138376376092
linear,200,0.2,5.0,0.2,10,28,0.3615819073235111
quantile,200,0.2,5.0,0.2,10,28,0.23526174586386983
huber,200,0.2,5.0,0.2,10,28,0.2643739092028004
linear,200,0.2,5.0,0.2,10,29,0.15449383362141828
quantile,200,0.2,5.0,0.2,10,29,0.12782817035818433
huber,200,0.2,5.0,0.2,10,29,0.11677891911364319
linear,200,0.2,10.0,0.2,1,0,0.3626980601857138
quantile,200,0.2,10.0,0.2,1,0,0.33662512599100836
huber,200,0.2,10.0,0.2,1,0,0.34383212697228993
linear,200,0.2,10.0,0.2,1,1,0.29675371916023563
quantile,200,0.2,10.0,0.2,1,1,0.40499648417237677
huber,200,0.2,10.0,0.2,1,1,0.30843282388164805
linear,200,0.2,10.0,0.2,1,2,0.29836641940495096
quantile,200,0.2,10.0,0.2,1,2,0.43466296958853806
huber,200,0.2,10.0,0.2,1,2,0.28908472265829077
linear,200,0.2,10.0,0.2,1,3,0.29969557555620463
quantile,200,0.2,10.0,0.2,1,3,0.3912225944148211
huber,200,0.2,10.0,0.2,1,3,0.32787169814597616
linear,200,0.2,10.0,0.2,1,4,0.2783552241784055
quantile,200,0.2,10.0,0.2,1,4,0.3014225494762083
huber,200,0.2,10.0,0.2,1,4,0.2823778714436604
linear,200,0.2,10.0,0.2,1,5,0.18143413553651044
quantile,200,0.2,10.0,0.2,1,5,0.3417254901734761
huber,200,0.2,10.0,0.2,1,5,0.2537593482319384
linear,200,0.2,10.0,0.2,1,6,0.4005966760051642
quantile,200,0.2,10.0,0.2,1,6,0.6570089079067631
huber,200,0.2,10.0,0.2,1,6,0.4369405364731269
linear,200,0.2,10.0,0.2,1,7,0.24428554120627666
quantile,200,0.2,10.0,0.2,1,7,0.27293609209553593
huber,200,0.2,10.0,0.2,1,7,0.2113703988235286
linear,200,0.2,10.0,0.2,1,8,0.31584217037058077
quantile,200,0.2,10.0,0.2,1,8,0.387217947207121
huber,200,0.2,10.0,0.2,1,8,0.33561208760242356
linear,200,0.2,10.0,0.2,1,9,0.29074831896900366
quantile,200,0.2,10.0,0.2,1,9,0.3068274429391103
huber,200,0.2,10.0,0.2,1,9,0.2754002550678644
linear,200,0.2,10.0,0.2,1,10,0.28815688441070114
quantile,200,0.2,10.0,0.2,1,10,0.33061845749081176
huber,200,0.2,10.0,0.2,1,10,0.2744704359237339
linear,200,0.2,10.0,0.2,1,11,0.31504349767383694
quantile,200,0.2,10.0,0.2,1,11,0.2607348885080121
huber,200,0.2,10.0,0.2,1,11,0.286300383620828
linear,200,0.2,10.0,0.2,1,12,0.2559853179891324
quantile,200,0.2,10.0,0.2,1,12,0.3329667132074225
huber,200,0.2,10.0,0.2,1,12,0.22914578038682873
linear,200,0.2,10.0,0.2,1,13,0.23520092289572675
quantile,200,0.2,10.0,0.2,1,13,0.2369412426695588
huber,200,0.2,10.0,0.2,1,13,0.19941876488667484
linear,200,0.2,10.0,0.2,1,14,0.310447978537869
quantile,200,0.2,10.0,0.2,1,14,0.4557603980009778
huber,200,0.2,10.0,0.2,1,14,0.3355649233001655
linear,200,0.2,10.0,0.2,1,15,0.1698559052429795
quantile,200,0.2,10.0,0.2,1,15,0.16763577433425708
huber,200,0.2,10.0,0.2,1,15,0.1456329499412417
linear,200,0.2,10.0,0.2,1,16,0.5153161461576498
quantile,200,0.2,10.0,0.2,1,16,0.645655128254238
huber,200,0.2,10.0,0.2,1,16,0.45544536889631526
linear,200,0.2,10.0,0.2,1,17,0.21402463167621907
quantile,200,0.2,10.0,0.2,1,17,0.4944170149193054
huber,200,0.2,10.0,0.2,1,17,0.2527638456730934
linear,200,0.2,10.0,0.2,1,18,0.39504032578621856
quantile,200,0.2,10.0,0.2,1,18,0.5463676642100149
huber,200,0.2,10.0,0.2,1,18,0.4326453681572302
linear,200,0.2,10.0,0.2,1,19,0.17678106493356893
quantile,200,0.2,10.0,0.2,1,19,0.3366534977753367
huber,200,0.2,10.0,0.2,1,19,0.28534878162987354
linear,200,0.2,10.0,0.2,1,20,0.16319939129861716
quantile,200,0.2,10.0,0.2,1,20,0.24478863395309303
huber,200,0.2,10.0,0.2,1,20,0.17783122032660975
linear,200,0.2,10.0,0.2,1,21,0.16001508193507982
quantile,200,0.2,10.0,0.2,1,21,0.25464516970629886
huber,200,0.2,10.0,0.2,1,21,0.16486700809080929
linear,200,0.2,10.0,0.2,1,22,0.2953924014355841
quantile,200,0.2,10.0,0.2,1,22,0.38737735897414843
huber,200,0.2,10.0,0.2,1,22,0.2688345348206972
linear,200,0.2,10.0,0.2,1,23,0.14379137657920177
quantile,200,0.2,10.0,0.2,1,23,0.28852975504041856
huber,200,0.2,10.0,0.2,1,23,0.1342977506484029
linear,200,0.2,10.0,0.2,1,24,0.37289569656240856
quantile,200,0.2,10.0,0.2,1,24,0.36151821389220173
huber,200,0.2,10.0,0.2,1,24,0.3132164006652094
linear,200,0.2,10.0,0.2,1,25,0.20023416617639994
quantile,200,0.2,10.0,0.2,1,25,0.26304713183654865
huber,200,0.2,10.0,0.2,1,25,0.1736579015336392
linear,200,0.2,10.0,0.2,1,26,0.33643075357186647
quantile,200,0.2,10.0,0.2,1,26,0.3586453641486377
huber,200,0.2,10.0,0.2,1,26,0.28694645170364597
linear,200,0.2,10.0,0.2,1,27,0.2935267356143007
quantile,200,0.2,10.0,0.2,1,27,0.34379226395434015
huber,200,0.2,10.0,0.2,1,27,0.2917283145185623
linear,200,0.2,10.0,0.2,1,28,0.396907049788668
quantile,200,0.2,10.0,0.2,1,28,0.5530032922367372
huber,200,0.2,10.0,0.2,1,28,0.4372105053194001
linear,200,0.2,10.0,0.2,1,29,0.3428937603027184
quantile,200,0.2,10.0,0.2,1,29,0.47166621139791176
huber,200,0.2,10.0,0.2,1,29,0.34953935386584295
linear,200,0.2,10.0,0.2,5,0,0.15886415708416934
quantile,200,0.2,10.0,0.2,5,0,0.24455604568766376
huber,200,0.2,10.0,0.2,5,0,0.19227554305459682
linear,200,0.2,10.0,0.2,5,1,0.31347717587966334
quantile,200,0.2,10.0,0.2,5,1,0.29986640559066646
huber,200,0.2,10.0,0.2,5,1,0.2956088894129232
linear,200,0.2,10.0,0.2,5,2,0.2895804770856396
quantile,200,0.2,10.0,0.2,5,2,0.2787240069700874
huber,200,0.2,10.0,0.2,5,2,0.2595648281417643
linear,200,0.2,10.0,0.2,5,3,0.25359167222702605
quantile,200,0.2,10.0,0.2,5,3,0.32474126781138035
huber,200,0.2,10.0,0.2,5,3,0.28237421783156497
linear,200,0.2,10.0,0.2,5,4,0.22329770184179612
quantile,200,0.2,10.0,0.2,5,4,0.3608876130360117
huber,200,0.2,10.0,0.2,5,4,0.22026628837264384
linear,200,0.2,10.0,0.2,5,5,0.28512184142976327
quantile,200,0.2,10.0,0.2,5,5,0.4720023163047886
huber,200,0.2,10.0,0.2,5,5,0.30865780441583474
linear,200,0.2,10.0,0.2,5,6,0.16469666501051072
quantile,200,0.2,10.0,0.2,5,6,0.2833973126145771
huber,200,0.2,10.0,0.2,5,6,0.16400507264928005
linear,200,0.2,10.0,0.2,5,7,0.19692927006368272
quantile,200,0.2,10.0,0.2,5,7,0.2446897662549489
huber,200,0.2,10.0,0.2,5,7,0.1630771265422714
linear,200,0.2,10.0,0.2,5,8,0.17098975295728258
quantile,200,0.2,10.0,0.2,5,8,0.3048013181965058
huber,200,0.2,10.0,0.2,5,8,0.2714050507063873
linear,200,0.2,10.0,0.2,5,9,0.2857789627006415
quantile,200,0.2,10.0,0.2,5,9,0.47614420238795696
huber,200,0.2,10.0,0.2,5,9,0.3240178833397298
linear,200,0.2,10.0,0.2,5,10,0.3001857021405947
quantile,200,0.2,10.0,0.2,5,10,0.3297979157845098
huber,200,0.2,10.0,0.2,5,10,0.3062060558558384
linear,200,0.2,10.0,0.2,5,11,0.32943734040790995
quantile,200,0.2,10.0,0.2,5,11,0.47982455166292914
huber,200,0.2,10.0,0.2,5,11,0.3213634781593889
linear,200,0.2,10.0,0.2,5,12,0.2868480417505253
quantile,200,0.2,10.0,0.2,5,12,0.5338186677280927
huber,200,0.2,10.0,0.2,5,12,0.3574380196386812
linear,200,0.2,10.0,0.2,5,13,0.1734630029438171
quantile,200,0.2,10.0,0.2,5,13,0.28156780834490136
huber,200,0.2,10.0,0.2,5,13,0.17378593510771267
linear,200,0.2,10.0,0.2,5,14,0.2601904884462414
quantile,200,0.2,10.0,0.2,5,14,0.3397803606659193
huber,200,0.2,10.0,0.2,5,14,0.3072859083386496
linear,200,0.2,10.0,0.2,5,15,0.17457068928527925
quantile,200,0.2,10.0,0.2,5,15,0.34244260481342015
huber,200,0.2,10.0,0.2,5,15,0.2667586390984108
linear,200,0.2,10.0,0.2,5,16,0.2924106798796834
quantile,200,0.2,10.0,0.2,5,16,0.28590414093225247
huber,200,0.2,10.0,0.2,5,16,0.19986194026763082
linear,200,0.2,10.0,0.2,5,17,0.25814344482773327
quantile,200,0.2,10.0,0.2,5,17,0.34077620588397883
huber,200,0.2,10.0,0.2,5,17,0.316305147997189
linear,200,0.2,10.0,0.2,5,18,0.21700748315938834
quantile,200,0.2,10.0,0.2,5,18,0.28160675871274493
huber,200,0.2,10.0,0.2,5,18,0.20477677770728836
linear,200,0.2,10.0,0.2,5,19,0.18875948790156843
quantile,200,0.2,10.0,0.2,5,19,0.31614008504264957
huber,200,0.2,10.0,0.2,5,19,0.17994807275895763
linear,200,0.2,10.0,0.2,5,20,0.30873788814590564
quantile,200,0.2,10.0,0.2,5,20,0.25208425375959786
huber,200,0.2,10.0,0.2,5,20,0.27472193243366516
linear,200,0.2,10.0,0.2,5,21,0.18546169189253356
quantile,200,0.2,10.0,0.2,5,21,0.27833299218666074
huber,200,0.2,10.0,0.2,5,21,0.20489031867408922
linear,200,0.2,10.0,0.2,5,22,0.2700832813640733
quantile,200,0.2,10.0,0.2,5,22,0.4675148274337955
huber,200,0.2,10.0,0.2,5,22,0.3338466240565385
linear,200,0.2,10.0,0.2,5,23,0.4559214202699587
quantile,200,0.2,10.0,0.2,5,23,0.640370045839618
huber,200,0.2,10.0,0.2,5,23,0.5038416936929975
linear,200,0.2,10.0,0.2,5,24,0.3839807835221813
quantile,200,0.2,10.0,0.2,5,24,0.33234620465012676
huber,200,0.2,10.0,0.2,5,24,0.3293230869549776
linear,200,0.2,10.0,0.2,5,25,0.25456545690813714
quantile,200,0.2,10.0,0.2,5,25,0.30901658776379903
huber,200,0.2,10.0,0.2,5,25,0.2536424639880025
linear,200,0.2,10.0,0.2,5,26,0.2504193095352754
quantile,200,0.2,10.0,0.2,5,26,0.3700310069504209
huber,200,0.2,10.0,0.2,5,26,0.2511045286025325
linear,200,0.2,10.0,0.2,5,27,0.21864458828748504
quantile,200,0.2,10.0,0.2,5,27,0.19961797264122985
huber,200,0.2,10.0,0.2,5,27,0.2144663403614366
linear,200,0.2,10.0,0.2,5,28,0.22156374186008818
quantile,200,0.2,10.0,0.2,5,28,0.4859230093560565
huber,200,0.2,10.0,0.2,5,28,0.26670692364432347
linear,200,0.2,10.0,0.2,5,29,0.22900263542102617
quantile,200,0.2,10.0,0.2,5,29,0.4930554391670461
huber,200,0.2,10.0,0.2,5,29,0.32612345114767904
linear,200,0.2,10.0,0.2,10,0,0.4089207130966906
quantile,200,0.2,10.0,0.2,10,0,0.5052361568423451
huber,200,0.2,10.0,0.2,10,0,0.41315211065352175
linear,200,0.2,10.0,0.2,10,1,0.22834134365809514
quantile,200,0.2,10.0,0.2,10,1,0.29045974950286424
huber,200,0.2,10.0,0.2,10,1,0.22924726581114874
linear,200,0.2,10.0,0.2,10,2,0.20714982635759854
quantile,200,0.2,10.0,0.2,10,2,0.30000495190940546
huber,200,0.2,10.0,0.2,10,2,0.18960829921523137
linear,200,0.2,10.0,0.2,10,3,0.3102048184468599
quantile,200,0.2,10.0,0.2,10,3,0.33138244941669426
huber,200,0.2,10.0,0.2,10,3,0.31601546074549386
linear,200,0.2,10.0,0.2,10,4,0.34085845953867666
quantile,200,0.2,10.0,0.2,10,4,0.36564014039257153
huber,200,0.2,10.0,0.2,10,4,0.39963962789284774
linear,200,0.2,10.0,0.2,10,5,0.28304803711439824
quantile,200,0.2,10.0,0.2,10,5,0.4010543606601824
huber,200,0.2,10.0,0.2,10,5,0.3439407649992411
linear,200,0.2,10.0,0.2,10,6,0.24899969746387143
quantile,200,0.2,10.0,0.2,10,6,0.4680233135627699
huber,200,0.2,10.0,0.2,10,6,0.3332542474407091
linear,200,0.2,10.0,0.2,10,7,0.23819799050492
quantile,200,0.2,10.0,0.2,10,7,0.25327656762204553
huber,200,0.2,10.0,0.2,10,7,0.2618512031994057
linear,200,0.2,10.0,0.2,10,8,0.2615857301135507
quantile,200,0.2,10.0,0.2,10,8,0.39231669377416756
huber,200,0.2,10.0,0.2,10,8,0.28616506693264704
linear,200,0.2,10.0,0.2,10,9,0.263323319213448
quantile,200,0.2,10.0,0.2,10,9,0.4023974019850998
huber,200,0.2,10.0,0.2,10,9,0.31676384320605877
linear,200,0.2,10.0,0.2,10,10,0.3749903101678663
quantile,200,0.2,10.0,0.2,10,10,0.35929662667048884
huber,200,0.2,10.0,0.2,10,10,0.3269444611485153
linear,200,0.2,10.0,0.2,10,11,0.21997398478084979
quantile,200,0.2,10.0,0.2,10,11,0.3190674756932462
huber,200,0.2,10.0,0.2,10,11,0.24863665036763652
linear,200,0.2,10.0,0.2,10,12,0.17195483530593214
quantile,200,0.2,10.0,0.2,10,12,0.2742382702055828
huber,200,0.2,10.0,0.2,10,12,0.21680579085308785
linear,200,0.2,10.0,0.2,10,13,0.27770607633480066
quantile,200,0.2,10.0,0.2,10,13,0.4138837488221163
huber,200,0.2,10.0,0.2,10,13,0.2590399867020223
linear,200,0.2,10.0,0.2,10,14,0.19741001283313925
quantile,200,0.2,10.0,0.2,10,14,0.3219183807697812
huber,200,0.2,10.0,0.2,10,14,0.201301616585312
linear,200,0.2,10.0,0.2,10,15,0.22754734953694294
quantile,200,0.2,10.0,0.2,10,15,0.31122594318416796
huber,200,0.2,10.0,0.2,10,15,0.1989614179406184
linear,200,0.2,10.0,0.2,10,16,0.19131821158651702
quantile,200,0.2,10.0,0.2,10,16,0.37913131915070997
huber,200,0.2,10.0,0.2,10,16,0.22223300297387452
linear,200,0.2,10.0,0.2,10,17,0.30818645875181727
quantile,200,0.2,10.0,0.2,10,17,0.33236003584166807
huber,200,0.2,10.0,0.2,10,17,0.3136149738607881
linear,200,0.2,10.0,0.2,10,18,0.19674758057368452
quantile,200,0.2,10.0,0.2,10,18,0.27053170900621665
huber,200,0.2,10.0,0.2,10,18,0.17226334879964292
linear,200,0.2,10.0,0.2,10,19,0.27002605103519656
quantile,200,0.2,10.0,0.2,10,19,0.304883143935044
huber,200,0.2,10.0,0.2,10,19,0.27665425034062546
linear,200,0.2,10.0,0.2,10,20,0.2890591749227185
quantile,200,0.2,10.0,0.2,10,20,0.34072082215698485
huber,200,0.2,10.0,0.2,10,20,0.26647838649278255
linear,200,0.2,10.0,0.2,10,21,0.2226155825544225
quantile,200,0.2,10.0,0.2,10,21,0.39805625165125813
huber,200,0.2,10.0,0.2,10,21,0.2156762052820314
linear,200,0.2,10.0,0.2,10,22,0.34802301315692274
quantile,200,0.2,10.0,0.2,10,22,0.36646734664470376
huber,200,0.2,10.0,0.2,10,22,0.3192142016378763
linear,200,0.2,10.0,0.2,10,23,0.19470890507604183
quantile,200,0.2,10.0,0.2,10,23,0.2190945236887074
huber,200,0.2,10.0,0.2,10,23,0.20289221914106093
linear,200,0.2,10.0,0.2,10,24,0.32879069064421834
quantile,200,0.2,10.0,0.2,10,24,0.3634725262873121
huber,200,0.2,10.0,0.2,10,24,0.325402024026338
linear,200,0.2,10.0,0.2,10,25,0.20458304204324404
quantile,200,0.2,10.0,0.2,10,25,0.25159891447315563
huber,200,0.2,10.0,0.2,10,25,0.16847854310524413
linear,200,0.2,10.0,0.2,10,26,0.1916058562663011
quantile,200,0.2,10.0,0.2,10,26,0.23282973284766445
huber,200,0.2,10.0,0.2,10,26,0.1782163816219651
linear,200,0.2,10.0,0.2,10,27,0.14425128840889218
quantile,200,0.2,10.0,0.2,10,27,0.3015410681839734
huber,200,0.2,10.0,0.2,10,27,0.19565866219165517
linear,200,0.2,10.0,0.2,10,28,0.20787831746227906
quantile,200,0.2,10.0,0.2,10,28,0.2968757674755785
huber,200,0.2,10.0,0.2,10,28,0.29168412659845044
linear,200,0.2,10.0,0.2,10,29,0.14905178730027185
quantile,200,0.2,10.0,0.2,10,29,0.3270937677265016
huber,200,0.2,10.0,0.2,10,29,0.21998502856759267
linear,200,0.2,15.0,0.2,1,0,0.3409667340025144
quantile,200,0.2,15.0,0.2,1,0,0.5036800442660829
huber,200,0.2,15.0,0.2,1,0,0.4277982264628115
linear,200,0.2,15.0,0.2,1,1,0.24560489951028774
quantile,200,0.2,15.0,0.2,1,1,0.3750969131741038
huber,200,0.2,15.0,0.2,1,1,0.2598932894647741
linear,200,0.2,15.0,0.2,1,2,0.2623621273362397
quantile,200,0.2,15.0,0.2,1,2,0.25100360857460424
huber,200,0.2,15.0,0.2,1,2,0.20543911214465588
linear,200,0.2,15.0,0.2,1,3,0.2788371299993123
quantile,200,0.2,15.0,0.2,1,3,0.3658352551338169
huber,200,0.2,15.0,0.2,1,3,0.30849609300882896
linear,200,0.2,15.0,0.2,1,4,0.21548886149846552
quantile,200,0.2,15.0,0.2,1,4,0.3659818080648844
huber,200,0.2,15.0,0.2,1,4,0.26927783488075324
linear,200,0.2,15.0,0.2,1,5,0.185531269641679
quantile,200,0.2,15.0,0.2,1,5,0.3368679164022246
huber,200,0.2,15.0,0.2,1,5,0.21930583504147214
linear,200,0.2,15.0,0.2,1,6,0.24146342114581568
quantile,200,0.2,15.0,0.2,1,6,0.25091978783960933
huber,200,0.2,15.0,0.2,1,6,0.26732815239634383
linear,200,0.2,15.0,0.2,1,7,0.12622335650751737
quantile,200,0.2,15.0,0.2,1,7,0.24296824667255715
huber,200,0.2,15.0,0.2,1,7,0.17871619471782604
linear,200,0.2,15.0,0.2,1,8,0.46224818116469035
quantile,200,0.2,15.0,0.2,1,8,0.5555758028617019
huber,200,0.2,15.0,0.2,1,8,0.44847784998409324
linear,200,0.2,15.0,0.2,1,9,0.24551960811226659
quantile,200,0.2,15.0,0.2,1,9,0.5025595817645175
huber,200,0.2,15.0,0.2,1,9,0.33015237795117686
linear,200,0.2,15.0,0.2,1,10,0.24865758709489846
quantile,200,0.2,15.0,0.2,1,10,0.3591802797352944
huber,200,0.2,15.0,0.2,1,10,0.281388414481835
linear,200,0.2,15.0,0.2,1,11,0.2267750074691563
quantile,200,0.2,15.0,0.2,1,11,0.28946248270233266
huber,200,0.2,15.0,0.2,1,11,0.2135730406305702
linear,200,0.2,15.0,0.2,1,12,0.2885538187939791
quantile,200,0.2,15.0,0.2,1,12,0.6247337812043026
huber,200,0.2,15.0,0.2,1,12,0.3710347843414572
linear,200,0.2,15.0,0.2,1,13,0.24975183959379274
quantile,200,0.2,15.0,0.2,1,13,0.4271484651799495
huber,200,0.2,15.0,0.2,1,13,0.30349278749962694
linear,200,0.2,15.0,0.2,1,14,0.2717295948632117
quantile,200,0.2,15.0,0.2,1,14,0.40449774308134523
huber,200,0.2,15.0,0.2,1,14,0.26452295905911377
linear,200,0.2,15.0,0.2,1,15,0.24110592567267775
quantile,200,0.2,15.0,0.2,1,15,0.46212795275038865
huber,200,0.2,15.0,0.2,1,15,0.3118871226737904
linear,200,0.2,15.0,0.2,1,16,0.2602185273130778
quantile,200,0.2,15.0,0.2,1,16,0.303887608220738
huber,200,0.2,15.0,0.2,1,16,0.22338253758453222
linear,200,0.2,15.0,0.2,1,17,0.36667343281271225
quantile,200,0.2,15.0,0.2,1,17,0.5626155226394822
huber,200,0.2,15.0,0.2,1,17,0.43383051949069806
linear,200,0.2,15.0,0.2,1,18,0.19831496059398473
quantile,200,0.2,15.0,0.2,1,18,0.3624613694911232
huber,200,0.2,15.0,0.2,1,18,0.22788112649612466
linear,200,0.2,15.0,0.2,1,19,0.2920355749059764
quantile,200,0.2,15.0,0.2,1,19,0.38302491054448945
huber,200,0.2,15.0,0.2,1,19,0.2781931698069416
linear,200,0.2,15.0,0.2,1,20,0.28695655608738896
quantile,200,0.2,15.0,0.2,1,20,0.4378890523462952
huber,200,0.2,15.0,0.2,1,20,0.3520048543350458
linear,200,0.2,15.0,0.2,1,21,0.30631253561028815
quantile,200,0.2,15.0,0.2,1,21,0.25845396877643984
huber,200,0.2,15.0,0.2,1,21,0.26227214467446885
linear,200,0.2,15.0,0.2,1,22,0.4030254499051722
quantile,200,0.2,15.0,0.2,1,22,0.5419904735880792
huber,200,0.2,15.0,0.2,1,22,0.4386443245867782
linear,200,0.2,15.0,0.2,1,23,0.2435358423770831
quantile,200,0.2,15.0,0.2,1,23,0.507201681878956
huber,200,0.2,15.0,0.2,1,23,0.3605795254998593
linear,200,0.2,15.0,0.2,1,24,0.2779328835349714
quantile,200,0.2,15.0,0.2,1,24,0.6207282127903664
huber,200,0.2,15.0,0.2,1,24,0.4596108370645303
linear,200,0.2,15.0,0.2,1,25,0.30651188731739376
quantile,200,0.2,15.0,0.2,1,25,0.3678016503201912
huber,200,0.2,15.0,0.2,1,25,0.27538052691048454
linear,200,0.2,15.0,0.2,1,26,0.3112818244304272
quantile,200,0.2,15.0,0.2,1,26,0.23308435720598913
huber,200,0.2,15.0,0.2,1,26,0.2528188769229402
linear,200,0.2,15.0,0.2,1,27,0.2492336200003385
quantile,200,0.2,15.0,0.2,1,27,0.2803631724135891
huber,200,0.2,15.0,0.2,1,27,0.2220674188360406
linear,200,0.2,15.0,0.2,1,28,0.2938981309126457
quantile,200,0.2,15.0,0.2,1,28,0.5318090283539249
huber,200,0.2,15.0,0.2,1,28,0.34459935666573704
linear,200,0.2,15.0,0.2,1,29,0.43802636603977896
quantile,200,0.2,15.0,0.2,1,29,0.6624780024285783
huber,200,0.2,15.0,0.2,1,29,0.48948624976164784
linear,200,0.2,15.0,0.2,5,0,0.19773968576620657
quantile,200,0.2,15.0,0.2,5,0,0.40896258199225277
huber,200,0.2,15.0,0.2,5,0,0.24235679465489743
linear,200,0.2,15.0,0.2,5,1,0.2946640279698933
quantile,200,0.2,15.0,0.2,5,1,0.30653638821529183
huber,200,0.2,15.0,0.2,5,1,0.24046562263676505
linear,200,0.2,15.0,0.2,5,2,0.22756845502820075
quantile,200,0.2,15.0,0.2,5,2,0.44956523261667897
huber,200,0.2,15.0,0.2,5,2,0.2616489559247754
linear,200,0.2,15.0,0.2,5,3,0.2588974256672356
quantile,200,0.2,15.0,0.2,5,3,0.35429594243112295
huber,200,0.2,15.0,0.2,5,3,0.25418686094538556
linear,200,0.2,15.0,0.2,5,4,0.3753669349779889
quantile,200,0.2,15.0,0.2,5,4,0.42963816160943213
huber,200,0.2,15.0,0.2,5,4,0.38936752603874564
linear,200,0.2,15.0,0.2,5,5,0.2925925110417513
quantile,200,0.2,15.0,0.2,5,5,0.34413643365481594
huber,200,0.2,15.0,0.2,5,5,0.2731098335828248
linear,200,0.2,15.0,0.2,5,6,0.19026548931547538
quantile,200,0.2,15.0,0.2,5,6,0.3414333575771061
huber,200,0.2,15.0,0.2,5,6,0.19615721470401143
linear,200,0.2,15.0,0.2,5,7,0.3058072814185122
quantile,200,0.2,15.0,0.2,5,7,0.5457272606027338
huber,200,0.2,15.0,0.2,5,7,0.31202371182814204
linear,200,0.2,15.0,0.2,5,8,0.28931559990650896
quantile,200,0.2,15.0,0.2,5,8,0.3843223365801476
huber,200,0.2,15.0,0.2,5,8,0.26640342071822254
linear,200,0.2,15.0,0.2,5,9,0.2559342494837538
quantile,200,0.2,15.0,0.2,5,9,0.41067975140089447
huber,200,0.2,15.0,0.2,5,9,0.3388540044004508
linear,200,0.2,15.0,0.2,5,10,0.34049371303518383
quantile,200,0.2,15.0,0.2,5,10,0.5456971293695753
huber,200,0.2,15.0,0.2,5,10,0.38186075344798276
linear,200,0.2,15.0,0.2,5,11,0.2104964831679842
quantile,200,0.2,15.0,0.2,5,11,0.33040928386099466
huber,200,0.2,15.0,0.2,5,11,0.2551991514338697
linear,200,0.2,15.0,0.2,5,12,0.42675922034827535
quantile,200,0.2,15.0,0.2,5,12,0.6010322882615474
huber,200,0.2,15.0,0.2,5,12,0.5184752240477721
linear,200,0.2,15.0,0.2,5,13,0.3079566661124193
quantile,200,0.2,15.0,0.2,5,13,0.3534511643624333
huber,200,0.2,15.0,0.2,5,13,0.29209201774471716
linear,200,0.2,15.0,0.2,5,14,0.18941257695344804
quantile,200,0.2,15.0,0.2,5,14,0.29235327368344893
huber,200,0.2,15.0,0.2,5,14,0.20937618840150005
linear,200,0.2,15.0,0.2,5,15,0.2304969976027263
quantile,200,0.2,15.0,0.2,5,15,0.35259667773347014
huber,200,0.2,15.0,0.2,5,15,0.2878805062469779
linear,200,0.2,15.0,0.2,5,16,0.28723125598423815
quantile,200,0.2,15.0,0.2,5,16,0.6855796645601355
huber,200,0.2,15.0,0.2,5,16,0.34211343951224005
linear,200,0.2,15.0,0.2,5,17,0.21924859798498492
quantile,200,0.2,15.0,0.2,5,17,0.338612433017539
huber,200,0.2,15.0,0.2,5,17,0.23292680645282277
linear,200,0.2,15.0,0.2,5,18,0.14062969267476652
quantile,200,0.2,15.0,0.2,5,18,0.20574847683554662
huber,200,0.2,15.0,0.2,5,18,0.16404584930670552
linear,200,0.2,15.0,0.2,5,19,0.23736783740088635
quantile,200,0.2,15.0,0.2,5,19,0.28411697427410043
huber,200,0.2,15.0,0.2,5,19,0.2464390346805065
linear,200,0.2,15.0,0.2,5,20,0.17781620206017795
quantile,200,0.2,15.0,0.2,5,20,0.2847162568399898
huber,200,0.2,15.0,0.2,5,20,0.17055790488460207
linear,200,0.2,15.0,0.2,5,21,0.2573131695100755
quantile,200,0.2,15.0,0.2,5,21,0.38236134152102896
huber,200,0.2,15.0,0.2,5,21,0.2761195538810835
linear,200,0.2,15.0,0.2,5,22,0.29512216196543684
quantile,200,0.2,15.0,0.2,5,22,0.2992204323787374
huber,200,0.2,15.0,0.2,5,22,0.30216323825356284
linear,200,0.2,15.0,0.2,5,23,0.33258070988559557
quantile,200,0.2,15.0,0.2,5,23,0.43879321724228604
huber,200,0.2,15.0,0.2,5,23,0.3649388408961196
linear,200,0.2,15.0,0.2,5,24,0.22462464646952435
quantile,200,0.2,15.0,0.2,5,24,0.27284210133533315
huber,200,0.2,15.0,0.2,5,24,0.2346399240025188
linear,200,0.2,15.0,0.2,5,25,0.28108709121413256
quantile,200,0.2,15.0,0.2,5,25,0.3464143926998621
huber,200,0.2,15.0,0.2,5,25,0.2383683537969199
linear,200,0.2,15.0,0.2,5,26,0.1525127923582508
quantile,200,0.2,15.0,0.2,5,26,0.30486704624801764
huber,200,0.2,15.0,0.2,5,26,0.1632717869487686
linear,200,0.2,15.0,0.2,5,27,0.25588025117506974
quantile,200,0.2,15.0,0.2,5,27,0.4105038291860462
huber,200,0.2,15.0,0.2,5,27,0.2551103046791799
linear,200,0.2,15.0,0.2,5,28,0.2726270048709283
quantile,200,0.2,15.0,0.2,5,28,0.3597120120742022
huber,200,0.2,15.0,0.2,5,28,0.32507111685047363
linear,200,0.2,15.0,0.2,5,29,0.29896012949615125
quantile,200,0.2,15.0,0.2,5,29,0.6648856912919148
huber,200,0.2,15.0,0.2,5,29,0.42734182812980614
linear,200,0.2,15.0,0.2,10,0,0.31977244305775676
quantile,200,0.2,15.0,0.2,10,0,0.6172067271351035
huber,200,0.2,15.0,0.2,10,0,0.39185186782534087
linear,200,0.2,15.0,0.2,10,1,0.31917863487816006
quantile,200,0.2,15.0,0.2,10,1,0.42633809674123446
huber,200,0.2,15.0,0.2,10,1,0.3067359107624782
linear,200,0.2,15.0,0.2,10,2,0.21413100184541534
quantile,200,0.2,15.0,0.2,10,2,0.3172973038590463
huber,200,0.2,15.0,0.2,10,2,0.278398869997592
linear,200,0.2,15.0,0.2,10,3,0.32426035772063344
quantile,200,0.2,15.0,0.2,10,3,0.3335230560710488
huber,200,0.2,15.0,0.2,10,3,0.26351465632564747
linear,200,0.2,15.0,0.2,10,4,0.22446223033153012
quantile,200,0.2,15.0,0.2,10,4,0.2785013566325341
huber,200,0.2,15.0,0.2,10,4,0.236998711279412
linear,200,0.2,15.0,0.2,10,5,0.2718650455402498
quantile,200,0.2,15.0,0.2,10,5,0.41078992192016306
huber,200,0.2,15.0,0.2,10,5,0.2509594575127392
linear,200,0.2,15.0,0.2,10,6,0.16446060723167383
quantile,200,0.2,15.0,0.2,10,6,0.36189314911320597
huber,200,0.2,15.0,0.2,10,6,0.18616030238962689
linear,200,0.2,15.0,0.2,10,7,0.2540861130839394
quantile,200,0.2,15.0,0.2,10,7,0.31661692113859474
huber,200,0.2,15.0,0.2,10,7,0.273105096408177
linear,200,0.2,15.0,0.2,10,8,0.3304258222958167
quantile,200,0.2,15.0,0.2,10,8,0.5672237783000647
huber,200,0.2,15.0,0.2,10,8,0.36202197282894644
linear,200,0.2,15.0,0.2,10,9,0.19010921930434616
quantile,200,0.2,15.0,0.2,10,9,0.22957721799602027
huber,200,0.2,15.0,0.2,10,9,0.17205291451380345
linear,200,0.2,15.0,0.2,10,10,0.26920900641483714
quantile,200,0.2,15.0,0.2,10,10,0.3380655051488719
huber,200,0.2,15.0,0.2,10,10,0.31795022376816073
linear,200,0.2,15.0,0.2,10,11,0.39098682357988157
quantile,200,0.2,15.0,0.2,10,11,0.6034086604361183
huber,200,0.2,15.0,0.2,10,11,0.4463698600841857
linear,200,0.2,15.0,0.2,10,12,0.39391036477678754
quantile,200,0.2,15.0,0.2,10,12,0.5936189524799786
huber,200,0.2,15.0,0.2,10,12,0.43365934750687807
linear,200,0.2,15.0,0.2,10,13,0.45018058452748855
quantile,200,0.2,15.0,0.2,10,13,0.8156962216024098
huber,200,0.2,15.0,0.2,10,13,0.5324486098314611
linear,200,0.2,15.0,0.2,10,14,0.3284553089017694
quantile,200,0.2,15.0,0.2,10,14,0.41430236856097397
huber,200,0.2,15.0,0.2,10,14,0.4068179830602107
linear,200,0.2,15.0,0.2,10,15,0.23959563705848175
quantile,200,0.2,15.0,0.2,10,15,0.2516354672807072
huber,200,0.2,15.0,0.2,10,15,0.22660429896390466
linear,200,0.2,15.0,0.2,10,16,0.18018881017307617
quantile,200,0.2,15.0,0.2,10,16,0.19903185856713884
huber,200,0.2,15.0,0.2,10,16,0.17248458236559105
linear,200,0.2,15.0,0.2,10,17,0.18999666156514544
quantile,200,0.2,15.0,0.2,10,17,0.4033403862318316
huber,200,0.2,15.0,0.2,10,17,0.23373206167193253
linear,200,0.2,15.0,0.2,10,18,0.3240745267710695
quantile,200,0.2,15.0,0.2,10,18,0.4342957490481422
huber,200,0.2,15.0,0.2,10,18,0.3143714305934335
linear,200,0.2,15.0,0.2,10,19,0.18571862548140597
quantile,200,0.2,15.0,0.2,10,19,0.26918612996886804
huber,200,0.2,15.0,0.2,10,19,0.1980976879271044
linear,200,0.2,15.0,0.2,10,20,0.2966408440474235
quantile,200,0.2,15.0,0.2,10,20,0.3842349481910792
huber,200,0.2,15.0,0.2,10,20,0.3517427305737114
linear,200,0.2,15.0,0.2,10,21,0.27657013621178933
quantile,200,0.2,15.0,0.2,10,21,0.4518295421311026
huber,200,0.2,15.0,0.2,10,21,0.3282462464085598
linear,200,0.2,15.0,0.2,10,22,0.19374575087936313
quantile,200,0.2,15.0,0.2,10,22,0.26593890276024396
huber,200,0.2,15.0,0.2,10,22,0.1726499449388689
linear,200,0.2,15.0,0.2,10,23,0.20827642848599368
quantile,200,0.2,15.0,0.2,10,23,0.2402706780582847
huber,200,0.2,15.0,0.2,10,23,0.18137230721851258
linear,200,0.2,15.0,0.2,10,24,0.48321437089723773
quantile,200,0.2,15.0,0.2,10,24,0.6481328576155445
huber,200,0.2,15.0,0.2,10,24,0.5519621751088891
linear,200,0.2,15.0,0.2,10,25,0.34066869049209914
quantile,200,0.2,15.0,0.2,10,25,0.3950479088746356
huber,200,0.2,15.0,0.2,10,25,0.3219718310903792
linear,200,0.2,15.0,0.2,10,26,0.24179724152190085
quantile,200,0.2,15.0,0.2,10,26,0.30639176442236515
huber,200,0.2,15.0,0.2,10,26,0.24059347306571077
linear,200,0.2,15.0,0.2,10,27,0.2061161846059821
quantile,200,0.2,15.0,0.2,10,27,0.33076786192316526
huber,200,0.2,15.0,0.2,10,27,0.25866329786046816
linear,200,0.2,15.0,0.2,10,28,0.27083517311869615
quantile,200,0.2,15.0,0.2,10,28,0.3985569680730611
huber,200,0.2,15.0,0.2,10,28,0.30178775216452813
linear,200,0.2,15.0,0.2,10,29,0.3182845885755884
quantile,200,0.2,15.0,0.2,10,29,0.2970315944733038
huber,200,0.2,15.0,0.2,10,29,0.2594597903894977
linear,200,0.2,20.0,0.2,1,0,0.22400143438695264
quantile,200,0.2,20.0,0.2,1,0,0.3809199876250424
huber,200,0.2,20.0,0.2,1,0,0.2983952049806928
linear,200,0.2,20.0,0.2,1,1,0.270705425533265
quantile,200,0.2,20.0,0.2,1,1,0.4397859739468791
huber,200,0.2,20.0,0.2,1,1,0.3211159707635378
linear,200,0.2,20.0,0.2,1,2,0.20619913777781407
quantile,200,0.2,20.0,0.2,1,2,0.31397069288257584
huber,200,0.2,20.0,0.2,1,2,0.19693789269614403
linear,200,0.2,20.0,0.2,1,3,0.2389403968039974
quantile,200,0.2,20.0,0.2,1,3,0.3786062944799209
huber,200,0.2,20.0,0.2,1,3,0.3025445218577488
linear,200,0.2,20.0,0.2,1,4,0.3184461816892893
quantile,200,0.2,20.0,0.2,1,4,0.36149570110463536
huber,200,0.2,20.0,0.2,1,4,0.2859741526148297
linear,200,0.2,20.0,0.2,1,5,0.2372709210032814
quantile,200,0.2,20.0,0.2,1,5,0.40387656382393095
huber,200,0.2,20.0,0.2,1,5,0.3245188590661613
linear,200,0.2,20.0,0.2,1,6,0.27205074711805305
quantile,200,0.2,20.0,0.2,1,6,0.4815441372018806
huber,200,0.2,20.0,0.2,1,6,0.25439557210547814
linear,200,0.2,20.0,0.2,1,7,0.28587787422971633
quantile,200,0.2,20.0,0.2,1,7,0.39788503495677874
huber,200,0.2,20.0,0.2,1,7,0.2515429723005925
linear,200,0.2,20.0,0.2,1,8,0.21935964909935712
quantile,200,0.2,20.0,0.2,1,8,0.3450629465153774
huber,200,0.2,20.0,0.2,1,8,0.26442851763170316
linear,200,0.2,20.0,0.2,1,9,0.3711619888945919
quantile,200,0.2,20.0,0.2,1,9,0.6874987546718109
huber,200,0.2,20.0,0.2,1,9,0.4638692163988004
linear,200,0.2,20.0,0.2,1,10,0.3132592064368741
quantile,200,0.2,20.0,0.2,1,10,0.32946989458531517
huber,200,0.2,20.0,0.2,1,10,0.3380587898928956
linear,200,0.2,20.0,0.2,1,11,0.3359696815740934
quantile,200,0.2,20.0,0.2,1,11,0.4717460740734758
huber,200,0.2,20.0,0.2,1,11,0.37062976891411126
linear,200,0.2,20.0,0.2,1,12,0.2100856022898585
quantile,200,0.2,20.0,0.2,1,12,0.3507545736964133
huber,200,0.2,20.0,0.2,1,12,0.2328886419048091
linear,200,0.2,20.0,0.2,1,13,0.27691686902401
quantile,200,0.2,20.0,0.2,1,13,0.5591013922688233
huber,200,0.2,20.0,0.2,1,13,0.3411457200786132
linear,200,0.2,20.0,0.2,1,14,0.19937981882479033
quantile,200,0.2,20.0,0.2,1,14,0.3545682091377427
huber,200,0.2,20.0,0.2,1,14,0.28765507079085434
linear,200,0.2,20.0,0.2,1,15,0.37578161629415213
quantile,200,0.2,20.0,0.2,1,15,0.5429685427995212
huber,200,0.2,20.0,0.2,1,15,0.40377166318861835
linear,200,0.2,20.0,0.2,1,16,0.22480228249956433
quantile,200,0.2,20.0,0.2,1,16,0.3466312406604114
huber,200,0.2,20.0,0.2,1,16,0.22210184616595702
linear,200,0.2,20.0,0.2,1,17,0.2671128810682825
quantile,200,0.2,20.0,0.2,1,17,0.4086765848657895
huber,200,0.2,20.0,0.2,1,17,0.2852156650632091
linear,200,0.2,20.0,0.2,1,18,0.42281603165603865
quantile,200,0.2,20.0,0.2,1,18,0.5249033020567864
huber,200,0.2,20.0,0.2,1,18,0.41889448469323887
linear,200,0.2,20.0,0.2,1,19,0.3024510805750953
quantile,200,0.2,20.0,0.2,1,19,0.3488135221100697
huber,200,0.2,20.0,0.2,1,19,0.2955023373066523
linear,200,0.2,20.0,0.2,1,20,0.2548835990595437
quantile,200,0.2,20.0,0.2,1,20,0.5949402176075284
huber,200,0.2,20.0,0.2,1,20,0.3977662921577907
linear,200,0.2,20.0,0.2,1,21,0.31544632753300905
quantile,200,0.2,20.0,0.2,1,21,0.3522008829324589
huber,200,0.2,20.0,0.2,1,21,0.2509536168042884
linear,200,0.2,20.0,0.2,1,22,0.2872465005080517
quantile,200,0.2,20.0,0.2,1,22,0.48647242936524715
huber,200,0.2,20.0,0.2,1,22,0.3611900454206439
linear,200,0.2,20.0,0.2,1,23,0.22915832494642657
quantile,200,0.2,20.0,0.2,1,23,0.4728353720764448
huber,200,0.2,20.0,0.2,1,23,0.3640665992887909
linear,200,0.2,20.0,0.2,1,24,0.24229001942486064
quantile,200,0.2,20.0,0.2,1,24,0.4068325500794824
huber,200,0.2,20.0,0.2,1,24,0.24705352426395968
linear,200,0.2,20.0,0.2,1,25,0.2295439788228602
quantile,200,0.2,20.0,0.2,1,25,0.3096870946305128
huber,200,0.2,20.0,0.2,1,25,0.26259193358455785
linear,200,0.2,20.0,0.2,1,26,0.24402677816342366
quantile,200,0.2,20.0,0.2,1,26,0.29780653090546155
huber,200,0.2,20.0,0.2,1,26,0.24910349159784265
linear,200,0.2,20.0,0.2,1,27,0.3788162913246004
quantile,200,0.2,20.0,0.2,1,27,0.40953034517770265
huber,200,0.2,20.0,0.2,1,27,0.33732198393910967
linear,200,0.2,20.0,0.2,1,28,0.35819512925230296
quantile,200,0.2,20.0,0.2,1,28,0.502267550063333
huber,200,0.2,20.0,0.2,1,28,0.3444256619542764
linear,200,0.2,20.0,0.2,1,29,0.20341984034520472
quantile,200,0.2,20.0,0.2,1,29,0.4894933889211852
huber,200,0.2,20.0,0.2,1,29,0.27740200397501813
linear,200,0.2,20.0,0.2,5,0,0.1659743479015363
quantile,200,0.2,20.0,0.2,5,0,0.30015975311637194
huber,200,0.2,20.0,0.2,5,0,0.2234135344840147
linear,200,0.2,20.0,0.2,5,1,0.1997205314570056
quantile,200,0.2,20.0,0.2,5,1,0.3550081050816068
huber,200,0.2,20.0,0.2,5,1,0.2306429776486748
linear,200,0.2,20.0,0.2,5,2,0.19573532925821235
quantile,200,0.2,20.0,0.2,5,2,0.29232379671819636
huber,200,0.2,20.0,0.2,5,2,0.23049134305194421
linear,200,0.2,20.0,0.2,5,3,0.239449886141406
quantile,200,0.2,20.0,0.2,5,3,0.3792477028104456
huber,200,0.2,20.0,0.2,5,3,0.23012181819445177
linear,200,0.2,20.0,0.2,5,4,0.37004934705132697
quantile,200,0.2,20.0,0.2,5,4,0.3654471521770833
huber,200,0.2,20.0,0.2,5,4,0.3464855107998118
linear,200,0.2,20.0,0.2,5,5,0.3331313371519904
quantile,200,0.2,20.0,0.2,5,5,0.3923595693491013
huber,200,0.2,20.0,0.2,5,5,0.3074903213741207
linear,200,0.2,20.0,0.2,5,6,0.2732185138589207
quantile,200,0.2,20.0,0.2,5,6,0.5010781627898515
huber,200,0.2,20.0,0.2,5,6,0.3190167976656074
linear,200,0.2,20.0,0.2,5,7,0.21754642654170658
quantile,200,0.2,20.0,0.2,5,7,0.3217612910421459
huber,200,0.2,20.0,0.2,5,7,0.2462536859959894
linear,200,0.2,20.0,0.2,5,8,0.2032388907782104
quantile,200,0.2,20.0,0.2,5,8,0.3722896472750906
huber,200,0.2,20.0,0.2,5,8,0.24905875214472806
linear,200,0.2,20.0,0.2,5,9,0.181924371437943
quantile,200,0.2,20.0,0.2,5,9,0.4410721609424755
huber,200,0.2,20.0,0.2,5,9,0.21727891697485852
linear,200,0.2,20.0,0.2,5,10,0.30782343113155985
quantile,200,0.2,20.0,0.2,5,10,0.3500958288841707
huber,200,0.2,20.0,0.2,5,10,0.3120853785550391
linear,200,0.2,20.0,0.2,5,11,0.24011593639825396
quantile,200,0.2,20.0,0.2,5,11,0.5370646579361851
huber,200,0.2,20.0,0.2,5,11,0.2971970551923806
linear,200,0.2,20.0,0.2,5,12,0.2987775383921077
quantile,200,0.2,20.0,0.2,5,12,0.2907426049503073
huber,200,0.2,20.0,0.2,5,12,0.2666081012597539
linear,200,0.2,20.0,0.2,5,13,0.3229433841089341
quantile,200,0.2,20.0,0.2,5,13,0.5657298971067817
huber,200,0.2,20.0,0.2,5,13,0.4032883952483473
linear,200,0.2,20.0,0.2,5,14,0.2978027871252586
quantile,200,0.2,20.0,0.2,5,14,0.465698493532437
huber,200,0.2,20.0,0.2,5,14,0.30367243677992306
linear,200,0.2,20.0,0.2,5,15,0.2753864785439398
quantile,200,0.2,20.0,0.2,5,15,0.3679605733517577
huber,200,0.2,20.0,0.2,5,15,0.34696857049345364
linear,200,0.2,20.0,0.2,5,16,0.5393677531097532
quantile,200,0.2,20.0,0.2,5,16,0.6496046495659819
huber,200,0.2,20.0,0.2,5,16,0.5612976124080102
linear,200,0.2,20.0,0.2,5,17,0.19461252625346667
quantile,200,0.2,20.0,0.2,5,17,0.33575818781022815
huber,200,0.2,20.0,0.2,5,17,0.23301993206533433
linear,200,0.2,20.0,0.2,5,18,0.18306050652743364
quantile,200,0.2,20.0,0.2,5,18,0.37022040798230227
huber,200,0.2,20.0,0.2,5,18,0.2848707835000558
linear,200,0.2,20.0,0.2,5,19,0.3208588888399797
quantile,200,0.2,20.0,0.2,5,19,0.3825574521680076
huber,200,0.2,20.0,0.2,5,19,0.29405924523318927
linear,200,0.2,20.0,0.2,5,20,0.4833163784944268
quantile,200,0.2,20.0,0.2,5,20,0.8300881221845227
huber,200,0.2,20.0,0.2,5,20,0.6337550460005664
linear,200,0.2,20.0,0.2,5,21,0.2538586187783762
quantile,200,0.2,20.0,0.2,5,21,0.3850980783050746
huber,200,0.2,20.0,0.2,5,21,0.24921734822920757
linear,200,0.2,20.0,0.2,5,22,0.2785554723227843
quantile,200,0.2,20.0,0.2,5,22,0.45029370494147003
huber,200,0.2,20.0,0.2,5,22,0.3286178284678233
linear,200,0.2,20.0,0.2,5,23,0.2837219922723824
quantile,200,0.2,20.0,0.2,5,23,0.38208422542336506
huber,200,0.2,20.0,0.2,5,23,0.2846329493065561
linear,200,0.2,20.0,0.2,5,24,0.16570162785172432
quantile,200,0.2,20.0,0.2,5,24,0.31039023646870884
huber,200,0.2,20.0,0.2,5,24,0.1674929150607801
linear,200,0.2,20.0,0.2,5,25,0.28206509924209566
quantile,200,0.2,20.0,0.2,5,25,0.42327838062101464
huber,200,0.2,20.0,0.2,5,25,0.3272173383691493
linear,200,0.2,20.0,0.2,5,26,0.2271752570893151
quantile,200,0.2,20.0,0.2,5,26,0.3432191678443414
huber,200,0.2,20.0,0.2,5,26,0.20852611437843502
linear,200,0.2,20.0,0.2,5,27,0.2981656580972605
quantile,200,0.2,20.0,0.2,5,27,0.333897011641067
huber,200,0.2,20.0,0.2,5,27,0.33517028752385897
linear,200,0.2,20.0,0.2,5,28,0.1935154677471851
quantile,200,0.2,20.0,0.2,5,28,0.3513324370153208
huber,200,0.2,20.0,0.2,5,28,0.24748139630538588
linear,200,0.2,20.0,0.2,5,29,0.24820348170667098
quantile,200,0.2,20.0,0.2,5,29,0.518015622737058
huber,200,0.2,20.0,0.2,5,29,0.3687961828951143
linear,200,0.2,20.0,0.2,10,0,0.2574993634379247
quantile,200,0.2,20.0,0.2,10,0,0.3859528537715905
huber,200,0.2,20.0,0.2,10,0,0.27696157502659513
linear,200,0.2,20.0,0.2,10,1,0.37059499447955657
quantile,200,0.2,20.0,0.2,10,1,0.33614681989629774
huber,200,0.2,20.0,0.2,10,1,0.3540436971137919
linear,200,0.2,20.0,0.2,10,2,0.4031458739027713
quantile,200,0.2,20.0,0.2,10,2,0.5418072812577617
huber,200,0.2,20.0,0.2,10,2,0.3849102751539448
linear,200,0.2,20.0,0.2,10,3,0.3334969642402664
quantile,200,0.2,20.0,0.2,10,3,0.38668357075023974
huber,200,0.2,20.0,0.2,10,3,0.36110185575233156
linear,200,0.2,20.0,0.2,10,4,0.20025876499536263
quantile,200,0.2,20.0,0.2,10,4,0.29906135682809826
huber,200,0.2,20.0,0.2,10,4,0.21175496283901027
linear,200,0.2,20.0,0.2,10,5,0.40236336295238617
quantile,200,0.2,20.0,0.2,10,5,0.4166572074357445
huber,200,0.2,20.0,0.2,10,5,0.40076195217637767
linear,200,0.2,20.0,0.2,10,6,0.3039814849325687
quantile,200,0.2,20.0,0.2,10,6,0.5136714709055021
huber,200,0.2,20.0,0.2,10,6,0.4194552374121549
linear,200,0.2,20.0,0.2,10,7,0.15741489728586264
quantile,200,0.2,20.0,0.2,10,7,0.26647930944682613
huber,200,0.2,20.0,0.2,10,7,0.20295866864800932
linear,200,0.2,20.0,0.2,10,8,0.37322109271514714
quantile,200,0.2,20.0,0.2,10,8,0.6154633528573845
huber,200,0.2,20.0,0.2,10,8,0.5409448708568849
linear,200,0.2,20.0,0.2,10,9,0.24582462932774427
quantile,200,0.2,20.0,0.2,10,9,0.4668711199908666
huber,200,0.2,20.0,0.2,10,9,0.34532959036200195
linear,200,0.2,20.0,0.2,10,10,0.3119114312511295
quantile,200,0.2,20.0,0.2,10,10,0.5645314337700258
huber,200,0.2,20.0,0.2,10,10,0.40891680272725206
linear,200,0.2,20.0,0.2,10,11,0.17606637097715905
quantile,200,0.2,20.0,0.2,10,11,0.24896850014622335
huber,200,0.2,20.0,0.2,10,11,0.1872443462141698
linear,200,0.2,20.0,0.2,10,12,0.24830367597655956
quantile,200,0.2,20.0,0.2,10,12,0.3311400922767496
huber,200,0.2,20.0,0.2,10,12,0.25688585070335695
linear,200,0.2,20.0,0.2,10,13,0.3720687256832754
quantile,200,0.2,20.0,0.2,10,13,0.5411439126223875
huber,200,0.2,20.0,0.2,10,13,0.38720371967013634
linear,200,0.2,20.0,0.2,10,14,0.21021295532667528
quantile,200,0.2,20.0,0.2,10,14,0.3389649014169036
huber,200,0.2,20.0,0.2,10,14,0.25862682559212036
linear,200,0.2,20.0,0.2,10,15,0.3158973043117458
quantile,200,0.2,20.0,0.2,10,15,0.3585392997003975
huber,200,0.2,20.0,0.2,10,15,0.34874428726655615
linear,200,0.2,20.0,0.2,10,16,0.19456213428646418
quantile,200,0.2,20.0,0.2,10,16,0.32212177308581674
huber,200,0.2,20.0,0.2,10,16,0.21979310342232247
linear,200,0.2,20.0,0.2,10,17,0.21473010107932045
quantile,200,0.2,20.0,0.2,10,17,0.3388899350117587
huber,200,0.2,20.0,0.2,10,17,0.2672555459091255
linear,200,0.2,20.0,0.2,10,18,0.1924573536352932
quantile,200,0.2,20.0,0.2,10,18,0.2652102046682588
huber,200,0.2,20.0,0.2,10,18,0.18490588549851625
linear,200,0.2,20.0,0.2,10,19,0.4129722306189637
quantile,200,0.2,20.0,0.2,10,19,0.5120459066536871
huber,200,0.2,20.0,0.2,10,19,0.46635345212026463
linear,200,0.2,20.0,0.2,10,20,0.17466814366224281
quantile,200,0.2,20.0,0.2,10,20,0.2716349828188843
huber,200,0.2,20.0,0.2,10,20,0.19795833696564688
linear,200,0.2,20.0,0.2,10,21,0.32710876950612006
quantile,200,0.2,20.0,0.2,10,21,0.3408559556588692
huber,200,0.2,20.0,0.2,10,21,0.36078868349828463
linear,200,0.2,20.0,0.2,10,22,0.209827139654591
quantile,200,0.2,20.0,0.2,10,22,0.2517710578577791
huber,200,0.2,20.0,0.2,10,22,0.2038847833307491
linear,200,0.2,20.0,0.2,10,23,0.19327287449132274
quantile,200,0.2,20.0,0.2,10,23,0.3669821975020643
huber,200,0.2,20.0,0.2,10,23,0.2156811315114485
linear,200,0.2,20.0,0.2,10,24,0.26345695051244844
quantile,200,0.2,20.0,0.2,10,24,0.3205261624570117
huber,200,0.2,20.0,0.2,10,24,0.23527510138375476
linear,200,0.2,20.0,0.2,10,25,0.30136158225815834
quantile,200,0.2,20.0,0.2,10,25,0.3615611819020038
huber,200,0.2,20.0,0.2,10,25,0.2561478637178016
linear,200,0.2,20.0,0.2,10,26,0.3357881582673446
quantile,200,0.2,20.0,0.2,10,26,0.39815226295721284
huber,200,0.2,20.0,0.2,10,26,0.4244775010903197
linear,200,0.2,20.0,0.2,10,27,0.2458792788281688
quantile,200,0.2,20.0,0.2,10,27,0.46427559328513235
huber,200,0.2,20.0,0.2,10,27,0.3169420000837313
linear,200,0.2,20.0,0.2,10,28,0.30741206412173905
quantile,200,0.2,20.0,0.2,10,28,0.3844290114416751
huber,200,0.2,20.0,0.2,10,28,0.3426526795035433
linear,200,0.2,20.0,0.2,10,29,0.3338104131169157
quantile,200,0.2,20.0,0.2,10,29,0.33065898642400415
huber,200,0.2,20.0,0.2,10,29,0.2698243882942237
linear,200,0.2,inf,0.2,1,0,0.22710548539235187
quantile,200,0.2,inf,0.2,1,0,0.36181483812374016
huber,200,0.2,inf,0.2,1,0,0.2706299382294971
linear,200,0.2,inf,0.2,1,1,0.3405706174941968
quantile,200,0.2,inf,0.2,1,1,0.3445397610159788
huber,200,0.2,inf,0.2,1,1,0.3212167820531986
linear,200,0.2,inf,0.2,1,2,0.2806529603415807
quantile,200,0.2,inf,0.2,1,2,0.3922313786537767
huber,200,0.2,inf,0.2,1,2,0.36720751703733984
linear,200,0.2,inf,0.2,1,3,0.2037814082047696
quantile,200,0.2,inf,0.2,1,3,0.338887679560438
huber,200,0.2,inf,0.2,1,3,0.2651145796184714
linear,200,0.2,inf,0.2,1,4,0.19023619835514857
quantile,200,0.2,inf,0.2,1,4,0.23725297494049707
huber,200,0.2,inf,0.2,1,4,0.19584817247995534
linear,200,0.2,inf,0.2,1,5,0.2326367655560886
quantile,200,0.2,inf,0.2,1,5,0.35788495629320577
huber,200,0.2,inf,0.2,1,5,0.2752463828025897
linear,200,0.2,inf,0.2,1,6,0.21671286832354378
quantile,200,0.2,inf,0.2,1,6,0.24252674320838075
huber,200,0.2,inf,0.2,1,6,0.20872935257158454
linear,200,0.2,inf,0.2,1,7,0.38678452765283877
quantile,200,0.2,inf,0.2,1,7,0.4776261911868425
huber,200,0.2,inf,0.2,1,7,0.39628421471780717
linear,200,0.2,inf,0.2,1,8,0.2770998959449905
quantile,200,0.2,inf,0.2,1,8,0.32012394179935816
huber,200,0.2,inf,0.2,1,8,0.27515125654694045
linear,200,0.2,inf,0.2,1,9,0.32596263095507605
quantile,200,0.2,inf,0.2,1,9,0.38404153478955677
huber,200,0.2,inf,0.2,1,9,0.3271819108989029
linear,200,0.2,inf,0.2,1,10,0.1810524513075544
quantile,200,0.2,inf,0.2,1,10,0.395923137802921
huber,200,0.2,inf,0.2,1,10,0.28182228820354915
linear,200,0.2,inf,0.2,1,11,0.1834668319267888
quantile,200,0.2,inf,0.2,1,11,0.25529114581256107
huber,200,0.2,inf,0.2,1,11,0.2364138887071562
linear,200,0.2,inf,0.2,1,12,0.27332683009923986
quantile,200,0.2,inf,0.2,1,12,0.3354219806388108
huber,200,0.2,inf,0.2,1,12,0.2580326782055318
linear,200,0.2,inf,0.2,1,13,0.32272561751547996
quantile,200,0.2,inf,0.2,1,13,0.4687080948027298
huber,200,0.2,inf,0.2,1,13,0.3671077438369553
linear,200,0.2,inf,0.2,1,14,0.322708736847031
quantile,200,0.2,inf,0.2,1,14,0.5087373217787267
huber,200,0.2,inf,0.2,1,14,0.3950517352106744
linear,200,0.2,inf,0.2,1,15,0.1857116763571488
quantile,200,0.2,inf,0.2,1,15,0.286074539966107
huber,200,0.2,inf,0.2,1,15,0.2304046552941567
linear,200,0.2,inf,0.2,1,16,0.28181223157989227
quantile,200,0.2,inf,0.2,1,16,0.3977318182003021
huber,200,0.2,inf,0.2,1,16,0.31732441366777775
linear,200,0.2,inf,0.2,1,17,0.19653054076694057
quantile,200,0.2,inf,0.2,1,17,0.2683979803381512
huber,200,0.2,inf,0.2,1,17,0.19975404997495474
linear,200,0.2,inf,0.2,1,18,0.25548356251774496
quantile,200,0.2,inf,0.2,1,18,0.39424930482752457
huber,200,0.2,inf,0.2,1,18,0.2931797674625932
linear,200,0.2,inf,0.2,1,19,0.26893999366176935
quantile,200,0.2,inf,0.2,1,19,0.44456438397001075
huber,200,0.2,inf,0.2,1,19,0.36453139326014306
linear,200,0.2,inf,0.2,1,20,0.29634688344612076
quantile,200,0.2,inf,0.2,1,20,0.4819682501244566
huber,200,0.2,inf,0.2,1,20,0.3251011177274177
linear,200,0.2,inf,0.2,1,21,0.24909063318898722
quantile,200,0.2,inf,0.2,1,21,0.5536004428152911
huber,200,0.2,inf,0.2,1,21,0.3595727421404738
linear,200,0.2,inf,0.2,1,22,0.15863580803658262
quantile,200,0.2,inf,0.2,1,22,0.1556104467071845
huber,200,0.2,inf,0.2,1,22,0.14056535172937135
linear,200,0.2,inf,0.2,1,23,0.31184147274055674
quantile,200,0.2,inf,0.2,1,23,0.4229078442086399
huber,200,0.2,inf,0.2,1,23,0.36000797274869534
linear,200,0.2,inf,0.2,1,24,0.2951845521157649
quantile,200,0.2,inf,0.2,1,24,0.40239662022344835
huber,200,0.2,inf,0.2,1,24,0.2899533104261271
linear,200,0.2,inf,0.2,1,25,0.21693316447176753
quantile,200,0.2,inf,0.2,1,25,0.3852679890457902
huber,200,0.2,inf,0.2,1,25,0.30797368633127714
linear,200,0.2,inf,0.2,1,26,0.23269176279421233
quantile,200,0.2,inf,0.2,1,26,0.43205319004204423
huber,200,0.2,inf,0.2,1,26,0.31327982340812477
linear,200,0.2,inf,0.2,1,27,0.2669295549713323
quantile,200,0.2,inf,0.2,1,27,0.5490549764003996
huber,200,0.2,inf,0.2,1,27,0.30736980032461075
linear,200,0.2,inf,0.2,1,28,0.22037491932981987
quantile,200,0.2,inf,0.2,1,28,0.44833520691998197
huber,200,0.2,inf,0.2,1,28,0.2324198298597756
linear,200,0.2,inf,0.2,1,29,0.24153596931467913
quantile,200,0.2,inf,0.2,1,29,0.2708383803196805
huber,200,0.2,inf,0.2,1,29,0.20396882937544247
linear,200,0.2,inf,0.2,5,0,0.2890675656763435
quantile,200,0.2,inf,0.2,5,0,0.5587447767478161
huber,200,0.2,inf,0.2,5,0,0.3521529392378714
linear,200,0.2,inf,0.2,5,1,0.2605095569316507
quantile,200,0.2,inf,0.2,5,1,0.5167244643014193
huber,200,0.2,inf,0.2,5,1,0.31439820839389565
linear,200,0.2,inf,0.2,5,2,0.32527656887624157
quantile,200,0.2,inf,0.2,5,2,0.4054091166216918
huber,200,0.2,inf,0.2,5,2,0.3125952206037296
linear,200,0.2,inf,0.2,5,3,0.417356884471151
quantile,200,0.2,inf,0.2,5,3,0.5358297144301369
huber,200,0.2,inf,0.2,5,3,0.5371254507914378
linear,200,0.2,inf,0.2,5,4,0.31120435166849103
quantile,200,0.2,inf,0.2,5,4,0.41072253407002207
huber,200,0.2,inf,0.2,5,4,0.3710939401302624
linear,200,0.2,inf,0.2,5,5,0.17777485224413492
quantile,200,0.2,inf,0.2,5,5,0.24638994057796507
huber,200,0.2,inf,0.2,5,5,0.18932546838024045
linear,200,0.2,inf,0.2,5,6,0.28564414951110534
quantile,200,0.2,inf,0.2,5,6,0.45269760530126063
huber,200,0.2,inf,0.2,5,6,0.29056483952062157
linear,200,0.2,inf,0.2,5,7,0.3167502328966315
quantile,200,0.2,inf,0.2,5,7,0.5373256906278
huber,200,0.2,inf,0.2,5,7,0.4559839180806028
linear,200,0.2,inf,0.2,5,8,0.37743897137366333
quantile,200,0.2,inf,0.2,5,8,0.5016274851321085
huber,200,0.2,inf,0.2,5,8,0.3895632129193082
linear,200,0.2,inf,0.2,5,9,0.4300772812100858
quantile,200,0.2,inf,0.2,5,9,0.6966587116577267
huber,200,0.2,inf,0.2,5,9,0.4803426005617901
linear,200,0.2,inf,0.2,5,10,0.2794048809202617
quantile,200,0.2,inf,0.2,5,10,0.3507659140738698
huber,200,0.2,inf,0.2,5,10,0.25730390323149865
linear,200,0.2,inf,0.2,5,11,0.15664493764545348
quantile,200,0.2,inf,0.2,5,11,0.24075676540174856
huber,200,0.2,inf,0.2,5,11,0.22165503539775083
linear,200,0.2,inf,0.2,5,12,0.4041022623001782
quantile,200,0.2,inf,0.2,5,12,0.5495659680561835
huber,200,0.2,inf,0.2,5,12,0.418942136219552
linear,200,0.2,inf,0.2,5,13,0.2726548568514384
quantile,200,0.2,inf,0.2,5,13,0.38948772664307635
huber,200,0.2,inf,0.2,5,13,0.28771296351525333
linear,200,0.2,inf,0.2,5,14,0.4335390169335285
quantile,200,0.2,inf,0.2,5,14,0.5785708978740705
huber,200,0.2,inf,0.2,5,14,0.43962045706265107
linear,200,0.2,inf,0.2,5,15,0.1572189763012832
quantile,200,0.2,inf,0.2,5,15,0.4124441858934866
huber,200,0.2,inf,0.2,5,15,0.21491840518382158
linear,200,0.2,inf,0.2,5,16,0.17657414134830374
quantile,200,0.2,inf,0.2,5,16,0.23944500843294658
huber,200,0.2,inf,0.2,5,16,0.2125390438886269
linear,200,0.2,inf,0.2,5,17,0.28991314283854996
quantile,200,0.2,inf,0.2,5,17,0.4988560561214766
huber,200,0.2,inf,0.2,5,17,0.4133842295713741
linear,200,0.2,inf,0.2,5,18,0.317294049222845
quantile,200,0.2,inf,0.2,5,18,0.6387140908334837
huber,200,0.2,inf,0.2,5,18,0.4385188155477229
linear,200,0.2,inf,0.2,5,19,0.18832360839122053
quantile,200,0.2,inf,0.2,5,19,0.37281165254887993
huber,200,0.2,inf,0.2,5,19,0.22212644083830918
linear,200,0.2,inf,0.2,5,20,0.25290821336738367
quantile,200,0.2,inf,0.2,5,20,0.5333904142833784
huber,200,0.2,inf,0.2,5,20,0.3546851351649095
linear,200,0.2,inf,0.2,5,21,0.3252546483327684
quantile,200,0.2,inf,0.2,5,21,0.3562149129898275
huber,200,0.2,inf,0.2,5,21,0.3223068416444522
linear,200,0.2,inf,0.2,5,22,0.2378928680591943
quantile,200,0.2,inf,0.2,5,22,0.2787623717498391
huber,200,0.2,inf,0.2,5,22,0.24078953955378368
linear,200,0.2,inf,0.2,5,23,0.22810267665309686
quantile,200,0.2,inf,0.2,5,23,0.3754245778485488
huber,200,0.2,inf,0.2,5,23,0.23364395647210046
linear,200,0.2,inf,0.2,5,24,0.22643109608119757
quantile,200,0.2,inf,0.2,5,24,0.33129234819503933
huber,200,0.2,inf,0.2,5,24,0.2446031614903345
linear,200,0.2,inf,0.2,5,25,0.34120390802493183
quantile,200,0.2,inf,0.2,5,25,0.5478922031009936
huber,200,0.2,inf,0.2,5,25,0.39576390159479014
linear,200,0.2,inf,0.2,5,26,0.2974798835655882
quantile,200,0.2,inf,0.2,5,26,0.5224282635676278
huber,200,0.2,inf,0.2,5,26,0.43542131695495967
linear,200,0.2,inf,0.2,5,27,0.2142004406755345
quantile,200,0.2,inf,0.2,5,27,0.3816649281940422
huber,200,0.2,inf,0.2,5,27,0.26293574104522777
linear,200,0.2,inf,0.2,5,28,0.24726415053864048
quantile,200,0.2,inf,0.2,5,28,0.4309440939047855
huber,200,0.2,inf,0.2,5,28,0.36658960258588624
linear,200,0.2,inf,0.2,5,29,0.4109550705986125
quantile,200,0.2,inf,0.2,5,29,0.8244792669248986
huber,200,0.2,inf,0.2,5,29,0.5312675682291685
linear,200,0.2,inf,0.2,10,0,0.3752768875804311
quantile,200,0.2,inf,0.2,10,0,0.5473108488324661
huber,200,0.2,inf,0.2,10,0,0.45380174191622547
linear,200,0.2,inf,0.2,10,1,0.2840327439334255
quantile,200,0.2,inf,0.2,10,1,0.45607010759384975
huber,200,0.2,inf,0.2,10,1,0.3132333366077425
linear,200,0.2,inf,0.2,10,2,0.2921524093893806
quantile,200,0.2,inf,0.2,10,2,0.3875933544654935
huber,200,0.2,inf,0.2,10,2,0.33453121648750683
linear,200,0.2,inf,0.2,10,3,0.28081359084434887
quantile,200,0.2,inf,0.2,10,3,0.4257979991292776
huber,200,0.2,inf,0.2,10,3,0.3279985538330862
linear,200,0.2,inf,0.2,10,4,0.2506165978604593
quantile,200,0.2,inf,0.2,10,4,0.4083241942170437
huber,200,0.2,inf,0.2,10,4,0.2938691176365214
linear,200,0.2,inf,0.2,10,5,0.4025494119419337
quantile,200,0.2,inf,0.2,10,5,0.5910229599743897
huber,200,0.2,inf,0.2,10,5,0.49804218068443745
linear,200,0.2,inf,0.2,10,6,0.1849871415153206
quantile,200,0.2,inf,0.2,10,6,0.42293084401429737
huber,200,0.2,inf,0.2,10,6,0.28091073953669765
linear,200,0.2,inf,0.2,10,7,0.3374154493566245
quantile,200,0.2,inf,0.2,10,7,0.3764852976437825
huber,200,0.2,inf,0.2,10,7,0.3563295658502185
linear,200,0.2,inf,0.2,10,8,0.2979603288698842
quantile,200,0.2,inf,0.2,10,8,0.5102354097280275
huber,200,0.2,inf,0.2,10,8,0.43291942098626857
linear,200,0.2,inf,0.2,10,9,0.20960431711741254
quantile,200,0.2,inf,0.2,10,9,0.3574168854060582
huber,200,0.2,inf,0.2,10,9,0.23798316908491302
linear,200,0.2,inf,0.2,10,10,0.22604070857663738
quantile,200,0.2,inf,0.2,10,10,0.3729254529544491
huber,200,0.2,inf,0.2,10,10,0.269892279894944
linear,200,0.2,inf,0.2,10,11,0.19817764000789329
quantile,200,0.2,inf,0.2,10,11,0.27950327836687044
huber,200,0.2,inf,0.2,10,11,0.18787955246481536
linear,200,0.2,inf,0.2,10,12,0.29803652363184807
quantile,200,0.2,inf,0.2,10,12,0.49695451290339854
huber,200,0.2,inf,0.2,10,12,0.36089481653706446
linear,200,0.2,inf,0.2,10,13,0.3166146547645258
quantile,200,0.2,inf,0.2,10,13,0.41548070246678664
huber,200,0.2,inf,0.2,10,13,0.3015023265457218
linear,200,0.2,inf,0.2,10,14,0.22369228679177178
quantile,200,0.2,inf,0.2,10,14,0.4335362724603712
huber,200,0.2,inf,0.2,10,14,0.28890590803667154
linear,200,0.2,inf,0.2,10,15,0.3420552447319446
quantile,200,0.2,inf,0.2,10,15,0.4071923598894971
huber,200,0.2,inf,0.2,10,15,0.3560129876732979
linear,200,0.2,inf,0.2,10,16,0.29786228925357433
quantile,200,0.2,inf,0.2,10,16,0.4810376690903835
huber,200,0.2,inf,0.2,10,16,0.32303157846183855
linear,200,0.2,inf,0.2,10,17,0.1745673000060988
quantile,200,0.2,inf,0.2,10,17,0.34538779749775567
huber,200,0.2,inf,0.2,10,17,0.1743976320747062
linear,200,0.2,inf,0.2,10,18,0.22938891677741835
quantile,200,0.2,inf,0.2,10,18,0.39985023807596726
huber,200,0.2,inf,0.2,10,18,0.23830577818274262
linear,200,0.2,inf,0.2,10,19,0.23879043312085843
quantile,200,0.2,inf,0.2,10,19,0.5904203089790876
huber,200,0.2,inf,0.2,10,19,0.27857223795087743
linear,200,0.2,inf,0.2,10,20,0.30622702726797946
quantile,200,0.2,inf,0.2,10,20,0.39922003259578354
huber,200,0.2,inf,0.2,10,20,0.3362323690943112
linear,200,0.2,inf,0.2,10,21,0.2872443686859171
quantile,200,0.2,inf,0.2,10,21,0.36866476315329993
huber,200,0.2,inf,0.2,10,21,0.33266900456827064
linear,200,0.2,inf,0.2,10,22,0.20116453889973568
quantile,200,0.2,inf,0.2,10,22,0.28233241351050703
huber,200,0.2,inf,0.2,10,22,0.21939331762727843
linear,200,0.2,inf,0.2,10,23,0.21609822941299475
quantile,200,0.2,inf,0.2,10,23,0.41554461539819615
huber,200,0.2,inf,0.2,10,23,0.28146719627229805
linear,200,0.2,inf,0.2,10,24,0.32469823366280237
quantile,200,0.2,inf,0.2,10,24,0.5217592202143315
huber,200,0.2,inf,0.2,10,24,0.43222380707718416
linear,200,0.2,inf,0.2,10,25,0.17436625222590924
quantile,200,0.2,inf,0.2,10,25,0.2836219370191765
huber,200,0.2,inf,0.2,10,25,0.16563315100168916
linear,200,0.2,inf,0.2,10,26,0.383073337251679
quantile,200,0.2,inf,0.2,10,26,0.5822746268273133
huber,200,0.2,inf,0.2,10,26,0.44357071697234113
linear,200,0.2,inf,0.2,10,27,0.3267427811662878
quantile,200,0.2,inf,0.2,10,27,0.501866583460214
huber,200,0.2,inf,0.2,10,27,0.3652491427096023
linear,200,0.2,inf,0.2,10,28,0.23757409770755203
quantile,200,0.2,inf,0.2,10,28,0.5236600172944246
huber,200,0.2,inf,0.2,10,28,0.35979936066111917
linear,200,0.2,inf,0.2,10,29,0.170892899274246
quantile,200,0.2,inf,0.2,10,29,0.5483723121110109
huber,200,0.2,inf,0.2,10,29,0.31909784202739705
linear,200,0.5,1.0,0.2,1,0,138562.01430843075
quantile,200,0.5,1.0,0.2,1,0,11.829128254821917
huber,200,0.5,1.0,0.2,1,0,8.911243488283635
linear,200,0.5,1.0,0.2,1,1,2326.2941517419513
quantile,200,0.5,1.0,0.2,1,1,25.618327044968815
huber,200,0.5,1.0,0.2,1,1,19.80551402279875
linear,200,0.5,1.0,0.2,1,2,68.00275452917545
quantile,200,0.5,1.0,0.2,1,2,4.972977077745681
huber,200,0.5,1.0,0.2,1,2,5.6551018764001615
linear,200,0.5,1.0,0.2,1,3,34.424454320293876
quantile,200,0.5,1.0,0.2,1,3,10.87853241455598
huber,200,0.5,1.0,0.2,1,3,9.314654651846812
linear,200,0.5,1.0,0.2,1,4,230.91310147181304
quantile,200,0.5,1.0,0.2,1,4,7.317007841603885
huber,200,0.5,1.0,0.2,1,4,6.982313946799682
linear,200,0.5,1.0,0.2,1,5,2265.312131919061
quantile,200,0.5,1.0,0.2,1,5,12.489058359292207
huber,200,0.5,1.0,0.2,1,5,9.859887070051606
linear,200,0.5,1.0,0.2,1,6,24.319258982825787
quantile,200,0.5,1.0,0.2,1,6,5.171048773392146
huber,200,0.5,1.0,0.2,1,6,4.352325526583299
linear,200,0.5,1.0,0.2,1,7,71.73612705704888
quantile,200,0.5,1.0,0.2,1,7,6.227943034898357
huber,200,0.5,1.0,0.2,1,7,6.723192913878289
linear,200,0.5,1.0,0.2,1,8,2790.190044270342
quantile,200,0.5,1.0,0.2,1,8,11.355896008275675
huber,200,0.5,1.0,0.2,1,8,10.128355107374684
linear,200,0.5,1.0,0.2,1,9,879.126544222926
quantile,200,0.5,1.0,0.2,1,9,11.928494717104225
huber,200,0.5,1.0,0.2,1,9,9.595035451027336
linear,200,0.5,1.0,0.2,1,10,380.4768515317577
quantile,200,0.5,1.0,0.2,1,10,6.66962730775042
huber,200,0.5,1.0,0.2,1,10,6.518722942563473
linear,200,0.5,1.0,0.2,1,11,183.05599749159154
quantile,200,0.5,1.0,0.2,1,11,13.415001929872272
huber,200,0.5,1.0,0.2,1,11,12.851577870253715
linear,200,0.5,1.0,0.2,1,12,148.06490862636176
quantile,200,0.5,1.0,0.2,1,12,7.231883136457578
huber,200,0.5,1.0,0.2,1,12,6.010155786891437
linear,200,0.5,1.0,0.2,1,13,354.63843667626884
quantile,200,0.5,1.0,0.2,1,13,6.900954664064915
huber,200,0.5,1.0,0.2,1,13,6.5158343624943456
linear,200,0.5,1.0,0.2,1,14,5364.584753642866
quantile,200,0.5,1.0,0.2,1,14,11.516546792827587
huber,200,0.5,1.0,0.2,1,14,10.292469413746549
linear,200,0.5,1.0,0.2,1,15,104.02722864747572
quantile,200,0.5,1.0,0.2,1,15,14.444040362869622
huber,200,0.5,1.0,0.2,1,15,12.8130835726088
linear,200,0.5,1.0,0.2,1,16,434.19948825299804
quantile,200,0.5,1.0,0.2,1,16,8.61834939717367
huber,200,0.5,1.0,0.2,1,16,8.1819526857449
linear,200,0.5,1.0,0.2,1,17,229.68259529530346
quantile,200,0.5,1.0,0.2,1,17,10.75245636377381
huber,200,0.5,1.0,0.2,1,17,7.420491343132223
linear,200,0.5,1.0,0.2,1,18,6508.481592605575
quantile,200,0.5,1.0,0.2,1,18,9.336276746452715
huber,200,0.5,1.0,0.2,1,18,9.343243130384508
linear,200,0.5,1.0,0.2,1,19,1632.0830247352962
quantile,200,0.5,1.0,0.2,1,19,12.543380719049312
huber,200,0.5,1.0,0.2,1,19,10.714340060738879
linear,200,0.5,1.0,0.2,1,20,104.24451888731438
quantile,200,0.5,1.0,0.2,1,20,13.050136719697338
huber,200,0.5,1.0,0.2,1,20,11.195562616090564
linear,200,0.5,1.0,0.2,1,21,110.46643319480052
quantile,200,0.5,1.0,0.2,1,21,5.258093148931237
huber,200,0.5,1.0,0.2,1,21,4.377953774169525
linear,200,0.5,1.0,0.2,1,22,598.4590256623285
quantile,200,0.5,1.0,0.2,1,22,8.088924966724926
huber,200,0.5,1.0,0.2,1,22,7.308029781869259
linear,200,0.5,1.0,0.2,1,23,121.8665862336381
quantile,200,0.5,1.0,0.2,1,23,9.225346479099624
huber,200,0.5,1.0,0.2,1,23,9.831106452830015
linear,200,0.5,1.0,0.2,1,24,59.67870859325465
quantile,200,0.5,1.0,0.2,1,24,11.96221021119098
huber,200,0.5,1.0,0.2,1,24,11.987302525921024
linear,200,0.5,1.0,0.2,1,25,90.95259398085112
quantile,200,0.5,1.0,0.2,1,25,16.315685406305903
huber,200,0.5,1.0,0.2,1,25,13.480158849546438
linear,200,0.5,1.0,0.2,1,26,1116.1223229401894
quantile,200,0.5,1.0,0.2,1,26,14.622592390107966
huber,200,0.5,1.0,0.2,1,26,13.248481494085603
linear,200,0.5,1.0,0.2,1,27,171.4501479966011
quantile,200,0.5,1.0,0.2,1,27,9.320740183397215
huber,200,0.5,1.0,0.2,1,27,9.184312681579401
linear,200,0.5,1.0,0.2,1,28,610.2817583496279
quantile,200,0.5,1.0,0.2,1,28,11.248736404742475
huber,200,0.5,1.0,0.2,1,28,10.521372247231078
linear,200,0.5,1.0,0.2,1,29,4023.4499267632573
quantile,200,0.5,1.0,0.2,1,29,9.898178291728177
huber,200,0.5,1.0,0.2,1,29,10.55087243787995
linear,200,0.5,1.0,0.2,5,0,80.04854202987734
quantile,200,0.5,1.0,0.2,5,0,12.844905470609476
huber,200,0.5,1.0,0.2,5,0,9.321573125765962
linear,200,0.5,1.0,0.2,5,1,392.63772202229313
quantile,200,0.5,1.0,0.2,5,1,11.174294900616857
huber,200,0.5,1.0,0.2,5,1,9.563580291640001
linear,200,0.5,1.0,0.2,5,2,957.6689766085159
quantile,200,0.5,1.0,0.2,5,2,6.068044106624592
huber,200,0.5,1.0,0.2,5,2,6.073056878333259
linear,200,0.5,1.0,0.2,5,3,418.3689607624377
quantile,200,0.5,1.0,0.2,5,3,5.5882298152795
huber,200,0.5,1.0,0.2,5,3,4.24270009678787
linear,200,0.5,1.0,0.2,5,4,3693.5548525422564
quantile,200,0.5,1.0,0.2,5,4,8.023018448083947
huber,200,0.5,1.0,0.2,5,4,7.175868345741166
linear,200,0.5,1.0,0.2,5,5,268.59154292783546
quantile,200,0.5,1.0,0.2,5,5,5.144187916927587
huber,200,0.5,1.0,0.2,5,5,5.808335041043292
linear,200,0.5,1.0,0.2,5,6,22579.357300540534
quantile,200,0.5,1.0,0.2,5,6,11.058856016681792
huber,200,0.5,1.0,0.2,5,6,10.855674616541835
linear,200,0.5,1.0,0.2,5,7,24.426907534465172
quantile,200,0.5,1.0,0.2,5,7,8.179118959468486
huber,200,0.5,1.0,0.2,5,7,6.877032111406597
linear,200,0.5,1.0,0.2,5,8,82.31959699686095
quantile,200,0.5,1.0,0.2,5,8,9.073537928818421
huber,200,0.5,1.0,0.2,5,8,8.900642332348857
linear,200,0.5,1.0,0.2,5,9,1707.554748739829
quantile,200,0.5,1.0,0.2,5,9,14.050094587833552
huber,200,0.5,1.0,0.2,5,9,12.380297124024995
linear,200,0.5,1.0,0.2,5,10,78.71366683118137
quantile,200,0.5,1.0,0.2,5,10,15.665930186786118
huber,200,0.5,1.0,0.2,5,10,14.366587542442465
linear,200,0.5,1.0,0.2,5,11,60.80635177102792
quantile,200,0.5,1.0,0.2,5,11,6.57649854761296
huber,200,0.5,1.0,0.2,5,11,6.498330574700494
linear,200,0.5,1.0,0.2,5,12,369.9524370562332
quantile,200,0.5,1.0,0.2,5,12,10.67991515134998
huber,200,0.5,1.0,0.2,5,12,9.517121063779015
linear,200,0.5,1.0,0.2,5,13,146.08631913271648
quantile,200,0.5,1.0,0.2,5,13,10.969607594208293
huber,200,0.5,1.0,0.2,5,13,8.991696955354621
linear,200,0.5,1.0,0.2,5,14,217.6025893526667
quantile,200,0.5,1.0,0.2,5,14,15.192552098434156
huber,200,0.5,1.0,0.2,5,14,12.788776721924453
linear,200,0.5,1.0,0.2,5,15,1400.5043940135388
quantile,200,0.5,1.0,0.2,5,15,11.782161165920948
huber,200,0.5,1.0,0.2,5,15,9.50585294552896
linear,200,0.5,1.0,0.2,5,16,162.74922355723308
quantile,200,0.5,1.0,0.2,5,16,24.725910471797057
huber,200,0.5,1.0,0.2,5,16,21.007284441480586
linear,200,0.5,1.0,0.2,5,17,240.96765574621926
quantile,200,0.5,1.0,0.2,5,17,11.095783614229193
huber,200,0.5,1.0,0.2,5,17,12.558605748722
linear,200,0.5,1.0,0.2,5,18,76.0891192857313
quantile,200,0.5,1.0,0.2,5,18,12.817470889089503
huber,200,0.5,1.0,0.2,5,18,12.324783335566014
linear,200,0.5,1.0,0.2,5,19,842.8277132237296
quantile,200,0.5,1.0,0.2,5,19,7.81178795012277
huber,200,0.5,1.0,0.2,5,19,8.23031999361301
linear,200,0.5,1.0,0.2,5,20,211.517208580728
quantile,200,0.5,1.0,0.2,5,20,6.913559830775914
huber,200,0.5,1.0,0.2,5,20,5.525213213088522
linear,200,0.5,1.0,0.2,5,21,5790.102590794393
quantile,200,0.5,1.0,0.2,5,21,6.732799249202064
huber,200,0.5,1.0,0.2,5,21,5.913653160980812
linear,200,0.5,1.0,0.2,5,22,2281.221037807768
quantile,200,0.5,1.0,0.2,5,22,7.708072098084785
huber,200,0.5,1.0,0.2,5,22,6.808317390038852
linear,200,0.5,1.0,0.2,5,23,6476.029330183388
quantile,200,0.5,1.0,0.2,5,23,17.771656823814
huber,200,0.5,1.0,0.2,5,23,16.903512389459443
linear,200,0.5,1.0,0.2,5,24,49.623713271281275
quantile,200,0.5,1.0,0.2,5,24,13.603365550247673
huber,200,0.5,1.0,0.2,5,24,12.650264699193935
linear,200,0.5,1.0,0.2,5,25,12.128775840624442
quantile,200,0.5,1.0,0.2,5,25,7.4558067975965745
huber,200,0.5,1.0,0.2,5,25,5.820104751406355
linear,200,0.5,1.0,0.2,5,26,7856.696183474161
quantile,200,0.5,1.0,0.2,5,26,8.803083986428149
huber,200,0.5,1.0,0.2,5,26,8.558910682800247
linear,200,0.5,1.0,0.2,5,27,26503.986444339607
quantile,200,0.5,1.0,0.2,5,27,13.43892608946856
huber,200,0.5,1.0,0.2,5,27,13.4848108431906
linear,200,0.5,1.0,0.2,5,28,2600.967331237033
quantile,200,0.5,1.0,0.2,5,28,9.340742467464501
huber,200,0.5,1.0,0.2,5,28,8.320277746486317
linear,200,0.5,1.0,0.2,5,29,5943.262655666323
quantile,200,0.5,1.0,0.2,5,29,22.24097820992346
huber,200,0.5,1.0,0.2,5,29,19.484915011742512
linear,200,0.5,1.0,0.2,10,0,91.99989616383583
quantile,200,0.5,1.0,0.2,10,0,9.178126039129207
huber,200,0.5,1.0,0.2,10,0,6.922771714216666
linear,200,0.5,1.0,0.2,10,1,200.7387738287026
quantile,200,0.5,1.0,0.2,10,1,10.69075226789552
huber,200,0.5,1.0,0.2,10,1,9.771044865862377
linear,200,0.5,1.0,0.2,10,2,765.6666599909893
quantile,200,0.5,1.0,0.2,10,2,8.63780367783981
huber,200,0.5,1.0,0.2,10,2,8.301374835061017
linear,200,0.5,1.0,0.2,10,3,212.39831173788673
quantile,200,0.5,1.0,0.2,10,3,20.173581140982602
huber,200,0.5,1.0,0.2,10,3,16.741027658297693
linear,200,0.5,1.0,0.2,10,4,172.43924330164378
quantile,200,0.5,1.0,0.2,10,4,10.689608794898469
huber,200,0.5,1.0,0.2,10,4,8.901060016974341
linear,200,0.5,1.0,0.2,10,5,219.26333178037294
quantile,200,0.5,1.0,0.2,10,5,6.551157111940291
huber,200,0.5,1.0,0.2,10,5,6.237016678874614
linear,200,0.5,1.0,0.2,10,6,210.59278491727582
quantile,200,0.5,1.0,0.2,10,6,5.073264925548894
huber,200,0.5,1.0,0.2,10,6,4.640157415638906
linear,200,0.5,1.0,0.2,10,7,242410.9603094881
quantile,200,0.5,1.0,0.2,10,7,14.176197849194406
huber,200,0.5,1.0,0.2,10,7,9.81704774664265
linear,200,0.5,1.0,0.2,10,8,2466.7187342039683
quantile,200,0.5,1.0,0.2,10,8,6.26723342127413
huber,200,0.5,1.0,0.2,10,8,5.633045755580737
linear,200,0.5,1.0,0.2,10,9,999.5949822022706
quantile,200,0.5,1.0,0.2,10,9,8.252759828544573
huber,200,0.5,1.0,0.2,10,9,8.307706743259226
linear,200,0.5,1.0,0.2,10,10,499.20268916811955
quantile,200,0.5,1.0,0.2,10,10,10.932755922905287
huber,200,0.5,1.0,0.2,10,10,9.590312189225813
linear,200,0.5,1.0,0.2,10,11,152.96366441861045
quantile,200,0.5,1.0,0.2,10,11,15.894543528629145
huber,200,0.5,1.0,0.2,10,11,17.24623325038895
linear,200,0.5,1.0,0.2,10,12,353.1869010225946
quantile,200,0.5,1.0,0.2,10,12,7.106635272529477
huber,200,0.5,1.0,0.2,10,12,6.353622509578257
linear,200,0.5,1.0,0.2,10,13,98.54142770785785
quantile,200,0.5,1.0,0.2,10,13,10.97227228143356
huber,200,0.5,1.0,0.2,10,13,9.830764669835151
linear,200,0.5,1.0,0.2,10,14,2737.3091930824276
quantile,200,0.5,1.0,0.2,10,14,23.021545562219814
huber,200,0.5,1.0,0.2,10,14,21.2053360760887
linear,200,0.5,1.0,0.2,10,15,263.0753528839275
quantile,200,0.5,1.0,0.2,10,15,15.986389351719547
huber,200,0.5,1.0,0.2,10,15,13.293783716105137
linear,200,0.5,1.0,0.2,10,16,210.82840068184854
quantile,200,0.5,1.0,0.2,10,16,16.323022481703756
huber,200,0.5,1.0,0.2,10,16,14.48699203701122
linear,200,0.5,1.0,0.2,10,17,1385.0738635235414
quantile,200,0.5,1.0,0.2,10,17,8.058703285379673
huber,200,0.5,1.0,0.2,10,17,7.55252268856501
linear,200,0.5,1.0,0.2,10,18,585.9102976763899
quantile,200,0.5,1.0,0.2,10,18,35.409222608333835
huber,200,0.5,1.0,0.2,10,18,29.256711532333284
linear,200,0.5,1.0,0.2,10,19,30.25515221320043
quantile,200,0.5,1.0,0.2,10,19,10.26776883570081
huber,200,0.5,1.0,0.2,10,19,10.970558919307743
linear,200,0.5,1.0,0.2,10,20,2512.2287646367613
quantile,200,0.5,1.0,0.2,10,20,7.678496934168438
huber,200,0.5,1.0,0.2,10,20,6.121800662062821
linear,200,0.5,1.0,0.2,10,21,203.4223108813694
quantile,200,0.5,1.0,0.2,10,21,7.2591350556100815
huber,200,0.5,1.0,0.2,10,21,7.8149732097336555
linear,200,0.5,1.0,0.2,10,22,60.90794737569082
quantile,200,0.5,1.0,0.2,10,22,11.78074227944764
huber,200,0.5,1.0,0.2,10,22,11.149788130536441
linear,200,0.5,1.0,0.2,10,23,64.35821444577918
quantile,200,0.5,1.0,0.2,10,23,8.808131049384905
huber,200,0.5,1.0,0.2,10,23,7.4231070044543666
linear,200,0.5,1.0,0.2,10,24,17109.85629683473
quantile,200,0.5,1.0,0.2,10,24,8.409654469038117
huber,200,0.5,1.0,0.2,10,24,8.038684801740631
linear,200,0.5,1.0,0.2,10,25,43.654882648601046
quantile,200,0.5,1.0,0.2,10,25,7.426963039963204
huber,200,0.5,1.0,0.2,10,25,6.974703932259076
linear,200,0.5,1.0,0.2,10,26,158.48146451319622
quantile,200,0.5,1.0,0.2,10,26,10.263743602653781
huber,200,0.5,1.0,0.2,10,26,9.417288318596668
linear,200,0.5,1.0,0.2,10,27,72.98071856729673
quantile,200,0.5,1.0,0.2,10,27,7.361035102927523
huber,200,0.5,1.0,0.2,10,27,7.030002839423824
linear,200,0.5,1.0,0.2,10,28,1410.5684845410626
quantile,200,0.5,1.0,0.2,10,28,9.543173451604872
huber,200,0.5,1.0,0.2,10,28,8.857428335613253
linear,200,0.5,1.0,0.2,10,29,101.72246339098773
quantile,200,0.5,1.0,0.2,10,29,8.628012491596484
huber,200,0.5,1.0,0.2,10,29,8.201249468531866
linear,200,0.5,2.0,0.2,1,0,4.566167769377186
quantile,200,0.5,2.0,0.2,1,0,4.260241405316907
huber,200,0.5,2.0,0.2,1,0,3.961332223912462
linear,200,0.5,2.0,0.2,1,1,2.5498245588749344
quantile,200,0.5,2.0,0.2,1,1,3.0515729738940145
huber,200,0.5,2.0,0.2,1,1,2.799410072613266
linear,200,0.5,2.0,0.2,1,2,12.022027278139463
quantile,200,0.5,2.0,0.2,1,2,5.5230204284958635
huber,200,0.5,2.0,0.2,1,2,4.71029000170566
linear,200,0.5,2.0,0.2,1,3,5.335897415835226
quantile,200,0.5,2.0,0.2,1,3,2.3054271658123304
huber,200,0.5,2.0,0.2,1,3,2.2856082559311446
linear,200,0.5,2.0,0.2,1,4,3.3440515665993544
quantile,200,0.5,2.0,0.2,1,4,2.7372876497503476
huber,200,0.5,2.0,0.2,1,4,2.505528213224948
linear,200,0.5,2.0,0.2,1,5,3.5894577134075236
quantile,200,0.5,2.0,0.2,1,5,3.1815545260192057
huber,200,0.5,2.0,0.2,1,5,2.8870668652976557
linear,200,0.5,2.0,0.2,1,6,4.612773367979649
quantile,200,0.5,2.0,0.2,1,6,4.380693607926533
huber,200,0.5,2.0,0.2,1,6,3.8959927372069885
linear,200,0.5,2.0,0.2,1,7,17.163236014699294
quantile,200,0.5,2.0,0.2,1,7,3.672376399355467
huber,200,0.5,2.0,0.2,1,7,3.087603634550789
linear,200,0.5,2.0,0.2,1,8,5.08889517327796
quantile,200,0.5,2.0,0.2,1,8,3.433397885559487
huber,200,0.5,2.0,0.2,1,8,2.803500926497001
linear,200,0.5,2.0,0.2,1,9,3.3209148563042485
quantile,200,0.5,2.0,0.2,1,9,4.442707403142561
huber,200,0.5,2.0,0.2,1,9,4.095863228827372
linear,200,0.5,2.0,0.2,1,10,9.57709196561859
quantile,200,0.5,2.0,0.2,1,10,6.904810782394606
huber,200,0.5,2.0,0.2,1,10,5.885106112264078
linear,200,0.5,2.0,0.2,1,11,8.34066202803836
quantile,200,0.5,2.0,0.2,1,11,2.6050099151491466
huber,200,0.5,2.0,0.2,1,11,2.393406669061598
linear,200,0.5,2.0,0.2,1,12,5.744300381234628
quantile,200,0.5,2.0,0.2,1,12,3.475189551316088
huber,200,0.5,2.0,0.2,1,12,3.249873174933971
linear,200,0.5,2.0,0.2,1,13,4.4021956302648535
quantile,200,0.5,2.0,0.2,1,13,3.140155909689536
huber,200,0.5,2.0,0.2,1,13,3.101133786316807
linear,200,0.5,2.0,0.2,1,14,3.4347004317460055
quantile,200,0.5,2.0,0.2,1,14,3.8376839553297004
huber,200,0.5,2.0,0.2,1,14,2.849698908491738
linear,200,0.5,2.0,0.2,1,15,20.492327568210918
quantile,200,0.5,2.0,0.2,1,15,3.1488064397376805
huber,200,0.5,2.0,0.2,1,15,3.2032992396256708
linear,200,0.5,2.0,0.2,1,16,5.501194721935163
quantile,200,0.5,2.0,0.2,1,16,4.176315951313682
huber,200,0.5,2.0,0.2,1,16,3.490641672416086
linear,200,0.5,2.0,0.2,1,17,6.410973360194638
quantile,200,0.5,2.0,0.2,1,17,1.9027757217275976
huber,200,0.5,2.0,0.2,1,17,1.6686072693024623
linear,200,0.5,2.0,0.2,1,18,22.18416879894822
quantile,200,0.5,2.0,0.2,1,18,3.139932777896282
huber,200,0.5,2.0,0.2,1,18,2.249611136186515
linear,200,0.5,2.0,0.2,1,19,5.974057899230592
quantile,200,0.5,2.0,0.2,1,19,3.306097027911275
huber,200,0.5,2.0,0.2,1,19,3.052605138477636
linear,200,0.5,2.0,0.2,1,20,7.4071380773589555
quantile,200,0.5,2.0,0.2,1,20,3.065562079982775
huber,200,0.5,2.0,0.2,1,20,2.670463810348791
linear,200,0.5,2.0,0.2,1,21,10.199353723342364
quantile,200,0.5,2.0,0.2,1,21,5.132542686792534
huber,200,0.5,2.0,0.2,1,21,4.520714991331428
linear,200,0.5,2.0,0.2,1,22,9.498888734477854
quantile,200,0.5,2.0,0.2,1,22,5.044782437539749
huber,200,0.5,2.0,0.2,1,22,4.710553788671047
linear,200,0.5,2.0,0.2,1,23,168.9138354295296
quantile,200,0.5,2.0,0.2,1,23,2.579680372800435
huber,200,0.5,2.0,0.2,1,23,2.39773111797793
linear,200,0.5,2.0,0.2,1,24,3.884016781087465
quantile,200,0.5,2.0,0.2,1,24,3.48124814524716
huber,200,0.5,2.0,0.2,1,24,3.065983229599163
linear,200,0.5,2.0,0.2,1,25,4.756071370471862
quantile,200,0.5,2.0,0.2,1,25,3.0239833856867775
huber,200,0.5,2.0,0.2,1,25,3.0035781407639273
linear,200,0.5,2.0,0.2,1,26,9.693046988580255
quantile,200,0.5,2.0,0.2,1,26,5.397277756685915
huber,200,0.5,2.0,0.2,1,26,5.4783622891921695
linear,200,0.5,2.0,0.2,1,27,4.613664890926415
quantile,200,0.5,2.0,0.2,1,27,3.8716527246773658
huber,200,0.5,2.0,0.2,1,27,3.462679844059894
linear,200,0.5,2.0,0.2,1,28,2.42922853947774
quantile,200,0.5,2.0,0.2,1,28,2.076814568661143
huber,200,0.5,2.0,0.2,1,28,1.7601148310453902
linear,200,0.5,2.0,0.2,1,29,23.804668268173135
quantile,200,0.5,2.0,0.2,1,29,3.191430278970128
huber,200,0.5,2.0,0.2,1,29,3.4534764157948676
linear,200,0.5,2.0,0.2,5,0,4.736231649838036
quantile,200,0.5,2.0,0.2,5,0,4.697536189173245
huber,200,0.5,2.0,0.2,5,0,4.240554114965613
linear,200,0.5,2.0,0.2,5,1,3.879809266858224
quantile,200,0.5,2.0,0.2,5,1,2.682048680496692
huber,200,0.5,2.0,0.2,5,1,2.64221217130488
linear,200,0.5,2.0,0.2,5,2,3.2503733910878188
quantile,200,0.5,2.0,0.2,5,2,3.276426431292024
huber,200,0.5,2.0,0.2,5,2,3.0742165534449306
linear,200,0.5,2.0,0.2,5,3,9.001869958015359
quantile,200,0.5,2.0,0.2,5,3,6.114554903010038
huber,200,0.5,2.0,0.2,5,3,4.902615919407439
linear,200,0.5,2.0,0.2,5,4,5.917266019580761
quantile,200,0.5,2.0,0.2,5,4,3.1150954282021326
huber,200,0.5,2.0,0.2,5,4,2.796153779885509
linear,200,0.5,2.0,0.2,5,5,6.370685192731029
quantile,200,0.5,2.0,0.2,5,5,3.4943099766270094
huber,200,0.5,2.0,0.2,5,5,3.497462407695905
linear,200,0.5,2.0,0.2,5,6,11.235660841456209
quantile,200,0.5,2.0,0.2,5,6,4.686301917154714
huber,200,0.5,2.0,0.2,5,6,4.129992016479668
linear,200,0.5,2.0,0.2,5,7,4.414358064328649
quantile,200,0.5,2.0,0.2,5,7,3.0821100910510717
huber,200,0.5,2.0,0.2,5,7,2.5449183682544456
linear,200,0.5,2.0,0.2,5,8,3.2744730093331027
quantile,200,0.5,2.0,0.2,5,8,4.321917660426635
huber,200,0.5,2.0,0.2,5,8,3.74161082045085
linear,200,0.5,2.0,0.2,5,9,9.50248865685671
quantile,200,0.5,2.0,0.2,5,9,4.2121743141019765
huber,200,0.5,2.0,0.2,5,9,3.964421644383414
linear,200,0.5,2.0,0.2,5,10,4.484303131891454
quantile,200,0.5,2.0,0.2,5,10,3.2564725870527433
huber,200,0.5,2.0,0.2,5,10,3.2064523791172936
linear,200,0.5,2.0,0.2,5,11,6.3913006418552705
quantile,200,0.5,2.0,0.2,5,11,2.7217803401137974
huber,200,0.5,2.0,0.2,5,11,2.533193678052947
linear,200,0.5,2.0,0.2,5,12,5.544263468634534
quantile,200,0.5,2.0,0.2,5,12,3.4766629138226666
huber,200,0.5,2.0,0.2,5,12,2.9627911997250114
linear,200,0.5,2.0,0.2,5,13,6.383634298686818
quantile,200,0.5,2.0,0.2,5,13,4.088072575897986
huber,200,0.5,2.0,0.2,5,13,4.024980574964564
linear,200,0.5,2.0,0.2,5,14,8.4042481266955
quantile,200,0.5,2.0,0.2,5,14,4.885742496595192
huber,200,0.5,2.0,0.2,5,14,4.086010084475928
linear,200,0.5,2.0,0.2,5,15,6.510740974406804
quantile,200,0.5,2.0,0.2,5,15,6.632616413911406
huber,200,0.5,2.0,0.2,5,15,4.8595164063337615
linear,200,0.5,2.0,0.2,5,16,16.06563518648138
quantile,200,0.5,2.0,0.2,5,16,3.4426057619794364
huber,200,0.5,2.0,0.2,5,16,3.047222987760317
linear,200,0.5,2.0,0.2,5,17,3.0561409295502733
quantile,200,0.5,2.0,0.2,5,17,3.9744734914092836
huber,200,0.5,2.0,0.2,5,17,3.18331929305896
linear,200,0.5,2.0,0.2,5,18,3.480284839065922
quantile,200,0.5,2.0,0.2,5,18,4.3704329545599565
huber,200,0.5,2.0,0.2,5,18,4.073291897490338
linear,200,0.5,2.0,0.2,5,19,4.931926852690558
quantile,200,0.5,2.0,0.2,5,19,2.927662043055573
huber,200,0.5,2.0,0.2,5,19,2.6467709700428235
linear,200,0.5,2.0,0.2,5,20,3.3501208218143543
quantile,200,0.5,2.0,0.2,5,20,3.483327732178311
huber,200,0.5,2.0,0.2,5,20,3.1425767684530044
linear,200,0.5,2.0,0.2,5,21,2.2210828100617426
quantile,200,0.5,2.0,0.2,5,21,3.241237545126257
huber,200,0.5,2.0,0.2,5,21,2.410023479313
linear,200,0.5,2.0,0.2,5,22,7.412685173612538
quantile,200,0.5,2.0,0.2,5,22,4.906815544536005
huber,200,0.5,2.0,0.2,5,22,3.5441800285292575
linear,200,0.5,2.0,0.2,5,23,9.646942964747788
quantile,200,0.5,2.0,0.2,5,23,6.741148634697761
huber,200,0.5,2.0,0.2,5,23,4.946426293393944
linear,200,0.5,2.0,0.2,5,24,2.8414228934284695
quantile,200,0.5,2.0,0.2,5,24,3.226172249892003
huber,200,0.5,2.0,0.2,5,24,2.3565178847825687
linear,200,0.5,2.0,0.2,5,25,7.161605282112511
quantile,200,0.5,2.0,0.2,5,25,5.506149758499206
huber,200,0.5,2.0,0.2,5,25,4.618002891560738
linear,200,0.5,2.0,0.2,5,26,7.2731588965051515
quantile,200,0.5,2.0,0.2,5,26,5.171065396877892
huber,200,0.5,2.0,0.2,5,26,4.465144008657134
linear,200,0.5,2.0,0.2,5,27,5.445105429463009
quantile,200,0.5,2.0,0.2,5,27,3.070137936861601
huber,200,0.5,2.0,0.2,5,27,2.4178001309533035
linear,200,0.5,2.0,0.2,5,28,4.891218190061561
quantile,200,0.5,2.0,0.2,5,28,2.7443695424387644
huber,200,0.5,2.0,0.2,5,28,2.4925866057525554
linear,200,0.5,2.0,0.2,5,29,3.769833870290626
quantile,200,0.5,2.0,0.2,5,29,3.013598687059663
huber,200,0.5,2.0,0.2,5,29,2.5426452379003788
linear,200,0.5,2.0,0.2,10,0,6.790909507652719
quantile,200,0.5,2.0,0.2,10,0,2.6978646728870275
huber,200,0.5,2.0,0.2,10,0,2.427567973955867
linear,200,0.5,2.0,0.2,10,1,6.342047665512271
quantile,200,0.5,2.0,0.2,10,1,2.2844597630032646
huber,200,0.5,2.0,0.2,10,1,2.282115825552478
linear,200,0.5,2.0,0.2,10,2,5.093167771458
quantile,200,0.5,2.0,0.2,10,2,3.402567483598493
huber,200,0.5,2.0,0.2,10,2,2.761555257070987
linear,200,0.5,2.0,0.2,10,3,6.459424069476072
quantile,200,0.5,2.0,0.2,10,3,3.8749927827549104
huber,200,0.5,2.0,0.2,10,3,3.208671793593408
linear,200,0.5,2.0,0.2,10,4,6.413027523783668
quantile,200,0.5,2.0,0.2,10,4,4.867214155986731
huber,200,0.5,2.0,0.2,10,4,4.196792847464723
linear,200,0.5,2.0,0.2,10,5,12.267457848387787
quantile,200,0.5,2.0,0.2,10,5,2.447660964504704
huber,200,0.5,2.0,0.2,10,5,1.9419863986757404
linear,200,0.5,2.0,0.2,10,6,8.82070861054344
quantile,200,0.5,2.0,0.2,10,6,1.9433894780069867
huber,200,0.5,2.0,0.2,10,6,1.8517821473294924
linear,200,0.5,2.0,0.2,10,7,6.533437907244702
quantile,200,0.5,2.0,0.2,10,7,4.460655506319591
huber,200,0.5,2.0,0.2,10,7,3.4845030550688176
linear,200,0.5,2.0,0.2,10,8,3.265426110867955
quantile,200,0.5,2.0,0.2,10,8,3.53026054409707
huber,200,0.5,2.0,0.2,10,8,3.1497466945027224
linear,200,0.5,2.0,0.2,10,9,6.767119297023089
quantile,200,0.5,2.0,0.2,10,9,5.058916667524214
huber,200,0.5,2.0,0.2,10,9,4.865098618926772
linear,200,0.5,2.0,0.2,10,10,4.002365106795119
quantile,200,0.5,2.0,0.2,10,10,2.4859770565213104
huber,200,0.5,2.0,0.2,10,10,2.3126785123596676
linear,200,0.5,2.0,0.2,10,11,8.200157861886755
quantile,200,0.5,2.0,0.2,10,11,3.7585778497748823
huber,200,0.5,2.0,0.2,10,11,3.019331026668607
linear,200,0.5,2.0,0.2,10,12,4.19775939452404
quantile,200,0.5,2.0,0.2,10,12,2.93464768521705
huber,200,0.5,2.0,0.2,10,12,2.7030100056462016
linear,200,0.5,2.0,0.2,10,13,11.941209084047115
quantile,200,0.5,2.0,0.2,10,13,5.112890262960066
huber,200,0.5,2.0,0.2,10,13,5.5805053231784045
linear,200,0.5,2.0,0.2,10,14,3.5317956399268193
quantile,200,0.5,2.0,0.2,10,14,4.827511830191275
huber,200,0.5,2.0,0.2,10,14,4.07081762917526
linear,200,0.5,2.0,0.2,10,15,3.1872225992081855
quantile,200,0.5,2.0,0.2,10,15,4.528683330980439
huber,200,0.5,2.0,0.2,10,15,3.4562493203327973
linear,200,0.5,2.0,0.2,10,16,4.660248588097538
quantile,200,0.5,2.0,0.2,10,16,2.656859548229726
huber,200,0.5,2.0,0.2,10,16,2.326774551752197
linear,200,0.5,2.0,0.2,10,17,4.052275526944027
quantile,200,0.5,2.0,0.2,10,17,3.426545010898439
huber,200,0.5,2.0,0.2,10,17,2.8392354927448156
linear,200,0.5,2.0,0.2,10,18,8.608916876459821
quantile,200,0.5,2.0,0.2,10,18,4.979131858186205
huber,200,0.5,2.0,0.2,10,18,4.438506712119391
linear,200,0.5,2.0,0.2,10,19,3.8642116003889444
quantile,200,0.5,2.0,0.2,10,19,2.4234669758893506
huber,200,0.5,2.0,0.2,10,19,2.161171572095447
linear,200,0.5,2.0,0.2,10,20,7.372015895783163
quantile,200,0.5,2.0,0.2,10,20,2.6144831123840935
huber,200,0.5,2.0,0.2,10,20,2.629489688555759
linear,200,0.5,2.0,0.2,10,21,4.389313055285285
quantile,200,0.5,2.0,0.2,10,21,3.8899350874979524
huber,200,0.5,2.0,0.2,10,21,3.34995580918439
linear,200,0.5,2.0,0.2,10,22,4.478530344606624
quantile,200,0.5,2.0,0.2,10,22,5.007585500006587
huber,200,0.5,2.0,0.2,10,22,4.4103079303899175
linear,200,0.5,2.0,0.2,10,23,10.571898001269671
quantile,200,0.5,2.0,0.2,10,23,3.8970358214389127
huber,200,0.5,2.0,0.2,10,23,3.433873323139971
linear,200,0.5,2.0,0.2,10,24,4.665017601511151
quantile,200,0.5,2.0,0.2,10,24,4.843242986282829
huber,200,0.5,2.0,0.2,10,24,4.1346517044357824
linear,200,0.5,2.0,0.2,10,25,18.911777482222483
quantile,200,0.5,2.0,0.2,10,25,2.946720914665603
huber,200,0.5,2.0,0.2,10,25,2.9564410536265617
linear,200,0.5,2.0,0.2,10,26,12.295538000351781
quantile,200,0.5,2.0,0.2,10,26,4.701829511945173
huber,200,0.5,2.0,0.2,10,26,3.628814317623683
linear,200,0.5,2.0,0.2,10,27,17.925420697518927
quantile,200,0.5,2.0,0.2,10,27,4.832803387761775
huber,200,0.5,2.0,0.2,10,27,4.194008382886704
linear,200,0.5,2.0,0.2,10,28,2.089508423071269
quantile,200,0.5,2.0,0.2,10,28,2.6059602626960947
huber,200,0.5,2.0,0.2,10,28,2.2577388681108417
linear,200,0.5,2.0,0.2,10,29,4.179227887408979
quantile,200,0.5,2.0,0.2,10,29,3.3185700529983215
huber,200,0.5,2.0,0.2,10,29,2.63713568492924
linear,200,0.5,3.0,0.2,1,0,1.301262863230567
quantile,200,0.5,3.0,0.2,1,0,0.9972360753924354
huber,200,0.5,3.0,0.2,1,0,0.9040374758430442
linear,200,0.5,3.0,0.2,1,1,0.9945946687645085
quantile,200,0.5,3.0,0.2,1,1,1.0725332649161259
huber,200,0.5,3.0,0.2,1,1,0.9564622464070075
linear,200,0.5,3.0,0.2,1,2,1.157102517545918
quantile,200,0.5,3.0,0.2,1,2,0.7886770128503986
huber,200,0.5,3.0,0.2,1,2,0.6935831088733894
linear,200,0.5,3.0,0.2,1,3,1.6770937682326432
quantile,200,0.5,3.0,0.2,1,3,1.0219845196353987
huber,200,0.5,3.0,0.2,1,3,1.0248764694056263
linear,200,0.5,3.0,0.2,1,4,1.1615424837767472
quantile,200,0.5,3.0,0.2,1,4,1.1617430611440227
huber,200,0.5,3.0,0.2,1,4,1.1379659333051213
linear,200,0.5,3.0,0.2,1,5,1.3113969562919925
quantile,200,0.5,3.0,0.2,1,5,0.8198656889195168
huber,200,0.5,3.0,0.2,1,5,0.6732084097799285
linear,200,0.5,3.0,0.2,1,6,1.3076237689364778
quantile,200,0.5,3.0,0.2,1,6,0.8306188466921912
huber,200,0.5,3.0,0.2,1,6,0.7472046222232551
linear,200,0.5,3.0,0.2,1,7,0.8182751820509524
quantile,200,0.5,3.0,0.2,1,7,0.946012398639821
huber,200,0.5,3.0,0.2,1,7,0.7385445879227702
linear,200,0.5,3.0,0.2,1,8,0.8474220989076985
quantile,200,0.5,3.0,0.2,1,8,1.169176454040117
huber,200,0.5,3.0,0.2,1,8,0.8995484822157986
linear,200,0.5,3.0,0.2,1,9,0.9070820751231167
quantile,200,0.5,3.0,0.2,1,9,0.9394095019730436
huber,200,0.5,3.0,0.2,1,9,0.757191662887281
linear,200,0.5,3.0,0.2,1,10,0.6759750397445748
quantile,200,0.5,3.0,0.2,1,10,0.862736657103025
huber,200,0.5,3.0,0.2,1,10,0.7775231021758836
linear,200,0.5,3.0,0.2,1,11,0.9634272789565208
quantile,200,0.5,3.0,0.2,1,11,1.095628334536575
huber,200,0.5,3.0,0.2,1,11,1.0234879738474467
linear,200,0.5,3.0,0.2,1,12,0.7828670961080225
quantile,200,0.5,3.0,0.2,1,12,0.8663174572622443
huber,200,0.5,3.0,0.2,1,12,0.6799550633715183
linear,200,0.5,3.0,0.2,1,13,1.2907119160569198
quantile,200,0.5,3.0,0.2,1,13,1.3022585575667716
huber,200,0.5,3.0,0.2,1,13,0.9139994826339728
linear,200,0.5,3.0,0.2,1,14,1.5834014490685457
quantile,200,0.5,3.0,0.2,1,14,0.9987119473940689
huber,200,0.5,3.0,0.2,1,14,0.8272313935996151
linear,200,0.5,3.0,0.2,1,15,0.8290880847393104
quantile,200,0.5,3.0,0.2,1,15,0.9109905904915191
huber,200,0.5,3.0,0.2,1,15,0.7384472373294171
linear,200,0.5,3.0,0.2,1,16,1.9993161160957897
quantile,200,0.5,3.0,0.2,1,16,1.3162409917091713
huber,200,0.5,3.0,0.2,1,16,1.110391825311114
linear,200,0.5,3.0,0.2,1,17,0.9474794195600407
quantile,200,0.5,3.0,0.2,1,17,0.9135786076940955
huber,200,0.5,3.0,0.2,1,17,0.6949472334603172
linear,200,0.5,3.0,0.2,1,18,0.6696361135027171
quantile,200,0.5,3.0,0.2,1,18,0.8603824923525286
huber,200,0.5,3.0,0.2,1,18,0.6884612187748244
linear,200,0.5,3.0,0.2,1,19,1.1326223537481839
quantile,200,0.5,3.0,0.2,1,19,0.7878600008222607
huber,200,0.5,3.0,0.2,1,19,0.6227263425937766
linear,200,0.5,3.0,0.2,1,20,0.9711734793520453
quantile,200,0.5,3.0,0.2,1,20,0.8827955990582481
huber,200,0.5,3.0,0.2,1,20,0.8377085847629068
linear,200,0.5,3.0,0.2,1,21,0.7316136365095105
quantile,200,0.5,3.0,0.2,1,21,0.6216784303270888
huber,200,0.5,3.0,0.2,1,21,0.6180603570128538
linear,200,0.5,3.0,0.2,1,22,0.9087657422893807
quantile,200,0.5,3.0,0.2,1,22,0.9242964473694019
huber,200,0.5,3.0,0.2,1,22,0.7829131063038691
linear,200,0.5,3.0,0.2,1,23,1.9867931732456885
quantile,200,0.5,3.0,0.2,1,23,0.8365079667845156
huber,200,0.5,3.0,0.2,1,23,0.7377063614772337
linear,200,0.5,3.0,0.2,1,24,0.8119278498907566
quantile,200,0.5,3.0,0.2,1,24,0.6725167091590006
huber,200,0.5,3.0,0.2,1,24,0.6336365724856545
linear,200,0.5,3.0,0.2,1,25,1.1165170577619281
quantile,200,0.5,3.0,0.2,1,25,1.1801905651642768
huber,200,0.5,3.0,0.2,1,25,0.841922358538781
linear,200,0.5,3.0,0.2,1,26,0.6900943095478367
quantile,200,0.5,3.0,0.2,1,26,0.7425792896210679
huber,200,0.5,3.0,0.2,1,26,0.6980975988908706
linear,200,0.5,3.0,0.2,1,27,0.7033012430496214
quantile,200,0.5,3.0,0.2,1,27,0.5818385241589804
huber,200,0.5,3.0,0.2,1,27,0.5759936470126841
linear,200,0.5,3.0,0.2,1,28,0.6886344426605292
quantile,200,0.5,3.0,0.2,1,28,0.6193383319033063
huber,200,0.5,3.0,0.2,1,28,0.5349613883708539
linear,200,0.5,3.0,0.2,1,29,1.08212425337056
quantile,200,0.5,3.0,0.2,1,29,1.325051712188617
huber,200,0.5,3.0,0.2,1,29,1.2114671406203796
linear,200,0.5,3.0,0.2,5,0,0.8476314784370503
quantile,200,0.5,3.0,0.2,5,0,1.1134865767836182
huber,200,0.5,3.0,0.2,5,0,0.9389043637051723
linear,200,0.5,3.0,0.2,5,1,0.6887982985153275
quantile,200,0.5,3.0,0.2,5,1,1.1658537104442557
huber,200,0.5,3.0,0.2,5,1,0.98437359307726
linear,200,0.5,3.0,0.2,5,2,0.7968702670294793
quantile,200,0.5,3.0,0.2,5,2,0.9280659322333497
huber,200,0.5,3.0,0.2,5,2,0.8466874312284941
linear,200,0.5,3.0,0.2,5,3,1.595443156898957
quantile,200,0.5,3.0,0.2,5,3,1.0899578587916179
huber,200,0.5,3.0,0.2,5,3,0.819586414669861
linear,200,0.5,3.0,0.2,5,4,1.3670561311408491
quantile,200,0.5,3.0,0.2,5,4,1.017841696884703
huber,200,0.5,3.0,0.2,5,4,0.9130791139294242
linear,200,0.5,3.0,0.2,5,5,1.2557098731279333
quantile,200,0.5,3.0,0.2,5,5,0.988288710939113
huber,200,0.5,3.0,0.2,5,5,0.8585651150771357
linear,200,0.5,3.0,0.2,5,6,1.0782972805664726
quantile,200,0.5,3.0,0.2,5,6,0.6269648358762451
huber,200,0.5,3.0,0.2,5,6,0.6149277066561695
linear,200,0.5,3.0,0.2,5,7,0.823427044924665
quantile,200,0.5,3.0,0.2,5,7,0.7709361444521161
huber,200,0.5,3.0,0.2,5,7,0.6134505758661563
linear,200,0.5,3.0,0.2,5,8,0.7397462828062676
quantile,200,0.5,3.0,0.2,5,8,0.6691941635330307
huber,200,0.5,3.0,0.2,5,8,0.5313549453665438
linear,200,0.5,3.0,0.2,5,9,0.6763574238435868
quantile,200,0.5,3.0,0.2,5,9,0.7367377301344369
huber,200,0.5,3.0,0.2,5,9,0.6114966121610457
linear,200,0.5,3.0,0.2,5,10,2.164349266143691
quantile,200,0.5,3.0,0.2,5,10,1.2397616246849665
huber,200,0.5,3.0,0.2,5,10,1.037284052917825
linear,200,0.5,3.0,0.2,5,11,0.8402191883775078
quantile,200,0.5,3.0,0.2,5,11,0.7959044927294456
huber,200,0.5,3.0,0.2,5,11,0.7759688764299802
linear,200,0.5,3.0,0.2,5,12,0.9031824734900111
quantile,200,0.5,3.0,0.2,5,12,0.9224753785710116
huber,200,0.5,3.0,0.2,5,12,0.8150247996350386
linear,200,0.5,3.0,0.2,5,13,1.0331567038795957
quantile,200,0.5,3.0,0.2,5,13,0.9166604288674622
huber,200,0.5,3.0,0.2,5,13,0.8026492896668378
linear,200,0.5,3.0,0.2,5,14,0.7686052276605256
quantile,200,0.5,3.0,0.2,5,14,0.960381639444688
huber,200,0.5,3.0,0.2,5,14,0.8502949326874872
linear,200,0.5,3.0,0.2,5,15,0.7875061314989148
quantile,200,0.5,3.0,0.2,5,15,1.0948688717752706
huber,200,0.5,3.0,0.2,5,15,0.9414281109132248
linear,200,0.5,3.0,0.2,5,16,1.374750194119263
quantile,200,0.5,3.0,0.2,5,16,1.3261244918917048
huber,200,0.5,3.0,0.2,5,16,1.2253240689407452
linear,200,0.5,3.0,0.2,5,17,1.0925937759408026
quantile,200,0.5,3.0,0.2,5,17,0.6986756213148027
huber,200,0.5,3.0,0.2,5,17,0.7145813313726583
linear,200,0.5,3.0,0.2,5,18,0.6506239950783208
quantile,200,0.5,3.0,0.2,5,18,1.016011163493548
huber,200,0.5,3.0,0.2,5,18,0.7986511820159636
linear,200,0.5,3.0,0.2,5,19,1.2376947836795278
quantile,200,0.5,3.0,0.2,5,19,1.2129239785133568
huber,200,0.5,3.0,0.2,5,19,1.1359733026348204
linear,200,0.5,3.0,0.2,5,20,1.8737958290033399
quantile,200,0.5,3.0,0.2,5,20,0.7473203778556236
huber,200,0.5,3.0,0.2,5,20,0.6973345957968725
linear,200,0.5,3.0,0.2,5,21,1.7216802146680306
quantile,200,0.5,3.0,0.2,5,21,0.6738127481806737
huber,200,0.5,3.0,0.2,5,21,0.6763962268689898
linear,200,0.5,3.0,0.2,5,22,2.7607544020441925
quantile,200,0.5,3.0,0.2,5,22,1.0347529930865647
huber,200,0.5,3.0,0.2,5,22,0.9041902204904647
linear,200,0.5,3.0,0.2,5,23,0.7906687596734896
quantile,200,0.5,3.0,0.2,5,23,0.9770693277123612
huber,200,0.5,3.0,0.2,5,23,0.9274330873473331
linear,200,0.5,3.0,0.2,5,24,1.9329345185806117
quantile,200,0.5,3.0,0.2,5,24,1.301366088308338
huber,200,0.5,3.0,0.2,5,24,1.1338077810542104
linear,200,0.5,3.0,0.2,5,25,1.0219423712046587
quantile,200,0.5,3.0,0.2,5,25,0.9503947326959833
huber,200,0.5,3.0,0.2,5,25,0.8896382065284801
linear,200,0.5,3.0,0.2,5,26,0.8998218036357172
quantile,200,0.5,3.0,0.2,5,26,1.1226358619835943
huber,200,0.5,3.0,0.2,5,26,1.040292042411014
linear,200,0.5,3.0,0.2,5,27,2.6814015962943176
quantile,200,0.5,3.0,0.2,5,27,1.4703814351939422
huber,200,0.5,3.0,0.2,5,27,1.252682874883266
linear,200,0.5,3.0,0.2,5,28,0.6255513564137208
quantile,200,0.5,3.0,0.2,5,28,0.4492499934755427
huber,200,0.5,3.0,0.2,5,28,0.423197675632608
linear,200,0.5,3.0,0.2,5,29,1.5437601331718676
quantile,200,0.5,3.0,0.2,5,29,0.7889187713426825
huber,200,0.5,3.0,0.2,5,29,0.6632796813506074
linear,200,0.5,3.0,0.2,10,0,0.753191858025841
quantile,200,0.5,3.0,0.2,10,0,0.6901654513985359
huber,200,0.5,3.0,0.2,10,0,0.6170382756075459
linear,200,0.5,3.0,0.2,10,1,1.3264151877417063
quantile,200,0.5,3.0,0.2,10,1,0.892854678920803
huber,200,0.5,3.0,0.2,10,1,0.7132402322480745
linear,200,0.5,3.0,0.2,10,2,1.1925138767824894
quantile,200,0.5,3.0,0.2,10,2,0.6177765952842783
huber,200,0.5,3.0,0.2,10,2,0.5434015266974365
linear,200,0.5,3.0,0.2,10,3,1.1636607566363262
quantile,200,0.5,3.0,0.2,10,3,0.5832479196546377
huber,200,0.5,3.0,0.2,10,3,0.5686619845129389
linear,200,0.5,3.0,0.2,10,4,0.769133962026913
quantile,200,0.5,3.0,0.2,10,4,0.8002759537010076
huber,200,0.5,3.0,0.2,10,4,0.7074893725413465
linear,200,0.5,3.0,0.2,10,5,1.2663361640895425
quantile,200,0.5,3.0,0.2,10,5,1.280554739950628
huber,200,0.5,3.0,0.2,10,5,1.2228742428775954
linear,200,0.5,3.0,0.2,10,6,1.9222351057024547
quantile,200,0.5,3.0,0.2,10,6,0.9273792469287471
huber,200,0.5,3.0,0.2,10,6,0.9070988694720099
linear,200,0.5,3.0,0.2,10,7,1.3999104023275357
quantile,200,0.5,3.0,0.2,10,7,1.1315848793772607
huber,200,0.5,3.0,0.2,10,7,0.9450834146256548
linear,200,0.5,3.0,0.2,10,8,0.7946879536294474
quantile,200,0.5,3.0,0.2,10,8,1.3752609772203488
huber,200,0.5,3.0,0.2,10,8,0.9803701701381367
linear,200,0.5,3.0,0.2,10,9,0.7113413769836944
quantile,200,0.5,3.0,0.2,10,9,0.7418176967437822
huber,200,0.5,3.0,0.2,10,9,0.6257393217241006
linear,200,0.5,3.0,0.2,10,10,1.4071501066316494
quantile,200,0.5,3.0,0.2,10,10,1.1249151024955328
huber,200,0.5,3.0,0.2,10,10,0.9695074202059972
linear,200,0.5,3.0,0.2,10,11,0.9925695293877425
quantile,200,0.5,3.0,0.2,10,11,0.8883277918477905
huber,200,0.5,3.0,0.2,10,11,0.831888681634257
linear,200,0.5,3.0,0.2,10,12,1.1242762565670095
quantile,200,0.5,3.0,0.2,10,12,0.9286624780168992
huber,200,0.5,3.0,0.2,10,12,0.7911663731555787
linear,200,0.5,3.0,0.2,10,13,0.8464185883793317
quantile,200,0.5,3.0,0.2,10,13,0.4849491107216604
huber,200,0.5,3.0,0.2,10,13,0.46002189167785434
linear,200,0.5,3.0,0.2,10,14,1.4388756936296108
quantile,200,0.5,3.0,0.2,10,14,0.8188355411880134
huber,200,0.5,3.0,0.2,10,14,0.6236274954207631
linear,200,0.5,3.0,0.2,10,15,0.6751409042447116
quantile,200,0.5,3.0,0.2,10,15,0.6867848414711394
huber,200,0.5,3.0,0.2,10,15,0.5241188898620046
linear,200,0.5,3.0,0.2,10,16,1.2871952854451354
quantile,200,0.5,3.0,0.2,10,16,1.2520207382765896
huber,200,0.5,3.0,0.2,10,16,1.1315695012442584
linear,200,0.5,3.0,0.2,10,17,0.5904524210187597
quantile,200,0.5,3.0,0.2,10,17,0.5970474949199552
huber,200,0.5,3.0,0.2,10,17,0.5288955177241494
linear,200,0.5,3.0,0.2,10,18,1.367365536331166
quantile,200,0.5,3.0,0.2,10,18,0.8850139035620461
huber,200,0.5,3.0,0.2,10,18,0.8525467352769522
linear,200,0.5,3.0,0.2,10,19,1.326280450859036
quantile,200,0.5,3.0,0.2,10,19,1.0582722925791541
huber,200,0.5,3.0,0.2,10,19,1.106170952342685
linear,200,0.5,3.0,0.2,10,20,0.8498413285767494
quantile,200,0.5,3.0,0.2,10,20,1.0993566355840516
huber,200,0.5,3.0,0.2,10,20,0.9202714408025189
linear,200,0.5,3.0,0.2,10,21,0.9877437243719525
quantile,200,0.5,3.0,0.2,10,21,0.9952567862899329
huber,200,0.5,3.0,0.2,10,21,0.8422901903097088
linear,200,0.5,3.0,0.2,10,22,0.6734770105541362
quantile,200,0.5,3.0,0.2,10,22,0.6053786086133025
huber,200,0.5,3.0,0.2,10,22,0.5782198461606417
linear,200,0.5,3.0,0.2,10,23,1.5028355067695776
quantile,200,0.5,3.0,0.2,10,23,1.6569145929736475
huber,200,0.5,3.0,0.2,10,23,1.4353649723456268
linear,200,0.5,3.0,0.2,10,24,1.5593666858719568
quantile,200,0.5,3.0,0.2,10,24,1.5730458232971802
huber,200,0.5,3.0,0.2,10,24,1.519900728885891
linear,200,0.5,3.0,0.2,10,25,0.766024863733492
quantile,200,0.5,3.0,0.2,10,25,1.0504430675126353
huber,200,0.5,3.0,0.2,10,25,0.8575402870832558
linear,200,0.5,3.0,0.2,10,26,1.5914957383643846
quantile,200,0.5,3.0,0.2,10,26,1.005425752835352
huber,200,0.5,3.0,0.2,10,26,0.9559175754958732
linear,200,0.5,3.0,0.2,10,27,1.4581100288918303
quantile,200,0.5,3.0,0.2,10,27,1.0603505916804563
huber,200,0.5,3.0,0.2,10,27,0.9577619624929746
linear,200,0.5,3.0,0.2,10,28,1.3101678534458414
quantile,200,0.5,3.0,0.2,10,28,0.6753014079332957
huber,200,0.5,3.0,0.2,10,28,0.6531990407359497
linear,200,0.5,3.0,0.2,10,29,1.5657211540625984
quantile,200,0.5,3.0,0.2,10,29,1.177936693707358
huber,200,0.5,3.0,0.2,10,29,0.9057975114725907
linear,200,0.5,5.0,0.2,1,0,0.8420173006843557
quantile,200,0.5,5.0,0.2,1,0,1.3065174083428313
huber,200,0.5,5.0,0.2,1,0,0.9875889385534622
linear,200,0.5,5.0,0.2,1,1,1.4461763410931543
quantile,200,0.5,5.0,0.2,1,1,1.573539924575572
huber,200,0.5,5.0,0.2,1,1,1.5109880241882536
linear,200,0.5,5.0,0.2,1,2,1.194300284906451
quantile,200,0.5,5.0,0.2,1,2,1.0546753713926893
huber,200,0.5,5.0,0.2,1,2,1.0242306827750394
linear,200,0.5,5.0,0.2,1,3,0.9431853401868285
quantile,200,0.5,5.0,0.2,1,3,1.2002331524598275
huber,200,0.5,5.0,0.2,1,3,1.104439506976223
linear,200,0.5,5.0,0.2,1,4,1.0198825747747242
quantile,200,0.5,5.0,0.2,1,4,1.2041093886536856
huber,200,0.5,5.0,0.2,1,4,1.009363913094052
linear,200,0.5,5.0,0.2,1,5,0.6680999462553956
quantile,200,0.5,5.0,0.2,1,5,0.9348726084810214
huber,200,0.5,5.0,0.2,1,5,0.8662102973524517
linear,200,0.5,5.0,0.2,1,6,1.30923754987584
quantile,200,0.5,5.0,0.2,1,6,2.6818558846328604
huber,200,0.5,5.0,0.2,1,6,1.849456867891917
linear,200,0.5,5.0,0.2,1,7,1.3979034691684389
quantile,200,0.5,5.0,0.2,1,7,1.1513691428010349
huber,200,0.5,5.0,0.2,1,7,1.0449176261413398
linear,200,0.5,5.0,0.2,1,8,0.9585110669765795
quantile,200,0.5,5.0,0.2,1,8,0.9897480197320585
huber,200,0.5,5.0,0.2,1,8,0.8170850854921811
linear,200,0.5,5.0,0.2,1,9,0.9596955699282634
quantile,200,0.5,5.0,0.2,1,9,1.6958500387824407
huber,200,0.5,5.0,0.2,1,9,1.127937806567351
linear,200,0.5,5.0,0.2,1,10,1.0981334792263309
quantile,200,0.5,5.0,0.2,1,10,1.476427898762349
huber,200,0.5,5.0,0.2,1,10,1.3443937181991348
linear,200,0.5,5.0,0.2,1,11,0.9577449575748775
quantile,200,0.5,5.0,0.2,1,11,1.089283952387338
huber,200,0.5,5.0,0.2,1,11,0.9124046487127012
linear,200,0.5,5.0,0.2,1,12,0.8449316258727437
quantile,200,0.5,5.0,0.2,1,12,0.920165051889303
huber,200,0.5,5.0,0.2,1,12,0.7954406502743235
linear,200,0.5,5.0,0.2,1,13,0.9794390048098207
quantile,200,0.5,5.0,0.2,1,13,1.1412253260679124
huber,200,0.5,5.0,0.2,1,13,0.8684859357657847
linear,200,0.5,5.0,0.2,1,14,1.378141612535807
quantile,200,0.5,5.0,0.2,1,14,1.6615481750822731
huber,200,0.5,5.0,0.2,1,14,1.524742917355341
linear,200,0.5,5.0,0.2,1,15,0.7317748779308753
quantile,200,0.5,5.0,0.2,1,15,0.6142131803091495
huber,200,0.5,5.0,0.2,1,15,0.5762088197523693
linear,200,0.5,5.0,0.2,1,16,0.6677627437464028
quantile,200,0.5,5.0,0.2,1,16,1.318708390098019
huber,200,0.5,5.0,0.2,1,16,1.136642665597489
linear,200,0.5,5.0,0.2,1,17,0.9155255296601323
quantile,200,0.5,5.0,0.2,1,17,1.1750206924256898
huber,200,0.5,5.0,0.2,1,17,0.8995671601025612
linear,200,0.5,5.0,0.2,1,18,0.6865270815069501
quantile,200,0.5,5.0,0.2,1,18,1.2418026821948502
huber,200,0.5,5.0,0.2,1,18,1.061233803846268
linear,200,0.5,5.0,0.2,1,19,1.353732622246857
quantile,200,0.5,5.0,0.2,1,19,1.4675902126734073
huber,200,0.5,5.0,0.2,1,19,1.376569416081747
linear,200,0.5,5.0,0.2,1,20,1.079118915575155
quantile,200,0.5,5.0,0.2,1,20,1.0155194928697036
huber,200,0.5,5.0,0.2,1,20,0.9655677155396499
linear,200,0.5,5.0,0.2,1,21,1.0756268886835316
quantile,200,0.5,5.0,0.2,1,21,1.0405504454906038
huber,200,0.5,5.0,0.2,1,21,0.9525075099406574
linear,200,0.5,5.0,0.2,1,22,1.1907512597845522
quantile,200,0.5,5.0,0.2,1,22,1.6171707425061475
huber,200,0.5,5.0,0.2,1,22,1.4750382641218398
linear,200,0.5,5.0,0.2,1,23,0.7762123727828361
quantile,200,0.5,5.0,0.2,1,23,1.2401440608065954
huber,200,0.5,5.0,0.2,1,23,1.0034224119473194
linear,200,0.5,5.0,0.2,1,24,0.9934276922988625
quantile,200,0.5,5.0,0.2,1,24,1.3144584352675392
huber,200,0.5,5.0,0.2,1,24,1.2908852143845644
linear,200,0.5,5.0,0.2,1,25,1.310388139627801
quantile,200,0.5,5.0,0.2,1,25,1.8488227387740628
huber,200,0.5,5.0,0.2,1,25,1.7206121146199163
linear,200,0.5,5.0,0.2,1,26,1.0392495033294848
quantile,200,0.5,5.0,0.2,1,26,1.5620215522803291
huber,200,0.5,5.0,0.2,1,26,1.3801268688696446
linear,200,0.5,5.0,0.2,1,27,1.1443749847283724
quantile,200,0.5,5.0,0.2,1,27,1.542364336901632
huber,200,0.5,5.0,0.2,1,27,1.3572666161026996
linear,200,0.5,5.0,0.2,1,28,0.9103473700291339
quantile,200,0.5,5.0,0.2,1,28,1.337810006424399
huber,200,0.5,5.0,0.2,1,28,1.0074612024694938
linear,200,0.5,5.0,0.2,1,29,0.5618837216045861
quantile,200,0.5,5.0,0.2,1,29,1.3180678297206736
huber,200,0.5,5.0,0.2,1,29,1.0188194057598376
linear,200,0.5,5.0,0.2,5,0,1.043437781017634
quantile,200,0.5,5.0,0.2,5,0,1.478867020449758
huber,200,0.5,5.0,0.2,5,0,1.2574590189344554
linear,200,0.5,5.0,0.2,5,1,1.1077973346694732
quantile,200,0.5,5.0,0.2,5,1,1.529959575544547
huber,200,0.5,5.0,0.2,5,1,1.4128084299273818
linear,200,0.5,5.0,0.2,5,2,1.3400285992726104
quantile,200,0.5,5.0,0.2,5,2,0.8486014629124667
huber,200,0.5,5.0,0.2,5,2,0.8656537177652998
linear,200,0.5,5.0,0.2,5,3,1.264773805604101
quantile,200,0.5,5.0,0.2,5,3,1.0322485371012164
huber,200,0.5,5.0,0.2,5,3,0.9725264467723846
linear,200,0.5,5.0,0.2,5,4,1.539431673721978
quantile,200,0.5,5.0,0.2,5,4,1.4841201010183203
huber,200,0.5,5.0,0.2,5,4,1.2898733767755666
linear,200,0.5,5.0,0.2,5,5,0.8749496902572292
quantile,200,0.5,5.0,0.2,5,5,1.007887932318924
huber,200,0.5,5.0,0.2,5,5,0.8760450073932171
linear,200,0.5,5.0,0.2,5,6,0.9294404626125591
quantile,200,0.5,5.0,0.2,5,6,0.8990578386758086
huber,200,0.5,5.0,0.2,5,6,0.7907467628985106
linear,200,0.5,5.0,0.2,5,7,2.5865882161722604
quantile,200,0.5,5.0,0.2,5,7,1.6837598371852394
huber,200,0.5,5.0,0.2,5,7,1.3099300857319112
linear,200,0.5,5.0,0.2,5,8,0.6442950382251795
quantile,200,0.5,5.0,0.2,5,8,0.8711894729823874
huber,200,0.5,5.0,0.2,5,8,0.7532501043419869
linear,200,0.5,5.0,0.2,5,9,1.0708432482460517
quantile,200,0.5,5.0,0.2,5,9,1.2862520949729228
huber,200,0.5,5.0,0.2,5,9,0.9745838361914826
linear,200,0.5,5.0,0.2,5,10,1.6174935570636895
quantile,200,0.5,5.0,0.2,5,10,1.6906829717938892
huber,200,0.5,5.0,0.2,5,10,1.5570447920881372
linear,200,0.5,5.0,0.2,5,11,1.0174822401818655
quantile,200,0.5,5.0,0.2,5,11,1.1009810107398081
huber,200,0.5,5.0,0.2,5,11,0.9438776880227839
linear,200,0.5,5.0,0.2,5,12,1.0079370630723765
quantile,200,0.5,5.0,0.2,5,12,1.2779967802783274
huber,200,0.5,5.0,0.2,5,12,1.1222742209145846
linear,200,0.5,5.0,0.2,5,13,0.9329194464583834
quantile,200,0.5,5.0,0.2,5,13,1.0638926060998017
huber,200,0.5,5.0,0.2,5,13,0.887096746356279
linear,200,0.5,5.0,0.2,5,14,1.0807070727360324
quantile,200,0.5,5.0,0.2,5,14,1.3738717344048486
huber,200,0.5,5.0,0.2,5,14,1.0218642863264675
linear,200,0.5,5.0,0.2,5,15,1.2651356312905273
quantile,200,0.5,5.0,0.2,5,15,0.8065363934369165
huber,200,0.5,5.0,0.2,5,15,0.8162093036956685
linear,200,0.5,5.0,0.2,5,16,0.7804936334973109
quantile,200,0.5,5.0,0.2,5,16,1.1718651335006087
huber,200,0.5,5.0,0.2,5,16,1.027529622912479
linear,200,0.5,5.0,0.2,5,17,0.6718960618405115
quantile,200,0.5,5.0,0.2,5,17,0.8423671900595284
huber,200,0.5,5.0,0.2,5,17,0.7938193414343856
linear,200,0.5,5.0,0.2,5,18,0.9141648232756089
quantile,200,0.5,5.0,0.2,5,18,1.3887316362167472
huber,200,0.5,5.0,0.2,5,18,1.0381499620268746
linear,200,0.5,5.0,0.2,5,19,1.386872881646365
quantile,200,0.5,5.0,0.2,5,19,2.0213915264218545
huber,200,0.5,5.0,0.2,5,19,1.711474441130644
linear,200,0.5,5.0,0.2,5,20,1.2432377649238846
quantile,200,0.5,5.0,0.2,5,20,1.7999659427788943
huber,200,0.5,5.0,0.2,5,20,1.4609624669035535
linear,200,0.5,5.0,0.2,5,21,0.7591399794614707
quantile,200,0.5,5.0,0.2,5,21,1.139564228579151
huber,200,0.5,5.0,0.2,5,21,0.9784895749161817
linear,200,0.5,5.0,0.2,5,22,0.7953836640387854
quantile,200,0.5,5.0,0.2,5,22,1.3030534685607789
huber,200,0.5,5.0,0.2,5,22,1.2194114350607186
linear,200,0.5,5.0,0.2,5,23,0.8223748753832365
quantile,200,0.5,5.0,0.2,5,23,1.3765787239558698
huber,200,0.5,5.0,0.2,5,23,1.049758460296673
linear,200,0.5,5.0,0.2,5,24,1.1304464408050625
quantile,200,0.5,5.0,0.2,5,24,1.7412861858306226
huber,200,0.5,5.0,0.2,5,24,1.5480969652724268
linear,200,0.5,5.0,0.2,5,25,1.297550799357254
quantile,200,0.5,5.0,0.2,5,25,1.811154027431791
huber,200,0.5,5.0,0.2,5,25,1.8373424937033653
linear,200,0.5,5.0,0.2,5,26,1.2572108739453398
quantile,200,0.5,5.0,0.2,5,26,1.4509812407776241
huber,200,0.5,5.0,0.2,5,26,1.2900321037714033
linear,200,0.5,5.0,0.2,5,27,0.9528812867803789
quantile,200,0.5,5.0,0.2,5,27,1.1068106598563379
huber,200,0.5,5.0,0.2,5,27,1.0457431195222628
linear,200,0.5,5.0,0.2,5,28,1.2379382606218734
quantile,200,0.5,5.0,0.2,5,28,1.777849118451935
huber,200,0.5,5.0,0.2,5,28,1.428260774700122
linear,200,0.5,5.0,0.2,5,29,1.0300719805852323
quantile,200,0.5,5.0,0.2,5,29,1.2055582381301375
huber,200,0.5,5.0,0.2,5,29,1.2311353609764208
linear,200,0.5,5.0,0.2,10,0,0.9321631559105193
quantile,200,0.5,5.0,0.2,10,0,1.5264220836556983
huber,200,0.5,5.0,0.2,10,0,1.300014754897931
linear,200,0.5,5.0,0.2,10,1,1.1902355725374598
quantile,200,0.5,5.0,0.2,10,1,1.6650065166010963
huber,200,0.5,5.0,0.2,10,1,1.488961199258208
linear,200,0.5,5.0,0.2,10,2,1.0001444301696794
quantile,200,0.5,5.0,0.2,10,2,1.0528045481966035
huber,200,0.5,5.0,0.2,10,2,0.9707828486035951
linear,200,0.5,5.0,0.2,10,3,1.0738223095978228
quantile,200,0.5,5.0,0.2,10,3,1.2380156702647664
huber,200,0.5,5.0,0.2,10,3,1.1343461280228837
linear,200,0.5,5.0,0.2,10,4,0.9220516950246722
quantile,200,0.5,5.0,0.2,10,4,1.116302759320065
huber,200,0.5,5.0,0.2,10,4,1.0594484650089593
linear,200,0.5,5.0,0.2,10,5,0.5839813507873416
quantile,200,0.5,5.0,0.2,10,5,0.9032139490081563
huber,200,0.5,5.0,0.2,10,5,0.6812138751524524
linear,200,0.5,5.0,0.2,10,6,1.0148819760665424
quantile,200,0.5,5.0,0.2,10,6,1.1670904262770327
huber,200,0.5,5.0,0.2,10,6,1.0084788827025182
linear,200,0.5,5.0,0.2,10,7,1.3715753791376408
quantile,200,0.5,5.0,0.2,10,7,1.7993792504240131
huber,200,0.5,5.0,0.2,10,7,1.5227281332236555
linear,200,0.5,5.0,0.2,10,8,0.8667475835475604
quantile,200,0.5,5.0,0.2,10,8,1.1313385716699071
huber,200,0.5,5.0,0.2,10,8,0.9174545326217542
linear,200,0.5,5.0,0.2,10,9,0.9068764685796468
quantile,200,0.5,5.0,0.2,10,9,1.1618070871217332
huber,200,0.5,5.0,0.2,10,9,1.10874515085812
linear,200,0.5,5.0,0.2,10,10,1.1941203482175808
quantile,200,0.5,5.0,0.2,10,10,1.188587958223582
huber,200,0.5,5.0,0.2,10,10,1.1307053984604494
linear,200,0.5,5.0,0.2,10,11,1.1303708788816158
quantile,200,0.5,5.0,0.2,10,11,1.2154465158116003
huber,200,0.5,5.0,0.2,10,11,1.1197374383053653
linear,200,0.5,5.0,0.2,10,12,1.1572332544664397
quantile,200,0.5,5.0,0.2,10,12,1.4285787096711902
huber,200,0.5,5.0,0.2,10,12,1.335209166746397
linear,200,0.5,5.0,0.2,10,13,1.2817253035537923
quantile,200,0.5,5.0,0.2,10,13,1.5629639680650642
huber,200,0.5,5.0,0.2,10,13,1.133392184957632
linear,200,0.5,5.0,0.2,10,14,1.0130475670640375
quantile,200,0.5,5.0,0.2,10,14,1.2206968225248231
huber,200,0.5,5.0,0.2,10,14,1.2173714231239137
linear,200,0.5,5.0,0.2,10,15,1.218402406220188
quantile,200,0.5,5.0,0.2,10,15,1.238149926657611
huber,200,0.5,5.0,0.2,10,15,1.1410745480901061
linear,200,0.5,5.0,0.2,10,16,0.8557072971985288
quantile,200,0.5,5.0,0.2,10,16,1.167470817013562
huber,200,0.5,5.0,0.2,10,16,0.909151792372818
linear,200,0.5,5.0,0.2,10,17,1.318370332956684
quantile,200,0.5,5.0,0.2,10,17,1.3351809500843073
huber,200,0.5,5.0,0.2,10,17,1.3708830258907128
linear,200,0.5,5.0,0.2,10,18,1.3412165519570614
quantile,200,0.5,5.0,0.2,10,18,1.4433697031601755
huber,200,0.5,5.0,0.2,10,18,1.1521325413448251
linear,200,0.5,5.0,0.2,10,19,0.6164474752771306
quantile,200,0.5,5.0,0.2,10,19,1.135713915017588
huber,200,0.5,5.0,0.2,10,19,0.7720440965571339
linear,200,0.5,5.0,0.2,10,20,0.9368121914604757
quantile,200,0.5,5.0,0.2,10,20,1.3430857538065522
huber,200,0.5,5.0,0.2,10,20,1.235316223340676
linear,200,0.5,5.0,0.2,10,21,0.8284738497701156
quantile,200,0.5,5.0,0.2,10,21,1.0754504079282292
huber,200,0.5,5.0,0.2,10,21,0.9670064099549994
linear,200,0.5,5.0,0.2,10,22,1.020440695808056
quantile,200,0.5,5.0,0.2,10,22,1.0034229178249774
huber,200,0.5,5.0,0.2,10,22,0.9477609062045327
linear,200,0.5,5.0,0.2,10,23,0.7715443743397712
quantile,200,0.5,5.0,0.2,10,23,0.8501104008514515
huber,200,0.5,5.0,0.2,10,23,0.7503895977926838
linear,200,0.5,5.0,0.2,10,24,1.0396880149886216
quantile,200,0.5,5.0,0.2,10,24,1.377019080483011
huber,200,0.5,5.0,0.2,10,24,1.2714845212363277
linear,200,0.5,5.0,0.2,10,25,1.0045421624134458
quantile,200,0.5,5.0,0.2,10,25,1.510004180575458
huber,200,0.5,5.0,0.2,10,25,1.3184917883693812
linear,200,0.5,5.0,0.2,10,26,1.093275976706983
quantile,200,0.5,5.0,0.2,10,26,1.576966056538502
huber,200,0.5,5.0,0.2,10,26,1.2690764169601054
linear,200,0.5,5.0,0.2,10,27,1.1408622725334987
quantile,200,0.5,5.0,0.2,10,27,1.3386662554069952
huber,200,0.5,5.0,0.2,10,27,1.4315866756216826
linear,200,0.5,5.0,0.2,10,28,0.6915312198790601
quantile,200,0.5,5.0,0.2,10,28,1.0656519638829294
huber,200,0.5,5.0,0.2,10,28,0.8727408578317174
linear,200,0.5,5.0,0.2,10,29,1.4021780990577069
quantile,200,0.5,5.0,0.2,10,29,1.9266065572862525
huber,200,0.5,5.0,0.2,10,29,1.4488599535123785
linear,200,0.5,10.0,0.2,1,0,0.7973539054167551
quantile,200,0.5,10.0,0.2,1,0,1.3867631418833852
huber,200,0.5,10.0,0.2,1,0,1.1602980139231331
linear,200,0.5,10.0,0.2,1,1,0.7498182880907961
quantile,200,0.5,10.0,0.2,1,1,1.3133724594672669
huber,200,0.5,10.0,0.2,1,1,0.9779383536387906
linear,200,0.5,10.0,0.2,1,2,1.3218441583256246
quantile,200,0.5,10.0,0.2,1,2,2.080024420842968
huber,200,0.5,10.0,0.2,1,2,1.6621608711157958
linear,200,0.5,10.0,0.2,1,3,1.293017820954316
quantile,200,0.5,10.0,0.2,1,3,1.6042864232943346
huber,200,0.5,10.0,0.2,1,3,1.6522924301904
linear,200,0.5,10.0,0.2,1,4,1.0167054696284752
quantile,200,0.5,10.0,0.2,1,4,1.115759013536697
huber,200,0.5,10.0,0.2,1,4,1.0106722189496333
linear,200,0.5,10.0,0.2,1,5,1.3744369332223263
quantile,200,0.5,10.0,0.2,1,5,1.6473097713181415
huber,200,0.5,10.0,0.2,1,5,1.39439646146236
linear,200,0.5,10.0,0.2,1,6,1.1468801009810095
quantile,200,0.5,10.0,0.2,1,6,1.769802152615739
huber,200,0.5,10.0,0.2,1,6,1.6766245119241483
linear,200,0.5,10.0,0.2,1,7,0.9807341519881996
quantile,200,0.5,10.0,0.2,1,7,1.1899091929666767
huber,200,0.5,10.0,0.2,1,7,1.2328262882904109
linear,200,0.5,10.0,0.2,1,8,1.1686419194923174
quantile,200,0.5,10.0,0.2,1,8,2.0913883464305774
huber,200,0.5,10.0,0.2,1,8,1.7487943443178393
linear,200,0.5,10.0,0.2,1,9,0.963462190944157
quantile,200,0.5,10.0,0.2,1,9,1.4707738164884134
huber,200,0.5,10.0,0.2,1,9,1.4091733834958406
linear,200,0.5,10.0,0.2,1,10,1.012593282700472
quantile,200,0.5,10.0,0.2,1,10,1.6144925105819945
huber,200,0.5,10.0,0.2,1,10,1.3521426591677974
linear,200,0.5,10.0,0.2,1,11,0.7874390372046167
quantile,200,0.5,10.0,0.2,1,11,1.2266449541823234
huber,200,0.5,10.0,0.2,1,11,1.0497506030873558
linear,200,0.5,10.0,0.2,1,12,1.1211532474365493
quantile,200,0.5,10.0,0.2,1,12,1.8109182273580195
huber,200,0.5,10.0,0.2,1,12,1.6160109014879371
linear,200,0.5,10.0,0.2,1,13,1.03627028863322
quantile,200,0.5,10.0,0.2,1,13,1.6082043623921822
huber,200,0.5,10.0,0.2,1,13,1.2970186259474306
linear,200,0.5,10.0,0.2,1,14,1.0820427937984178
quantile,200,0.5,10.0,0.2,1,14,1.4067007647295697
huber,200,0.5,10.0,0.2,1,14,1.2061473756467143
linear,200,0.5,10.0,0.2,1,15,0.941947390179489
quantile,200,0.5,10.0,0.2,1,15,1.5924606669983905
huber,200,0.5,10.0,0.2,1,15,1.3495528317160774
linear,200,0.5,10.0,0.2,1,16,1.0499484390286797
quantile,200,0.5,10.0,0.2,1,16,1.8335231733117912
huber,200,0.5,10.0,0.2,1,16,1.4879533829767906
linear,200,0.5,10.0,0.2,1,17,0.6864124911219833
quantile,200,0.5,10.0,0.2,1,17,1.2069081887484403
huber,200,0.5,10.0,0.2,1,17,0.8839997547164874
linear,200,0.5,10.0,0.2,1,18,0.9471129818815943
quantile,200,0.5,10.0,0.2,1,18,1.4833834776825159
huber,200,0.5,10.0,0.2,1,18,1.3922961406733996
linear,200,0.5,10.0,0.2,1,19,1.4349597284909388
quantile,200,0.5,10.0,0.2,1,19,2.059400250231259
huber,200,0.5,10.0,0.2,1,19,1.8890384042972286
linear,200,0.5,10.0,0.2,1,20,1.2789012380997382
quantile,200,0.5,10.0,0.2,1,20,1.8524072866228412
huber,200,0.5,10.0,0.2,1,20,1.561069435597093
linear,200,0.5,10.0,0.2,1,21,1.1778770160004661
quantile,200,0.5,10.0,0.2,1,21,1.6414798473493022
huber,200,0.5,10.0,0.2,1,21,1.411209889244996
linear,200,0.5,10.0,0.2,1,22,1.4338081758654726
quantile,200,0.5,10.0,0.2,1,22,2.131352158934328
huber,200,0.5,10.0,0.2,1,22,2.054564510769057
linear,200,0.5,10.0,0.2,1,23,0.7620780669483883
quantile,200,0.5,10.0,0.2,1,23,1.1383235197999315
huber,200,0.5,10.0,0.2,1,23,0.8987912764920298
linear,200,0.5,10.0,0.2,1,24,1.4100027391941536
quantile,200,0.5,10.0,0.2,1,24,1.9442012681619052
huber,200,0.5,10.0,0.2,1,24,1.8288224382047003
linear,200,0.5,10.0,0.2,1,25,1.0646814428083664
quantile,200,0.5,10.0,0.2,1,25,1.1393418709440217
huber,200,0.5,10.0,0.2,1,25,1.145483028325326
linear,200,0.5,10.0,0.2,1,26,1.029957376834686
quantile,200,0.5,10.0,0.2,1,26,1.8078094963053977
huber,200,0.5,10.0,0.2,1,26,1.5135496555377348
linear,200,0.5,10.0,0.2,1,27,0.888138931762939
quantile,200,0.5,10.0,0.2,1,27,1.103639279346971
huber,200,0.5,10.0,0.2,1,27,1.1077163636570988
linear,200,0.5,10.0,0.2,1,28,1.0247039007449477
quantile,200,0.5,10.0,0.2,1,28,1.2112958428356346
huber,200,0.5,10.0,0.2,1,28,1.2901687653242915
linear,200,0.5,10.0,0.2,1,29,1.4610531813287806
quantile,200,0.5,10.0,0.2,1,29,1.7290839822430528
huber,200,0.5,10.0,0.2,1,29,1.4152961257238197
linear,200,0.5,10.0,0.2,5,0,1.323383005689238
quantile,200,0.5,10.0,0.2,5,0,2.034182254486645
huber,200,0.5,10.0,0.2,5,0,1.571073219640865
linear,200,0.5,10.0,0.2,5,1,1.0859139670606013
quantile,200,0.5,10.0,0.2,5,1,1.5608582962574338
huber,200,0.5,10.0,0.2,5,1,1.57346775152157
linear,200,0.5,10.0,0.2,5,2,1.296394061022695
quantile,200,0.5,10.0,0.2,5,2,1.4459347098916335
huber,200,0.5,10.0,0.2,5,2,1.2183584920651738
linear,200,0.5,10.0,0.2,5,3,1.0704100618350523
quantile,200,0.5,10.0,0.2,5,3,1.6187909962744456
huber,200,0.5,10.0,0.2,5,3,1.2750011769217398
linear,200,0.5,10.0,0.2,5,4,1.333054485356531
quantile,200,0.5,10.0,0.2,5,4,1.5168945847409216
huber,200,0.5,10.0,0.2,5,4,1.3379179592268557
linear,200,0.5,10.0,0.2,5,5,1.2810029918217811
quantile,200,0.5,10.0,0.2,5,5,1.5250021892840309
huber,200,0.5,10.0,0.2,5,5,1.2607871181221113
linear,200,0.5,10.0,0.2,5,6,0.9319685878380529
quantile,200,0.5,10.0,0.2,5,6,1.4062662129401566
huber,200,0.5,10.0,0.2,5,6,1.1983683933193128
linear,200,0.5,10.0,0.2,5,7,1.0716623344991123
quantile,200,0.5,10.0,0.2,5,7,1.5932478182891552
huber,200,0.5,10.0,0.2,5,7,1.3281069872665734
linear,200,0.5,10.0,0.2,5,8,0.9663925946593833
quantile,200,0.5,10.0,0.2,5,8,1.0098158340176562
huber,200,0.5,10.0,0.2,5,8,0.7810635421157199
linear,200,0.5,10.0,0.2,5,9,1.0780373287241445
quantile,200,0.5,10.0,0.2,5,9,1.352622372162981
huber,200,0.5,10.0,0.2,5,9,1.129763152043453
linear,200,0.5,10.0,0.2,5,10,0.8078312184293911
quantile,200,0.5,10.0,0.2,5,10,1.4138638916497617
huber,200,0.5,10.0,0.2,5,10,1.1193977607868575
linear,200,0.5,10.0,0.2,5,11,0.9045348038041316
quantile,200,0.5,10.0,0.2,5,11,1.2216363079427037
huber,200,0.5,10.0,0.2,5,11,0.9735756531203567
linear,200,0.5,10.0,0.2,5,12,1.752166609303561
quantile,200,0.5,10.0,0.2,5,12,1.4716746209938412
huber,200,0.5,10.0,0.2,5,12,1.53812095605681
linear,200,0.5,10.0,0.2,5,13,1.663734480739296
quantile,200,0.5,10.0,0.2,5,13,1.1993740139798386
huber,200,0.5,10.0,0.2,5,13,1.189163432503476
linear,200,0.5,10.0,0.2,5,14,0.9384356004502453
quantile,200,0.5,10.0,0.2,5,14,1.1251932486018048
huber,200,0.5,10.0,0.2,5,14,1.251147881449245
linear,200,0.5,10.0,0.2,5,15,1.1650625122138296
quantile,200,0.5,10.0,0.2,5,15,1.4525198790696923
huber,200,0.5,10.0,0.2,5,15,1.298939170808142
linear,200,0.5,10.0,0.2,5,16,1.2561034559650162
quantile,200,0.5,10.0,0.2,5,16,1.6382299619309768
huber,200,0.5,10.0,0.2,5,16,1.489341464082512
linear,200,0.5,10.0,0.2,5,17,0.8865489834012147
quantile,200,0.5,10.0,0.2,5,17,1.9596620480477391
huber,200,0.5,10.0,0.2,5,17,1.5256947689910942
linear,200,0.5,10.0,0.2,5,18,1.1516770077780603
quantile,200,0.5,10.0,0.2,5,18,1.5961745929100815
huber,200,0.5,10.0,0.2,5,18,1.2668499527404495
linear,200,0.5,10.0,0.2,5,19,1.5721113921705887
quantile,200,0.5,10.0,0.2,5,19,2.1433716401535614
huber,200,0.5,10.0,0.2,5,19,1.668007447488593
linear,200,0.5,10.0,0.2,5,20,1.067164361194712
quantile,200,0.5,10.0,0.2,5,20,2.087734154972117
huber,200,0.5,10.0,0.2,5,20,1.717625026040438
linear,200,0.5,10.0,0.2,5,21,1.3803722100675617
quantile,200,0.5,10.0,0.2,5,21,2.0803677223199903
huber,200,0.5,10.0,0.2,5,21,1.94210820945311
linear,200,0.5,10.0,0.2,5,22,0.9266386477004916
quantile,200,0.5,10.0,0.2,5,22,1.6535094742112713
huber,200,0.5,10.0,0.2,5,22,1.2180571247739433
linear,200,0.5,10.0,0.2,5,23,1.0030906780311364
quantile,200,0.5,10.0,0.2,5,23,1.225245618248572
huber,200,0.5,10.0,0.2,5,23,1.211599576283663
linear,200,0.5,10.0,0.2,5,24,1.3420676820644988
quantile,200,0.5,10.0,0.2,5,24,1.3925376255074982
huber,200,0.5,10.0,0.2,5,24,1.3435689521113399
linear,200,0.5,10.0,0.2,5,25,0.9944977150965616
quantile,200,0.5,10.0,0.2,5,25,1.8112293864471225
huber,200,0.5,10.0,0.2,5,25,1.5714936142513334
linear,200,0.5,10.0,0.2,5,26,0.8563606023567337
quantile,200,0.5,10.0,0.2,5,26,1.486975843984186
huber,200,0.5,10.0,0.2,5,26,1.3110814418677643
linear,200,0.5,10.0,0.2,5,27,0.7564392037495553
quantile,200,0.5,10.0,0.2,5,27,1.0051453841014797
huber,200,0.5,10.0,0.2,5,27,0.9880368735683611
linear,200,0.5,10.0,0.2,5,28,1.0663052926662038
quantile,200,0.5,10.0,0.2,5,28,1.5464978331926567
huber,200,0.5,10.0,0.2,5,28,1.3851326805482331
linear,200,0.5,10.0,0.2,5,29,1.395608055175265
quantile,200,0.5,10.0,0.2,5,29,2.5539859949063124
huber,200,0.5,10.0,0.2,5,29,2.109200517321969
linear,200,0.5,10.0,0.2,10,0,1.2000315901180143
quantile,200,0.5,10.0,0.2,10,0,1.8062847916504814
huber,200,0.5,10.0,0.2,10,0,1.6019568625214997
linear,200,0.5,10.0,0.2,10,1,1.1727575592662238
quantile,200,0.5,10.0,0.2,10,1,1.1834491131165643
huber,200,0.5,10.0,0.2,10,1,1.2064996066822862
linear,200,0.5,10.0,0.2,10,2,1.0895519466367094
quantile,200,0.5,10.0,0.2,10,2,1.851244506046023
huber,200,0.5,10.0,0.2,10,2,1.5520683336436372
linear,200,0.5,10.0,0.2,10,3,1.579030601414843
quantile,200,0.5,10.0,0.2,10,3,2.0164138607984405
huber,200,0.5,10.0,0.2,10,3,1.8651179242480906
linear,200,0.5,10.0,0.2,10,4,1.3227012553018618
quantile,200,0.5,10.0,0.2,10,4,1.661278544914837
huber,200,0.5,10.0,0.2,10,4,1.462431828436212
linear,200,0.5,10.0,0.2,10,5,0.7821551847807151
quantile,200,0.5,10.0,0.2,10,5,1.263593367863528
huber,200,0.5,10.0,0.2,10,5,1.1885224015910234
linear,200,0.5,10.0,0.2,10,6,0.7156298516017664
quantile,200,0.5,10.0,0.2,10,6,0.9349397307533692
huber,200,0.5,10.0,0.2,10,6,0.7871211270704521
linear,200,0.5,10.0,0.2,10,7,1.1005308699230605
quantile,200,0.5,10.0,0.2,10,7,1.4602000748714477
huber,200,0.5,10.0,0.2,10,7,1.3413961750106331
linear,200,0.5,10.0,0.2,10,8,1.4742201953732763
quantile,200,0.5,10.0,0.2,10,8,2.100976633983219
huber,200,0.5,10.0,0.2,10,8,1.8238100144975724
linear,200,0.5,10.0,0.2,10,9,1.4676490611966955
quantile,200,0.5,10.0,0.2,10,9,2.151708892837786
huber,200,0.5,10.0,0.2,10,9,1.888637455364436
linear,200,0.5,10.0,0.2,10,10,1.31307504549318
quantile,200,0.5,10.0,0.2,10,10,1.6831175027585805
huber,200,0.5,10.0,0.2,10,10,1.57306884825287
linear,200,0.5,10.0,0.2,10,11,1.2388663340172839
quantile,200,0.5,10.0,0.2,10,11,1.4583499266396833
huber,200,0.5,10.0,0.2,10,11,1.3212981095353908
linear,200,0.5,10.0,0.2,10,12,1.0754800362358687
quantile,200,0.5,10.0,0.2,10,12,1.573455282234405
huber,200,0.5,10.0,0.2,10,12,1.2358531472670262
linear,200,0.5,10.0,0.2,10,13,1.8625546946740565
quantile,200,0.5,10.0,0.2,10,13,2.2627487411876
huber,200,0.5,10.0,0.2,10,13,2.116547631713723
linear,200,0.5,10.0,0.2,10,14,0.6422198213388215
quantile,200,0.5,10.0,0.2,10,14,1.2133080514528105
huber,200,0.5,10.0,0.2,10,14,0.9549790472788094
linear,200,0.5,10.0,0.2,10,15,1.0956724170158434
quantile,200,0.5,10.0,0.2,10,15,1.6795031415188852
huber,200,0.5,10.0,0.2,10,15,1.370085543454076
linear,200,0.5,10.0,0.2,10,16,1.2560587192603165
quantile,200,0.5,10.0,0.2,10,16,1.4809940536984627
huber,200,0.5,10.0,0.2,10,16,1.4159737740176834
linear,200,0.5,10.0,0.2,10,17,0.8470935396183136
quantile,200,0.5,10.0,0.2,10,17,1.1670334519967658
huber,200,0.5,10.0,0.2,10,17,1.0961871413263549
linear,200,0.5,10.0,0.2,10,18,1.1687493144765286
quantile,200,0.5,10.0,0.2,10,18,1.3778103874792147
huber,200,0.5,10.0,0.2,10,18,1.2872099020753882
linear,200,0.5,10.0,0.2,10,19,0.6586442223604089
quantile,200,0.5,10.0,0.2,10,19,0.9975537157121251
huber,200,0.5,10.0,0.2,10,19,0.8516052235689323
linear,200,0.5,10.0,0.2,10,20,0.8864387173881255
quantile,200,0.5,10.0,0.2,10,20,1.4456349859654505
huber,200,0.5,10.0,0.2,10,20,1.284147331637487
linear,200,0.5,10.0,0.2,10,21,0.9856396697278362
quantile,200,0.5,10.0,0.2,10,21,1.2560940724517249
huber,200,0.5,10.0,0.2,10,21,1.1245634216780083
linear,200,0.5,10.0,0.2,10,22,1.0357828459375478
quantile,200,0.5,10.0,0.2,10,22,1.4971293151118865
huber,200,0.5,10.0,0.2,10,22,1.3024864063173895
linear,200,0.5,10.0,0.2,10,23,1.0841449865706092
quantile,200,0.5,10.0,0.2,10,23,1.2165575115171594
huber,200,0.5,10.0,0.2,10,23,1.1315758984418378
linear,200,0.5,10.0,0.2,10,24,1.2875515954044014
quantile,200,0.5,10.0,0.2,10,24,1.8469570347846274
huber,200,0.5,10.0,0.2,10,24,1.4578266758465719
linear,200,0.5,10.0,0.2,10,25,1.056855048361763
quantile,200,0.5,10.0,0.2,10,25,1.1102481673579832
huber,200,0.5,10.0,0.2,10,25,0.9723147318322432
linear,200,0.5,10.0,0.2,10,26,0.8032874672940787
quantile,200,0.5,10.0,0.2,10,26,1.3564217699930516
huber,200,0.5,10.0,0.2,10,26,1.111524438335332
linear,200,0.5,10.0,0.2,10,27,1.6126977934885465
quantile,200,0.5,10.0,0.2,10,27,2.1968717603743286
huber,200,0.5,10.0,0.2,10,27,1.743447915714238
linear,200,0.5,10.0,0.2,10,28,1.0407449992169582
quantile,200,0.5,10.0,0.2,10,28,1.2479050972949617
huber,200,0.5,10.0,0.2,10,28,1.2333677485482526
linear,200,0.5,10.0,0.2,10,29,1.1673051790451412
quantile,200,0.5,10.0,0.2,10,29,1.2445275681243138
huber,200,0.5,10.0,0.2,10,29,1.187386705030848
linear,200,0.5,15.0,0.2,1,0,1.0811474150856923
quantile,200,0.5,15.0,0.2,1,0,1.2180591213047507
huber,200,0.5,15.0,0.2,1,0,1.0172239869707491
linear,200,0.5,15.0,0.2,1,1,1.7486765299997509
quantile,200,0.5,15.0,0.2,1,1,2.2262447897567297
huber,200,0.5,15.0,0.2,1,1,2.2027570773233234
linear,200,0.5,15.0,0.2,1,2,1.2741413564487913
quantile,200,0.5,15.0,0.2,1,2,1.8504391344470914
huber,200,0.5,15.0,0.2,1,2,1.4005385361917182
linear,200,0.5,15.0,0.2,1,3,1.3356221753702602
quantile,200,0.5,15.0,0.2,1,3,1.7513614638927926
huber,200,0.5,15.0,0.2,1,3,1.5263383528679522
linear,200,0.5,15.0,0.2,1,4,1.0643239778709115
quantile,200,0.5,15.0,0.2,1,4,1.2768425388125872
huber,200,0.5,15.0,0.2,1,4,1.2011736116399359
linear,200,0.5,15.0,0.2,1,5,0.9537760373108464
quantile,200,0.5,15.0,0.2,1,5,1.2262511562657155
huber,200,0.5,15.0,0.2,1,5,1.1046044304992357
linear,200,0.5,15.0,0.2,1,6,1.2255571172497481
quantile,200,0.5,15.0,0.2,1,6,1.6554632067851633
huber,200,0.5,15.0,0.2,1,6,1.4074082057271748
linear,200,0.5,15.0,0.2,1,7,1.1000567483725188
quantile,200,0.5,15.0,0.2,1,7,1.5341597710138097
huber,200,0.5,15.0,0.2,1,7,1.2932024122885613
linear,200,0.5,15.0,0.2,1,8,0.9873647521111109
quantile,200,0.5,15.0,0.2,1,8,1.3156999635604618
huber,200,0.5,15.0,0.2,1,8,0.9937693505382259
linear,200,0.5,15.0,0.2,1,9,0.9854079846347344
quantile,200,0.5,15.0,0.2,1,9,1.4288949565209181
huber,200,0.5,15.0,0.2,1,9,1.351904986944187
linear,200,0.5,15.0,0.2,1,10,1.5850173863332924
quantile,200,0.5,15.0,0.2,1,10,1.979841093909805
huber,200,0.5,15.0,0.2,1,10,1.7281743482965857
linear,200,0.5,15.0,0.2,1,11,1.4354349019526702
quantile,200,0.5,15.0,0.2,1,11,2.319971780007536
huber,200,0.5,15.0,0.2,1,11,2.0950699078682407
linear,200,0.5,15.0,0.2,1,12,1.8701715099250404
quantile,200,0.5,15.0,0.2,1,12,2.42194258700775
huber,200,0.5,15.0,0.2,1,12,2.382681478159279
linear,200,0.5,15.0,0.2,1,13,1.3114380662015996
quantile,200,0.5,15.0,0.2,1,13,2.153870219092493
huber,200,0.5,15.0,0.2,1,13,2.0006527166341015
linear,200,0.5,15.0,0.2,1,14,1.122430835206817
quantile,200,0.5,15.0,0.2,1,14,1.3526840843291892
huber,200,0.5,15.0,0.2,1,14,1.270801574000543
linear,200,0.5,15.0,0.2,1,15,0.9801021987823433
quantile,200,0.5,15.0,0.2,1,15,1.926012315910294
huber,200,0.5,15.0,0.2,1,15,1.363880297489666
linear,200,0.5,15.0,0.2,1,16,1.1592713772900405
quantile,200,0.5,15.0,0.2,1,16,1.3182160079369747
huber,200,0.5,15.0,0.2,1,16,1.2965473356336854
linear,200,0.5,15.0,0.2,1,17,0.7803702318687492
quantile,200,0.5,15.0,0.2,1,17,1.1126644276707283
huber,200,0.5,15.0,0.2,1,17,1.0354496240907958
linear,200,0.5,15.0,0.2,1,18,0.7159772839485017
quantile,200,0.5,15.0,0.2,1,18,0.88550627592595
huber,200,0.5,15.0,0.2,1,18,0.7508718952612057
linear,200,0.5,15.0,0.2,1,19,0.8452508940435466
quantile,200,0.5,15.0,0.2,1,19,1.3262718207651067
huber,200,0.5,15.0,0.2,1,19,1.072011663918785
linear,200,0.5,15.0,0.2,1,20,0.9543681836439208
quantile,200,0.5,15.0,0.2,1,20,1.1527791390098543
huber,200,0.5,15.0,0.2,1,20,1.1135409168525585
linear,200,0.5,15.0,0.2,1,21,1.6037226114940608
quantile,200,0.5,15.0,0.2,1,21,1.808537843458601
huber,200,0.5,15.0,0.2,1,21,1.810092567414679
linear,200,0.5,15.0,0.2,1,22,1.4049988574619714
quantile,200,0.5,15.0,0.2,1,22,1.5631843064508824
huber,200,0.5,15.0,0.2,1,22,1.5459315366409863
linear,200,0.5,15.0,0.2,1,23,1.8465907737448484
quantile,200,0.5,15.0,0.2,1,23,2.11374538898418
huber,200,0.5,15.0,0.2,1,23,2.245397022676146
linear,200,0.5,15.0,0.2,1,24,0.9803457654609424
quantile,200,0.5,15.0,0.2,1,24,1.787938025060786
huber,200,0.5,15.0,0.2,1,24,1.3792591630783093
linear,200,0.5,15.0,0.2,1,25,1.491905864455454
quantile,200,0.5,15.0,0.2,1,25,2.1084821927872603
huber,200,0.5,15.0,0.2,1,25,1.9087371820138466
linear,200,0.5,15.0,0.2,1,26,1.0643940581135043
quantile,200,0.5,15.0,0.2,1,26,1.6843912704026849
huber,200,0.5,15.0,0.2,1,26,1.323975954898458
linear,200,0.5,15.0,0.2,1,27,1.6261335919196815
quantile,200,0.5,15.0,0.2,1,27,2.010716705217362
huber,200,0.5,15.0,0.2,1,27,1.757824238799316
linear,200,0.5,15.0,0.2,1,28,1.315655438596468
quantile,200,0.5,15.0,0.2,1,28,1.4017522735989403
huber,200,0.5,15.0,0.2,1,28,1.2217442240555871
linear,200,0.5,15.0,0.2,1,29,1.2118442458673686
quantile,200,0.5,15.0,0.2,1,29,1.2559003532418067
huber,200,0.5,15.0,0.2,1,29,1.3008762499483237
linear,200,0.5,15.0,0.2,5,0,1.0387238107335277
quantile,200,0.5,15.0,0.2,5,0,1.916432719258008
huber,200,0.5,15.0,0.2,5,0,1.4871839916883922
linear,200,0.5,15.0,0.2,5,1,0.8686953121044629
quantile,200,0.5,15.0,0.2,5,1,1.096599336306668
huber,200,0.5,15.0,0.2,5,1,1.1088671483775663
linear,200,0.5,15.0,0.2,5,2,1.8212117944768873
quantile,200,0.5,15.0,0.2,5,2,2.568176196125529
huber,200,0.5,15.0,0.2,5,2,2.1150035583018547
linear,200,0.5,15.0,0.2,5,3,1.2510173927661234
quantile,200,0.5,15.0,0.2,5,3,1.6195929529981319
huber,200,0.5,15.0,0.2,5,3,1.5410376549883489
linear,200,0.5,15.0,0.2,5,4,1.3171731357295646
quantile,200,0.5,15.0,0.2,5,4,2.1744314211508193
huber,200,0.5,15.0,0.2,5,4,1.7086987841776915
linear,200,0.5,15.0,0.2,5,5,0.9319834109294953
quantile,200,0.5,15.0,0.2,5,5,1.0135973957930147
huber,200,0.5,15.0,0.2,5,5,1.0510371345035796
linear,200,0.5,15.0,0.2,5,6,0.8757632754563457
quantile,200,0.5,15.0,0.2,5,6,1.1954914344291863
huber,200,0.5,15.0,0.2,5,6,1.0933208064835689
linear,200,0.5,15.0,0.2,5,7,1.1614014901240444
quantile,200,0.5,15.0,0.2,5,7,1.4502036704979722
huber,200,0.5,15.0,0.2,5,7,1.5198725161172726
linear,200,0.5,15.0,0.2,5,8,1.068458657389387
quantile,200,0.5,15.0,0.2,5,8,1.5876782534579785
huber,200,0.5,15.0,0.2,5,8,1.1622752713017244
linear,200,0.5,15.0,0.2,5,9,1.0524438780759438
quantile,200,0.5,15.0,0.2,5,9,1.3873075009700002
huber,200,0.5,15.0,0.2,5,9,1.1551825256297195
linear,200,0.5,15.0,0.2,5,10,1.1995705792913385
quantile,200,0.5,15.0,0.2,5,10,1.4628299227085755
huber,200,0.5,15.0,0.2,5,10,1.3761470151854156
linear,200,0.5,15.0,0.2,5,11,1.156833866937352
quantile,200,0.5,15.0,0.2,5,11,1.8396435106965052
huber,200,0.5,15.0,0.2,5,11,1.397871085573831
linear,200,0.5,15.0,0.2,5,12,1.1758165644359844
quantile,200,0.5,15.0,0.2,5,12,1.6337793474312623
huber,200,0.5,15.0,0.2,5,12,1.4166186274627377
linear,200,0.5,15.0,0.2,5,13,1.3249357728279048
quantile,200,0.5,15.0,0.2,5,13,1.4111354465067856
huber,200,0.5,15.0,0.2,5,13,1.3768004624278098
linear,200,0.5,15.0,0.2,5,14,0.8280165959835482
quantile,200,0.5,15.0,0.2,5,14,1.4426851858771943
huber,200,0.5,15.0,0.2,5,14,1.2525912549929255
linear,200,0.5,15.0,0.2,5,15,1.4134946217530784
quantile,200,0.5,15.0,0.2,5,15,1.5503467935686528
huber,200,0.5,15.0,0.2,5,15,1.6845155700370633
linear,200,0.5,15.0,0.2,5,16,1.0319285205817414
quantile,200,0.5,15.0,0.2,5,16,1.8095488169140217
huber,200,0.5,15.0,0.2,5,16,1.5364598530499343
linear,200,0.5,15.0,0.2,5,17,1.0078173511088946
quantile,200,0.5,15.0,0.2,5,17,1.885133313050344
huber,200,0.5,15.0,0.2,5,17,1.3037150085929812
linear,200,0.5,15.0,0.2,5,18,1.1667396463982704
quantile,200,0.5,15.0,0.2,5,18,1.8253869405976575
huber,200,0.5,15.0,0.2,5,18,1.6453030606727943
linear,200,0.5,15.0,0.2,5,19,1.0068086463641217
quantile,200,0.5,15.0,0.2,5,19,1.3149671587863287
huber,200,0.5,15.0,0.2,5,19,1.2215663606525973
linear,200,0.5,15.0,0.2,5,20,1.0807918521351492
quantile,200,0.5,15.0,0.2,5,20,1.7546559999941496
huber,200,0.5,15.0,0.2,5,20,1.32981304960549
linear,200,0.5,15.0,0.2,5,21,0.8757665107332808
quantile,200,0.5,15.0,0.2,5,21,1.322709715440803
huber,200,0.5,15.0,0.2,5,21,1.15181321333312
linear,200,0.5,15.0,0.2,5,22,0.8894291912953282
quantile,200,0.5,15.0,0.2,5,22,1.236837094402808
huber,200,0.5,15.0,0.2,5,22,1.0023209171259455
linear,200,0.5,15.0,0.2,5,23,0.7187296302965334
quantile,200,0.5,15.0,0.2,5,23,1.1883287005092837
huber,200,0.5,15.0,0.2,5,23,0.8053429556303627
linear,200,0.5,15.0,0.2,5,24,1.2329215584420778
quantile,200,0.5,15.0,0.2,5,24,1.4058763788334474
huber,200,0.5,15.0,0.2,5,24,1.3116063045922928
linear,200,0.5,15.0,0.2,5,25,1.07104449521909
quantile,200,0.5,15.0,0.2,5,25,1.4364207417908705
huber,200,0.5,15.0,0.2,5,25,1.1849838887856934
linear,200,0.5,15.0,0.2,5,26,0.9057088635651946
quantile,200,0.5,15.0,0.2,5,26,1.242028778699036
huber,200,0.5,15.0,0.2,5,26,1.05124359126813
linear,200,0.5,15.0,0.2,5,27,1.6745716299637414
quantile,200,0.5,15.0,0.2,5,27,1.9033228139002363
huber,200,0.5,15.0,0.2,5,27,1.9536737702007563
linear,200,0.5,15.0,0.2,5,28,1.4300740960288914
quantile,200,0.5,15.0,0.2,5,28,1.9642125255522227
huber,200,0.5,15.0,0.2,5,28,1.5109830341908306
linear,200,0.5,15.0,0.2,5,29,1.159035225994981
quantile,200,0.5,15.0,0.2,5,29,1.4437087300774152
huber,200,0.5,15.0,0.2,5,29,1.1387591654403246
linear,200,0.5,15.0,0.2,10,0,0.8905707697507206
quantile,200,0.5,15.0,0.2,10,0,1.257337682543833
huber,200,0.5,15.0,0.2,10,0,1.1131542027019552
linear,200,0.5,15.0,0.2,10,1,0.9036039630050993
quantile,200,0.5,15.0,0.2,10,1,1.3957576409339107
huber,200,0.5,15.0,0.2,10,1,1.128160847884078
linear,200,0.5,15.0,0.2,10,2,0.8106034485602586
quantile,200,0.5,15.0,0.2,10,2,1.3019500098728636
huber,200,0.5,15.0,0.2,10,2,1.0536953124678141
linear,200,0.5,15.0,0.2,10,3,1.6807176066680343
quantile,200,0.5,15.0,0.2,10,3,2.276944626522317
huber,200,0.5,15.0,0.2,10,3,2.1201588773151245
linear,200,0.5,15.0,0.2,10,4,1.0019639958977855
quantile,200,0.5,15.0,0.2,10,4,1.340101128578254
huber,200,0.5,15.0,0.2,10,4,1.1496985627203224
linear,200,0.5,15.0,0.2,10,5,1.2875509998984214
quantile,200,0.5,15.0,0.2,10,5,1.8182028567645792
huber,200,0.5,15.0,0.2,10,5,1.4323200532191587
linear,200,0.5,15.0,0.2,10,6,0.900054439944322
quantile,200,0.5,15.0,0.2,10,6,1.0932953108881474
huber,200,0.5,15.0,0.2,10,6,0.9535356681285269
linear,200,0.5,15.0,0.2,10,7,1.1719479509718576
quantile,200,0.5,15.0,0.2,10,7,1.4929494034137716
huber,200,0.5,15.0,0.2,10,7,1.2274236445881639
linear,200,0.5,15.0,0.2,10,8,1.0907560532502905
quantile,200,0.5,15.0,0.2,10,8,1.5686167987057915
huber,200,0.5,15.0,0.2,10,8,1.2715266153483937
linear,200,0.5,15.0,0.2,10,9,1.15761351065271
quantile,200,0.5,15.0,0.2,10,9,1.749011801288751
huber,200,0.5,15.0,0.2,10,9,1.4857330178977892
linear,200,0.5,15.0,0.2,10,10,0.895156667325401
quantile,200,0.5,15.0,0.2,10,10,1.3200878635688105
huber,200,0.5,15.0,0.2,10,10,1.236075910850609
linear,200,0.5,15.0,0.2,10,11,1.2182529761137117
quantile,200,0.5,15.0,0.2,10,11,1.3721396241787827
huber,200,0.5,15.0,0.2,10,11,1.1950885335003953
linear,200,0.5,15.0,0.2,10,12,1.6893712547942261
quantile,200,0.5,15.0,0.2,10,12,2.114651906740225
huber,200,0.5,15.0,0.2,10,12,2.1502362064228158
linear,200,0.5,15.0,0.2,10,13,1.2602184723775862
quantile,200,0.5,15.0,0.2,10,13,1.781123402132049
huber,200,0.5,15.0,0.2,10,13,1.5854101438835462
linear,200,0.5,15.0,0.2,10,14,1.6157596639386764
quantile,200,0.5,15.0,0.2,10,14,1.8312983622370902
huber,200,0.5,15.0,0.2,10,14,1.8344026730561023
linear,200,0.5,15.0,0.2,10,15,1.100869972938754
quantile,200,0.5,15.0,0.2,10,15,1.5031998448757267
huber,200,0.5,15.0,0.2,10,15,1.346629898460126
linear,200,0.5,15.0,0.2,10,16,1.1009060184460366
quantile,200,0.5,15.0,0.2,10,16,1.080516832614276
huber,200,0.5,15.0,0.2,10,16,0.916045292181012
linear,200,0.5,15.0,0.2,10,17,0.997616788615668
quantile,200,0.5,15.0,0.2,10,17,1.2660366413152973
huber,200,0.5,15.0,0.2,10,17,1.0665135228057476
linear,200,0.5,15.0,0.2,10,18,1.2220647489889696
quantile,200,0.5,15.0,0.2,10,18,1.5939612005193207
huber,200,0.5,15.0,0.2,10,18,1.2887007099175747
linear,200,0.5,15.0,0.2,10,19,0.9532800057379963
quantile,200,0.5,15.0,0.2,10,19,1.3728285743021595
huber,200,0.5,15.0,0.2,10,19,1.217915268454049
linear,200,0.5,15.0,0.2,10,20,0.8832756558225416
quantile,200,0.5,15.0,0.2,10,20,1.1688622151406831
huber,200,0.5,15.0,0.2,10,20,1.0835697855810391
linear,200,0.5,15.0,0.2,10,21,0.9758407438015544
quantile,200,0.5,15.0,0.2,10,21,1.2287302078770805
huber,200,0.5,15.0,0.2,10,21,1.033394057524157
linear,200,0.5,15.0,0.2,10,22,1.4493791549691843
quantile,200,0.5,15.0,0.2,10,22,2.33347246814487
huber,200,0.5,15.0,0.2,10,22,2.1333391885284896
linear,200,0.5,15.0,0.2,10,23,1.0936893545804487
quantile,200,0.5,15.0,0.2,10,23,1.807462997545591
huber,200,0.5,15.0,0.2,10,23,1.7614404270638189
linear,200,0.5,15.0,0.2,10,24,1.3773049351742266
quantile,200,0.5,15.0,0.2,10,24,1.7629688074216703
huber,200,0.5,15.0,0.2,10,24,1.5398919446606374
linear,200,0.5,15.0,0.2,10,25,0.9140103559081163
quantile,200,0.5,15.0,0.2,10,25,1.8917467034981414
huber,200,0.5,15.0,0.2,10,25,1.7882285094060524
linear,200,0.5,15.0,0.2,10,26,0.7455018871677229
quantile,200,0.5,15.0,0.2,10,26,1.1533654567260188
huber,200,0.5,15.0,0.2,10,26,0.9167696144080039
linear,200,0.5,15.0,0.2,10,27,1.150910766589765
quantile,200,0.5,15.0,0.2,10,27,1.517725120285939
huber,200,0.5,15.0,0.2,10,27,1.2487993188730193
linear,200,0.5,15.0,0.2,10,28,1.0810322861780428
quantile,200,0.5,15.0,0.2,10,28,1.6830759433483327
huber,200,0.5,15.0,0.2,10,28,1.4554987010451208
linear,200,0.5,15.0,0.2,10,29,1.0066247374441917
quantile,200,0.5,15.0,0.2,10,29,1.3212714164507002
huber,200,0.5,15.0,0.2,10,29,1.1400161374504216
linear,200,0.5,20.0,0.2,1,0,1.2831630707755044
quantile,200,0.5,20.0,0.2,1,0,1.4015724035428283
huber,200,0.5,20.0,0.2,1,0,1.3189021988263392
linear,200,0.5,20.0,0.2,1,1,1.1353915357130167
quantile,200,0.5,20.0,0.2,1,1,1.6880748129471495
huber,200,0.5,20.0,0.2,1,1,1.413361994202711
linear,200,0.5,20.0,0.2,1,2,1.041237498784721
quantile,200,0.5,20.0,0.2,1,2,1.7471951286109086
huber,200,0.5,20.0,0.2,1,2,1.5095375370272646
linear,200,0.5,20.0,0.2,1,3,1.2649956267403817
quantile,200,0.5,20.0,0.2,1,3,1.6741215034543568
huber,200,0.5,20.0,0.2,1,3,1.7976153914400295
linear,200,0.5,20.0,0.2,1,4,1.2838026913981044
quantile,200,0.5,20.0,0.2,1,4,1.5682975094151834
huber,200,0.5,20.0,0.2,1,4,1.4442057491466238
linear,200,0.5,20.0,0.2,1,5,1.3374754931839312
quantile,200,0.5,20.0,0.2,1,5,1.5034355677474862
huber,200,0.5,20.0,0.2,1,5,1.410159994023371
linear,200,0.5,20.0,0.2,1,6,1.360906234848463
quantile,200,0.5,20.0,0.2,1,6,2.3220421615836306
huber,200,0.5,20.0,0.2,1,6,1.9748307740678817
linear,200,0.5,20.0,0.2,1,7,1.2019140719528907
quantile,200,0.5,20.0,0.2,1,7,1.9853306974172487
huber,200,0.5,20.0,0.2,1,7,1.4941519177765936
linear,200,0.5,20.0,0.2,1,8,1.5229661237735146
quantile,200,0.5,20.0,0.2,1,8,1.6843998783455287
huber,200,0.5,20.0,0.2,1,8,1.5283051526494968
linear,200,0.5,20.0,0.2,1,9,1.0872325340725464
quantile,200,0.5,20.0,0.2,1,9,1.7612424184400521
huber,200,0.5,20.0,0.2,1,9,1.549689217506559
linear,200,0.5,20.0,0.2,1,10,1.0324509796822814
quantile,200,0.5,20.0,0.2,1,10,1.381939305960441
huber,200,0.5,20.0,0.2,1,10,1.384892229173695
linear,200,0.5,20.0,0.2,1,11,1.1109176609692109
quantile,200,0.5,20.0,0.2,1,11,1.2619286671823304
huber,200,0.5,20.0,0.2,1,11,1.0786581110368487
linear,200,0.5,20.0,0.2,1,12,1.4659695517976223
quantile,200,0.5,20.0,0.2,1,12,2.1433134320281764
huber,200,0.5,20.0,0.2,1,12,1.7461100733880015
linear,200,0.5,20.0,0.2,1,13,1.658837934640026
quantile,200,0.5,20.0,0.2,1,13,1.9133369993151184
huber,200,0.5,20.0,0.2,1,13,1.830862932501152
linear,200,0.5,20.0,0.2,1,14,1.37928678788221
quantile,200,0.5,20.0,0.2,1,14,1.3851266632689379
huber,200,0.5,20.0,0.2,1,14,1.3270108355747794
linear,200,0.5,20.0,0.2,1,15,1.3013993795839922
quantile,200,0.5,20.0,0.2,1,15,2.283903605708552
huber,200,0.5,20.0,0.2,1,15,1.8237860967143122
linear,200,0.5,20.0,0.2,1,16,0.8609462865711915
quantile,200,0.5,20.0,0.2,1,16,1.1929923563798397
huber,200,0.5,20.0,0.2,1,16,1.1161606365036858
linear,200,0.5,20.0,0.2,1,17,1.264930654537241
quantile,200,0.5,20.0,0.2,1,17,1.5292814677534656
huber,200,0.5,20.0,0.2,1,17,1.3664650401124165
linear,200,0.5,20.0,0.2,1,18,1.633740235187471
quantile,200,0.5,20.0,0.2,1,18,2.539710584670969
huber,200,0.5,20.0,0.2,1,18,2.2931641742419453
linear,200,0.5,20.0,0.2,1,19,1.153300867120736
quantile,200,0.5,20.0,0.2,1,19,1.1981184301766405
huber,200,0.5,20.0,0.2,1,19,1.2295705394936698
linear,200,0.5,20.0,0.2,1,20,1.380925126001691
quantile,200,0.5,20.0,0.2,1,20,1.5734666130355934
huber,200,0.5,20.0,0.2,1,20,1.5121216926262737
linear,200,0.5,20.0,0.2,1,21,0.6795832344665614
quantile,200,0.5,20.0,0.2,1,21,1.0741869750162762
huber,200,0.5,20.0,0.2,1,21,0.9685511557613768
linear,200,0.5,20.0,0.2,1,22,0.9577329420157444
quantile,200,0.5,20.0,0.2,1,22,1.4249165637545171
huber,200,0.5,20.0,0.2,1,22,1.1106260347288759
linear,200,0.5,20.0,0.2,1,23,0.9415615989230879
quantile,200,0.5,20.0,0.2,1,23,1.4157003122397602
huber,200,0.5,20.0,0.2,1,23,1.1472138601644333
linear,200,0.5,20.0,0.2,1,24,1.1931218137512039
quantile,200,0.5,20.0,0.2,1,24,1.4517150336178153
huber,200,0.5,20.0,0.2,1,24,1.2662516028867017
linear,200,0.5,20.0,0.2,1,25,1.0527112520990178
quantile,200,0.5,20.0,0.2,1,25,1.539143715483725
huber,200,0.5,20.0,0.2,1,25,1.4081517426556802
linear,200,0.5,20.0,0.2,1,26,1.5197811661672749
quantile,200,0.5,20.0,0.2,1,26,1.6515193424134529
huber,200,0.5,20.0,0.2,1,26,1.5213361751977588
linear,200,0.5,20.0,0.2,1,27,1.1036080909326798
quantile,200,0.5,20.0,0.2,1,27,1.8981218037611882
huber,200,0.5,20.0,0.2,1,27,1.5676208817320014
linear,200,0.5,20.0,0.2,1,28,0.902010873025139
quantile,200,0.5,20.0,0.2,1,28,1.1063995628260601
huber,200,0.5,20.0,0.2,1,28,0.9890639885228593
linear,200,0.5,20.0,0.2,1,29,1.4924086719066714
quantile,200,0.5,20.0,0.2,1,29,2.4343726369549206
huber,200,0.5,20.0,0.2,1,29,2.0169713182187623
linear,200,0.5,20.0,0.2,5,0,0.9598482771046452
quantile,200,0.5,20.0,0.2,5,0,1.3564277108952683
huber,200,0.5,20.0,0.2,5,0,1.2921269882066555
linear,200,0.5,20.0,0.2,5,1,1.1237026895371027
quantile,200,0.5,20.0,0.2,5,1,1.6886892070361836
huber,200,0.5,20.0,0.2,5,1,1.4585358017705918
linear,200,0.5,20.0,0.2,5,2,0.9768765001426276
quantile,200,0.5,20.0,0.2,5,2,0.9788671860747413
huber,200,0.5,20.0,0.2,5,2,0.9761770346939825
linear,200,0.5,20.0,0.2,5,3,0.6796385926262812
quantile,200,0.5,20.0,0.2,5,3,1.3345393087750126
huber,200,0.5,20.0,0.2,5,3,1.0863992844595716
linear,200,0.5,20.0,0.2,5,4,1.1628868466278353
quantile,200,0.5,20.0,0.2,5,4,2.1724640894242984
huber,200,0.5,20.0,0.2,5,4,1.661765773026404
linear,200,0.5,20.0,0.2,5,5,0.7329939798188778
quantile,200,0.5,20.0,0.2,5,5,1.1685712970196809
huber,200,0.5,20.0,0.2,5,5,0.9736704855724706
linear,200,0.5,20.0,0.2,5,6,1.0569107871578862
quantile,200,0.5,20.0,0.2,5,6,1.3018456058462167
huber,200,0.5,20.0,0.2,5,6,1.122043825580579
linear,200,0.5,20.0,0.2,5,7,1.5097506684157411
quantile,200,0.5,20.0,0.2,5,7,2.2988640754191114
huber,200,0.5,20.0,0.2,5,7,1.8740579173074952
linear,200,0.5,20.0,0.2,5,8,0.6746477609022777
quantile,200,0.5,20.0,0.2,5,8,0.8874852340358197
huber,200,0.5,20.0,0.2,5,8,0.7182116983326863
linear,200,0.5,20.0,0.2,5,9,1.3435529085429352
quantile,200,0.5,20.0,0.2,5,9,1.9629474059576637
huber,200,0.5,20.0,0.2,5,9,1.87240841893333
linear,200,0.5,20.0,0.2,5,10,0.9291026230928939
quantile,200,0.5,20.0,0.2,5,10,1.3128363459824897
huber,200,0.5,20.0,0.2,5,10,0.9110776242711592
linear,200,0.5,20.0,0.2,5,11,1.0656757162008093
quantile,200,0.5,20.0,0.2,5,11,1.7620606367127458
huber,200,0.5,20.0,0.2,5,11,1.3228711100213395
linear,200,0.5,20.0,0.2,5,12,0.890419587910251
quantile,200,0.5,20.0,0.2,5,12,1.6065177410054496
huber,200,0.5,20.0,0.2,5,12,1.414667500789234
linear,200,0.5,20.0,0.2,5,13,0.7719535262556569
quantile,200,0.5,20.0,0.2,5,13,1.3707002978096023
huber,200,0.5,20.0,0.2,5,13,1.1002045114313588
linear,200,0.5,20.0,0.2,5,14,0.9510011371278092
quantile,200,0.5,20.0,0.2,5,14,1.1357403475736119
huber,200,0.5,20.0,0.2,5,14,1.1198712554384218
linear,200,0.5,20.0,0.2,5,15,1.1921046844174874
quantile,200,0.5,20.0,0.2,5,15,1.7056239667637763
huber,200,0.5,20.0,0.2,5,15,1.5676311356171828
linear,200,0.5,20.0,0.2,5,16,1.2688611284414242
quantile,200,0.5,20.0,0.2,5,16,1.4839280466771376
huber,200,0.5,20.0,0.2,5,16,1.4081403442736304
linear,200,0.5,20.0,0.2,5,17,1.0690274929993546
quantile,200,0.5,20.0,0.2,5,17,1.5715941926702917
huber,200,0.5,20.0,0.2,5,17,1.1777828724141073
linear,200,0.5,20.0,0.2,5,18,1.0567801263178616
quantile,200,0.5,20.0,0.2,5,18,1.5434449349577462
huber,200,0.5,20.0,0.2,5,18,1.3047821130231887
linear,200,0.5,20.0,0.2,5,19,2.170877476647584
quantile,200,0.5,20.0,0.2,5,19,2.8981619006612003
huber,200,0.5,20.0,0.2,5,19,2.3118029583829856
linear,200,0.5,20.0,0.2,5,20,0.634559312114901
quantile,200,0.5,20.0,0.2,5,20,1.1021240427876324
huber,200,0.5,20.0,0.2,5,20,1.0319867875156703
linear,200,0.5,20.0,0.2,5,21,1.1197069196682243
quantile,200,0.5,20.0,0.2,5,21,2.122529347923445
huber,200,0.5,20.0,0.2,5,21,1.483823793524858
linear,200,0.5,20.0,0.2,5,22,1.1415405668881815
quantile,200,0.5,20.0,0.2,5,22,1.3628364838167026
huber,200,0.5,20.0,0.2,5,22,1.2807447011200639
linear,200,0.5,20.0,0.2,5,23,0.9505467975378439
quantile,200,0.5,20.0,0.2,5,23,1.87200041081434
huber,200,0.5,20.0,0.2,5,23,1.4272186179199755
linear,200,0.5,20.0,0.2,5,24,0.7458822668936206
quantile,200,0.5,20.0,0.2,5,24,1.1377563410699605
huber,200,0.5,20.0,0.2,5,24,0.9696153135459762
linear,200,0.5,20.0,0.2,5,25,1.5044278869208934
quantile,200,0.5,20.0,0.2,5,25,1.90497787095191
huber,200,0.5,20.0,0.2,5,25,1.6934262671825782
linear,200,0.5,20.0,0.2,5,26,1.2107918618363183
quantile,200,0.5,20.0,0.2,5,26,1.8898243986923111
huber,200,0.5,20.0,0.2,5,26,1.6327390742770511
linear,200,0.5,20.0,0.2,5,27,1.089807623234791
quantile,200,0.5,20.0,0.2,5,27,1.9282859464637867
huber,200,0.5,20.0,0.2,5,27,1.6469982060396753
linear,200,0.5,20.0,0.2,5,28,1.229488737125035
quantile,200,0.5,20.0,0.2,5,28,1.7569500489385173
huber,200,0.5,20.0,0.2,5,28,1.7315527804480202
linear,200,0.5,20.0,0.2,5,29,1.7284457573000866
quantile,200,0.5,20.0,0.2,5,29,2.8462817488386767
huber,200,0.5,20.0,0.2,5,29,2.2683369132437994
linear,200,0.5,20.0,0.2,10,0,1.2711792257292027
quantile,200,0.5,20.0,0.2,10,0,1.8826594409080006
huber,200,0.5,20.0,0.2,10,0,1.5745777666921308
linear,200,0.5,20.0,0.2,10,1,0.9724470067741204
quantile,200,0.5,20.0,0.2,10,1,1.6501936963680854
huber,200,0.5,20.0,0.2,10,1,1.4367709366096146
linear,200,0.5,20.0,0.2,10,2,0.765835730495634
quantile,200,0.5,20.0,0.2,10,2,1.1902976679715933
huber,200,0.5,20.0,0.2,10,2,0.9357123374204509
linear,200,0.5,20.0,0.2,10,3,1.443268496234351
quantile,200,0.5,20.0,0.2,10,3,2.290532173203071
huber,200,0.5,20.0,0.2,10,3,2.018435553315032
linear,200,0.5,20.0,0.2,10,4,1.1221451778280027
quantile,200,0.5,20.0,0.2,10,4,2.241997156998271
huber,200,0.5,20.0,0.2,10,4,1.7456157375835453
linear,200,0.5,20.0,0.2,10,5,0.6365291012359783
quantile,200,0.5,20.0,0.2,10,5,0.8677646118611653
huber,200,0.5,20.0,0.2,10,5,0.6190402316013409
linear,200,0.5,20.0,0.2,10,6,1.2013861430604549
quantile,200,0.5,20.0,0.2,10,6,1.9153349283240857
huber,200,0.5,20.0,0.2,10,6,1.6406796622079243
linear,200,0.5,20.0,0.2,10,7,1.0072971822146406
quantile,200,0.5,20.0,0.2,10,7,1.2330562498201016
huber,200,0.5,20.0,0.2,10,7,1.1502119926563419
linear,200,0.5,20.0,0.2,10,8,1.0404398124677734
quantile,200,0.5,20.0,0.2,10,8,1.158988411526761
huber,200,0.5,20.0,0.2,10,8,1.178215227204163
linear,200,0.5,20.0,0.2,10,9,1.011611465804651
quantile,200,0.5,20.0,0.2,10,9,1.4284452697430932
huber,200,0.5,20.0,0.2,10,9,1.4339748652296374
linear,200,0.5,20.0,0.2,10,10,1.0238666630907935
quantile,200,0.5,20.0,0.2,10,10,1.467106439162544
huber,200,0.5,20.0,0.2,10,10,0.9775084691938785
linear,200,0.5,20.0,0.2,10,11,0.8669586720168756
quantile,200,0.5,20.0,0.2,10,11,1.222742867367544
huber,200,0.5,20.0,0.2,10,11,1.1324895947592601
linear,200,0.5,20.0,0.2,10,12,1.3161416687146985
quantile,200,0.5,20.0,0.2,10,12,1.733789067882282
huber,200,0.5,20.0,0.2,10,12,1.3967139884863167
linear,200,0.5,20.0,0.2,10,13,1.4991094771115758
quantile,200,0.5,20.0,0.2,10,13,2.2766510015555417
huber,200,0.5,20.0,0.2,10,13,1.6537797253211932
linear,200,0.5,20.0,0.2,10,14,1.3330525694850484
quantile,200,0.5,20.0,0.2,10,14,1.9590839574868821
huber,200,0.5,20.0,0.2,10,14,1.6890460992738379
linear,200,0.5,20.0,0.2,10,15,0.9911976080530219
quantile,200,0.5,20.0,0.2,10,15,1.6123963980042562
huber,200,0.5,20.0,0.2,10,15,1.3570524646727915
linear,200,0.5,20.0,0.2,10,16,0.9821642867893527
quantile,200,0.5,20.0,0.2,10,16,1.740241348724923
huber,200,0.5,20.0,0.2,10,16,1.339906169932937
linear,200,0.5,20.0,0.2,10,17,1.3583276677484692
quantile,200,0.5,20.0,0.2,10,17,1.5717040360353365
huber,200,0.5,20.0,0.2,10,17,1.5224783005377336
linear,200,0.5,20.0,0.2,10,18,1.2510723775411339
quantile,200,0.5,20.0,0.2,10,18,1.54689217065462
huber,200,0.5,20.0,0.2,10,18,1.5746703011331065
linear,200,0.5,20.0,0.2,10,19,1.60926971136121
quantile,200,0.5,20.0,0.2,10,19,2.318116767529912
huber,200,0.5,20.0,0.2,10,19,1.9181961561005263
linear,200,0.5,20.0,0.2,10,20,0.6468635467926732
quantile,200,0.5,20.0,0.2,10,20,1.428668373357367
huber,200,0.5,20.0,0.2,10,20,1.2219225606326747
linear,200,0.5,20.0,0.2,10,21,0.9497599980063617
quantile,200,0.5,20.0,0.2,10,21,1.127732003723124
huber,200,0.5,20.0,0.2,10,21,0.9268548513874912
linear,200,0.5,20.0,0.2,10,22,1.139935204555448
quantile,200,0.5,20.0,0.2,10,22,1.3908140154335034
huber,200,0.5,20.0,0.2,10,22,1.4016212416237503
linear,200,0.5,20.0,0.2,10,23,0.8476063978108649
quantile,200,0.5,20.0,0.2,10,23,1.32753208052866
huber,200,0.5,20.0,0.2,10,23,1.3222268690638177
linear,200,0.5,20.0,0.2,10,24,0.7406155449913047
quantile,200,0.5,20.0,0.2,10,24,1.2099661840147142
huber,200,0.5,20.0,0.2,10,24,0.9455138905609042
linear,200,0.5,20.0,0.2,10,25,1.5878476523487357
quantile,200,0.5,20.0,0.2,10,25,2.0015461299732413
huber,200,0.5,20.0,0.2,10,25,2.0277817886147242
linear,200,0.5,20.0,0.2,10,26,1.1458592412693238
quantile,200,0.5,20.0,0.2,10,26,1.8925899902527403
huber,200,0.5,20.0,0.2,10,26,1.5420126514448649
linear,200,0.5,20.0,0.2,10,27,0.6074307824459215
quantile,200,0.5,20.0,0.2,10,27,0.8747664393086787
huber,200,0.5,20.0,0.2,10,27,0.7422430770965984
linear,200,0.5,20.0,0.2,10,28,1.0380981450389384
quantile,200,0.5,20.0,0.2,10,28,1.3851040447239726
huber,200,0.5,20.0,0.2,10,28,1.283512998878121
linear,200,0.5,20.0,0.2,10,29,0.9548922460160472
quantile,200,0.5,20.0,0.2,10,29,1.1870234641706874
huber,200,0.5,20.0,0.2,10,29,1.1851803211100032
linear,200,0.5,inf,0.2,1,0,0.8919106077835636
quantile,200,0.5,inf,0.2,1,0,1.6875118961739888
huber,200,0.5,inf,0.2,1,0,1.4705928954696792
linear,200,0.5,inf,0.2,1,1,1.232884803877042
quantile,200,0.5,inf,0.2,1,1,1.3295949304736696
huber,200,0.5,inf,0.2,1,1,1.334855111495597
linear,200,0.5,inf,0.2,1,2,1.3663662430689905
quantile,200,0.5,inf,0.2,1,2,2.2406792442164387
huber,200,0.5,inf,0.2,1,2,1.8406779416834471
linear,200,0.5,inf,0.2,1,3,0.9771130331314303
quantile,200,0.5,inf,0.2,1,3,1.6102817596249521
huber,200,0.5,inf,0.2,1,3,1.2975675088388787
linear,200,0.5,inf,0.2,1,4,1.1425548296729509
quantile,200,0.5,inf,0.2,1,4,1.7845256135935101
huber,200,0.5,inf,0.2,1,4,1.6619893596835806
linear,200,0.5,inf,0.2,1,5,0.5368684136686996
quantile,200,0.5,inf,0.2,1,5,0.9777200451674752
huber,200,0.5,inf,0.2,1,5,0.7552862290473389
linear,200,0.5,inf,0.2,1,6,1.0015916177123898
quantile,200,0.5,inf,0.2,1,6,1.4113227119841003
huber,200,0.5,inf,0.2,1,6,1.1732560943999717
linear,200,0.5,inf,0.2,1,7,1.1594362195504335
quantile,200,0.5,inf,0.2,1,7,1.7533243886067698
huber,200,0.5,inf,0.2,1,7,1.655995810952715
linear,200,0.5,inf,0.2,1,8,1.3606503296126455
quantile,200,0.5,inf,0.2,1,8,2.003360270427621
huber,200,0.5,inf,0.2,1,8,1.7452524424319362
linear,200,0.5,inf,0.2,1,9,0.9951747465888001
quantile,200,0.5,inf,0.2,1,9,1.1410051823265046
huber,200,0.5,inf,0.2,1,9,0.9723313762919804
linear,200,0.5,inf,0.2,1,10,1.6308728136986452
quantile,200,0.5,inf,0.2,1,10,1.9331671039725038
huber,200,0.5,inf,0.2,1,10,1.8185129906993212
linear,200,0.5,inf,0.2,1,11,0.8629651621335963
quantile,200,0.5,inf,0.2,1,11,1.2648373469461305
huber,200,0.5,inf,0.2,1,11,1.0910847642434045
linear,200,0.5,inf,0.2,1,12,1.1830609321807246
quantile,200,0.5,inf,0.2,1,12,1.8080780986534968
huber,200,0.5,inf,0.2,1,12,1.6642094589155028
linear,200,0.5,inf,0.2,1,13,1.078916921939186
quantile,200,0.5,inf,0.2,1,13,1.5594401995516858
huber,200,0.5,inf,0.2,1,13,1.4001806447696197
linear,200,0.5,inf,0.2,1,14,1.4179917952340386
quantile,200,0.5,inf,0.2,1,14,1.602629846756126
huber,200,0.5,inf,0.2,1,14,1.628057840457334
linear,200,0.5,inf,0.2,1,15,1.140483810636811
quantile,200,0.5,inf,0.2,1,15,1.219969336523137
huber,200,0.5,inf,0.2,1,15,1.1864792182615556
linear,200,0.5,inf,0.2,1,16,1.184602627234106
quantile,200,0.5,inf,0.2,1,16,1.6362067393896491
huber,200,0.5,inf,0.2,1,16,1.5359937928198084
linear,200,0.5,inf,0.2,1,17,1.3801945809929972
quantile,200,0.5,inf,0.2,1,17,1.9663454645471277
huber,200,0.5,inf,0.2,1,17,1.4894397848962417
linear,200,0.5,inf,0.2,1,18,0.6344216458882815
quantile,200,0.5,inf,0.2,1,18,1.071616295667584
huber,200,0.5,inf,0.2,1,18,0.9292309885090012
linear,200,0.5,inf,0.2,1,19,1.1142819707850884
quantile,200,0.5,inf,0.2,1,19,1.7548026428997718
huber,200,0.5,inf,0.2,1,19,1.45906272575525
linear,200,0.5,inf,0.2,1,20,0.9407709578002945
quantile,200,0.5,inf,0.2,1,20,1.7016973583266588
huber,200,0.5,inf,0.2,1,20,1.4075104405320666
linear,200,0.5,inf,0.2,1,21,1.0504166526829535
quantile,200,0.5,inf,0.2,1,21,1.596899296666858
huber,200,0.5,inf,0.2,1,21,1.5170272129744056
linear,200,0.5,inf,0.2,1,22,1.3954111134546658
quantile,200,0.5,inf,0.2,1,22,1.5191858574151165
huber,200,0.5,inf,0.2,1,22,1.390683148263184
linear,200,0.5,inf,0.2,1,23,0.8135114947416565
quantile,200,0.5,inf,0.2,1,23,1.438667141764313
huber,200,0.5,inf,0.2,1,23,1.2668994035643681
linear,200,0.5,inf,0.2,1,24,0.9862707983930574
quantile,200,0.5,inf,0.2,1,24,1.3696440422721252
huber,200,0.5,inf,0.2,1,24,1.2335765435265693
linear,200,0.5,inf,0.2,1,25,1.1337010202060442
quantile,200,0.5,inf,0.2,1,25,1.7732079883122867
huber,200,0.5,inf,0.2,1,25,1.5318882770173456
linear,200,0.5,inf,0.2,1,26,1.108565297848791
quantile,200,0.5,inf,0.2,1,26,1.788925159432397
huber,200,0.5,inf,0.2,1,26,1.5548427598624448
linear,200,0.5,inf,0.2,1,27,0.9915261676975168
quantile,200,0.5,inf,0.2,1,27,1.3949569405739712
huber,200,0.5,inf,0.2,1,27,1.1361907454110587
linear,200,0.5,inf,0.2,1,28,1.0868479492591256
quantile,200,0.5,inf,0.2,1,28,1.953520449539299
huber,200,0.5,inf,0.2,1,28,1.879518496372038
linear,200,0.5,inf,0.2,1,29,0.7465299766603066
quantile,200,0.5,inf,0.2,1,29,1.1982991277663777
huber,200,0.5,inf,0.2,1,29,1.1097900741326563
linear,200,0.5,inf,0.2,5,0,0.9909156581152124
quantile,200,0.5,inf,0.2,5,0,1.4341293273699944
huber,200,0.5,inf,0.2,5,0,1.250479613996821
linear,200,0.5,inf,0.2,5,1,0.7781368598136855
quantile,200,0.5,inf,0.2,5,1,1.1724224822085438
huber,200,0.5,inf,0.2,5,1,1.103927015081842
linear,200,0.5,inf,0.2,5,2,1.2327610436516565
quantile,200,0.5,inf,0.2,5,2,1.9524735899851693
huber,200,0.5,inf,0.2,5,2,1.7258435712356095
linear,200,0.5,inf,0.2,5,3,0.8385720059421877
quantile,200,0.5,inf,0.2,5,3,1.541996437971086
huber,200,0.5,inf,0.2,5,3,1.1841154128210594
linear,200,0.5,inf,0.2,5,4,1.4137415232507664
quantile,200,0.5,inf,0.2,5,4,1.5804982314462233
huber,200,0.5,inf,0.2,5,4,1.452774383912163
linear,200,0.5,inf,0.2,5,5,1.1325230019937698
quantile,200,0.5,inf,0.2,5,5,1.1741489270759908
huber,200,0.5,inf,0.2,5,5,1.045162333879269
linear,200,0.5,inf,0.2,5,6,1.1697391450711594
quantile,200,0.5,inf,0.2,5,6,1.6011961849455245
huber,200,0.5,inf,0.2,5,6,1.4760285203533678
linear,200,0.5,inf,0.2,5,7,0.9181151517276186
quantile,200,0.5,inf,0.2,5,7,1.4350098723422458
huber,200,0.5,inf,0.2,5,7,1.180833566876524
linear,200,0.5,inf,0.2,5,8,1.3573961458993042
quantile,200,0.5,inf,0.2,5,8,1.7799889803388715
huber,200,0.5,inf,0.2,5,8,1.377613967167118
linear,200,0.5,inf,0.2,5,9,1.0097746754750598
quantile,200,0.5,inf,0.2,5,9,1.738131654124498
huber,200,0.5,inf,0.2,5,9,1.4525019591088666
linear,200,0.5,inf,0.2,5,10,1.1360641757558545
quantile,200,0.5,inf,0.2,5,10,2.1131213319148885
huber,200,0.5,inf,0.2,5,10,1.8461005380280906
linear,200,0.5,inf,0.2,5,11,0.753630848666646
quantile,200,0.5,inf,0.2,5,11,1.1839539335884353
huber,200,0.5,inf,0.2,5,11,1.1028382856405692
linear,200,0.5,inf,0.2,5,12,1.1777525378744333
quantile,200,0.5,inf,0.2,5,12,2.074735708108758
huber,200,0.5,inf,0.2,5,12,1.7223279429012153
linear,200,0.5,inf,0.2,5,13,1.6082862727952667
quantile,200,0.5,inf,0.2,5,13,2.1908733672957177
huber,200,0.5,inf,0.2,5,13,2.0678564490324156
linear,200,0.5,inf,0.2,5,14,0.8927667023802661
quantile,200,0.5,inf,0.2,5,14,1.2092010131580277
huber,200,0.5,inf,0.2,5,14,1.2304209930628083
linear,200,0.5,inf,0.2,5,15,1.0223274657137473
quantile,200,0.5,inf,0.2,5,15,1.3147383187489952
huber,200,0.5,inf,0.2,5,15,1.1458100384480014
linear,200,0.5,inf,0.2,5,16,1.1692308437624643
quantile,200,0.5,inf,0.2,5,16,1.4837168670897127
huber,200,0.5,inf,0.2,5,16,1.3794155452206212
linear,200,0.5,inf,0.2,5,17,1.4765004986100894
quantile,200,0.5,inf,0.2,5,17,2.0548814512099174
huber,200,0.5,inf,0.2,5,17,1.6670469246825457
linear,200,0.5,inf,0.2,5,18,0.915383374997992
quantile,200,0.5,inf,0.2,5,18,1.440805402403916
huber,200,0.5,inf,0.2,5,18,1.2905734984736301
linear,200,0.5,inf,0.2,5,19,1.2547147463544566
quantile,200,0.5,inf,0.2,5,19,2.252463973843737
huber,200,0.5,inf,0.2,5,19,2.032920785243552
linear,200,0.5,inf,0.2,5,20,1.11633814195507
quantile,200,0.5,inf,0.2,5,20,1.5208041089036444
huber,200,0.5,inf,0.2,5,20,1.2569237889765892
linear,200,0.5,inf,0.2,5,21,1.5410272553168354
quantile,200,0.5,inf,0.2,5,21,2.194153766699992
huber,200,0.5,inf,0.2,5,21,1.6916348050433945
linear,200,0.5,inf,0.2,5,22,1.1151451349309818
quantile,200,0.5,inf,0.2,5,22,1.5584052792926806
huber,200,0.5,inf,0.2,5,22,1.3530774867166127
linear,200,0.5,inf,0.2,5,23,0.9871813290392406
quantile,200,0.5,inf,0.2,5,23,1.2582001068977318
huber,200,0.5,inf,0.2,5,23,1.1865310469238262
linear,200,0.5,inf,0.2,5,24,0.6432376613243699
quantile,200,0.5,inf,0.2,5,24,1.0230546451266174
huber,200,0.5,inf,0.2,5,24,0.7404561128553945
linear,200,0.5,inf,0.2,5,25,1.5876401642235454
quantile,200,0.5,inf,0.2,5,25,2.229474306837232
huber,200,0.5,inf,0.2,5,25,1.9537643049977704
linear,200,0.5,inf,0.2,5,26,1.0416916528788323
quantile,200,0.5,inf,0.2,5,26,2.2563033272505293
huber,200,0.5,inf,0.2,5,26,1.6150664695141708
linear,200,0.5,inf,0.2,5,27,1.3707818267765517
quantile,200,0.5,inf,0.2,5,27,1.9409230648837315
huber,200,0.5,inf,0.2,5,27,1.6930278014773388
linear,200,0.5,inf,0.2,5,28,0.8796037996621172
quantile,200,0.5,inf,0.2,5,28,1.2809004783625486
huber,200,0.5,inf,0.2,5,28,1.141850826603365
linear,200,0.5,inf,0.2,5,29,0.6770150739843661
quantile,200,0.5,inf,0.2,5,29,1.1404981669644831
huber,200,0.5,inf,0.2,5,29,1.0039670696980842
linear,200,0.5,inf,0.2,10,0,0.898808729887972
quantile,200,0.5,inf,0.2,10,0,1.1923783124376173
huber,200,0.5,inf,0.2,10,0,1.0450587951043488
linear,200,0.5,inf,0.2,10,1,1.0332456418556348
quantile,200,0.5,inf,0.2,10,1,1.5070315807570829
huber,200,0.5,inf,0.2,10,1,1.5307852543825153
linear,200,0.5,inf,0.2,10,2,1.2061820667862981
quantile,200,0.5,inf,0.2,10,2,1.271283286577901
huber,200,0.5,inf,0.2,10,2,1.221510888453469
linear,200,0.5,inf,0.2,10,3,0.8884389264401265
quantile,200,0.5,inf,0.2,10,3,1.656947203747684
huber,200,0.5,inf,0.2,10,3,1.4492915742984704
linear,200,0.5,inf,0.2,10,4,1.0504521150431452
quantile,200,0.5,inf,0.2,10,4,1.9659943972386373
huber,200,0.5,inf,0.2,10,4,2.0386021089491515
linear,200,0.5,inf,0.2,10,5,0.9960768521988214
quantile,200,0.5,inf,0.2,10,5,1.8443830011799869
huber,200,0.5,inf,0.2,10,5,1.34981359065162
linear,200,0.5,inf,0.2,10,6,1.5440523112484046
quantile,200,0.5,inf,0.2,10,6,1.7888931262904997
huber,200,0.5,inf,0.2,10,6,1.7312289126926863
linear,200,0.5,inf,0.2,10,7,1.3043640268142163
quantile,200,0.5,inf,0.2,10,7,2.331865516943042
huber,200,0.5,inf,0.2,10,7,1.8334990456614841
linear,200,0.5,inf,0.2,10,8,1.135835340775695
quantile,200,0.5,inf,0.2,10,8,1.797028099581328
huber,200,0.5,inf,0.2,10,8,1.6539148467871518
linear,200,0.5,inf,0.2,10,9,1.412493489809201
quantile,200,0.5,inf,0.2,10,9,1.714244863573204
huber,200,0.5,inf,0.2,10,9,1.5546480357120256
linear,200,0.5,inf,0.2,10,10,1.2759335882762097
quantile,200,0.5,inf,0.2,10,10,2.064159328344057
huber,200,0.5,inf,0.2,10,10,1.6192014181597287
linear,200,0.5,inf,0.2,10,11,0.8738095454846192
quantile,200,0.5,inf,0.2,10,11,1.4213882947788672
huber,200,0.5,inf,0.2,10,11,1.0832486203561547
linear,200,0.5,inf,0.2,10,12,1.0884311455534752
quantile,200,0.5,inf,0.2,10,12,1.3557541647884899
huber,200,0.5,inf,0.2,10,12,1.0508541847395456
linear,200,0.5,inf,0.2,10,13,1.017240384276231
quantile,200,0.5,inf,0.2,10,13,1.2922482418749335
huber,200,0.5,inf,0.2,10,13,1.1454087482538768
linear,200,0.5,inf,0.2,10,14,1.4241154618915686
quantile,200,0.5,inf,0.2,10,14,2.1610830281368427
huber,200,0.5,inf,0.2,10,14,1.852803874678832
linear,200,0.5,inf,0.2,10,15,0.8415450806206624
quantile,200,0.5,inf,0.2,10,15,1.3247296698668922
huber,200,0.5,inf,0.2,10,15,1.1995108800168028
linear,200,0.5,inf,0.2,10,16,0.6656064850732698
quantile,200,0.5,inf,0.2,10,16,1.448762623024435
huber,200,0.5,inf,0.2,10,16,1.1836718880785764
linear,200,0.5,inf,0.2,10,17,1.2173778137618094
quantile,200,0.5,inf,0.2,10,17,1.675783663016896
huber,200,0.5,inf,0.2,10,17,1.624683834276374
linear,200,0.5,inf,0.2,10,18,0.8653779815316323
quantile,200,0.5,inf,0.2,10,18,1.211521591340771
huber,200,0.5,inf,0.2,10,18,1.0844914325821389
linear,200,0.5,inf,0.2,10,19,0.9422942909728096
quantile,200,0.5,inf,0.2,10,19,1.3051605896675469
huber,200,0.5,inf,0.2,10,19,1.0105107456747737
linear,200,0.5,inf,0.2,10,20,1.393507923851171
quantile,200,0.5,inf,0.2,10,20,1.6025601834081746
huber,200,0.5,inf,0.2,10,20,1.5124204556939962
linear,200,0.5,inf,0.2,10,21,1.0641735285631486
quantile,200,0.5,inf,0.2,10,21,1.5559975845298313
huber,200,0.5,inf,0.2,10,21,1.3644669062402022
linear,200,0.5,inf,0.2,10,22,1.162918412049121
quantile,200,0.5,inf,0.2,10,22,1.7364722309024458
huber,200,0.5,inf,0.2,10,22,1.5155774143282903
linear,200,0.5,inf,0.2,10,23,1.2030505424495266
quantile,200,0.5,inf,0.2,10,23,1.9184712003573163
huber,200,0.5,inf,0.2,10,23,1.736551298814176
linear,200,0.5,inf,0.2,10,24,0.9992079039928654
quantile,200,0.5,inf,0.2,10,24,1.5279255289917475
huber,200,0.5,inf,0.2,10,24,1.3226645752271706
linear,200,0.5,inf,0.2,10,25,1.017816612232306
quantile,200,0.5,inf,0.2,10,25,1.1673117510231337
huber,200,0.5,inf,0.2,10,25,1.0950823362267548
linear,200,0.5,inf,0.2,10,26,1.0907242436219784
quantile,200,0.5,inf,0.2,10,26,1.753510552535388
huber,200,0.5,inf,0.2,10,26,1.3422127273853954
linear,200,0.5,inf,0.2,10,27,0.8051963937331761
quantile,200,0.5,inf,0.2,10,27,1.2649042236863075
huber,200,0.5,inf,0.2,10,27,1.162800501920511
linear,200,0.5,inf,0.2,10,28,0.8938506698586871
quantile,200,0.5,inf,0.2,10,28,2.0944654684369417
huber,200,0.5,inf,0.2,10,28,1.7847229832578904
linear,200,0.5,inf,0.2,10,29,1.2122294421840163
quantile,200,0.5,inf,0.2,10,29,1.4769477804946296
huber,200,0.5,inf,0.2,10,29,1.2967011309922551
linear,200,0.8,1.0,0.2,1,0,1283.8129406849243
quantile,200,0.8,1.0,0.2,1,0,145.10645109971
huber,200,0.8,1.0,0.2,1,0,135.96513607626957
linear,200,0.8,1.0,0.2,1,1,121.3610630867496
quantile,200,0.8,1.0,0.2,1,1,132.14211816836112
huber,200,0.8,1.0,0.2,1,1,78.3437308929233
linear,200,0.8,1.0,0.2,1,2,1023.1969536674198
quantile,200,0.8,1.0,0.2,1,2,247.04302135576847
huber,200,0.8,1.0,0.2,1,2,147.61748267453248
linear,200,0.8,1.0,0.2,1,3,286755.02792110515
quantile,200,0.8,1.0,0.2,1,3,690.925621222337
huber,200,0.8,1.0,0.2,1,3,574.3510475133573
linear,200,0.8,1.0,0.2,1,4,336030.3989556356
quantile,200,0.8,1.0,0.2,1,4,166.35278826198476
huber,200,0.8,1.0,0.2,1,4,82.52305382922572
linear,200,0.8,1.0,0.2,1,5,500.38252673204835
quantile,200,0.8,1.0,0.2,1,5,214.79790406045856
huber,200,0.8,1.0,0.2,1,5,141.1966119113356
linear,200,0.8,1.0,0.2,1,6,1824.494140477765
quantile,200,0.8,1.0,0.2,1,6,165.35392598240415
huber,200,0.8,1.0,0.2,1,6,110.51911653376133
linear,200,0.8,1.0,0.2,1,7,200.0091808946812
quantile,200,0.8,1.0,0.2,1,7,192.26395515289624
huber,200,0.8,1.0,0.2,1,7,114.41043440311799
linear,200,0.8,1.0,0.2,1,8,744.1290654365828
quantile,200,0.8,1.0,0.2,1,8,129.33100430434337
huber,200,0.8,1.0,0.2,1,8,97.74561624640324
linear,200,0.8,1.0,0.2,1,9,3716.6798847798395
quantile,200,0.8,1.0,0.2,1,9,120.57533821379705
huber,200,0.8,1.0,0.2,1,9,102.30327855109527
linear,200,0.8,1.0,0.2,1,10,6255.65168185508
quantile,200,0.8,1.0,0.2,1,10,426.6919429401536
huber,200,0.8,1.0,0.2,1,10,311.0114662009729
linear,200,0.8,1.0,0.2,1,11,54815.21562924101
quantile,200,0.8,1.0,0.2,1,11,506.16996682151097
huber,200,0.8,1.0,0.2,1,11,394.0993761094135
linear,200,0.8,1.0,0.2,1,12,3092.705242023185
quantile,200,0.8,1.0,0.2,1,12,343.5499969386075
huber,200,0.8,1.0,0.2,1,12,162.18977765210605
linear,200,0.8,1.0,0.2,1,13,3451.2151187494665
quantile,200,0.8,1.0,0.2,1,13,191.6941269349757
huber,200,0.8,1.0,0.2,1,13,160.0621023861773
linear,200,0.8,1.0,0.2,1,14,3721.437019902712
quantile,200,0.8,1.0,0.2,1,14,207.15386355255814
huber,200,0.8,1.0,0.2,1,14,138.00582059318236
linear,200,0.8,1.0,0.2,1,15,371.05576613106314
quantile,200,0.8,1.0,0.2,1,15,109.69038027104827
huber,200,0.8,1.0,0.2,1,15,41.5028252617189
linear,200,0.8,1.0,0.2,1,16,130.9228602676371
quantile,200,0.8,1.0,0.2,1,16,99.12995142379687
huber,200,0.8,1.0,0.2,1,16,86.38226580366381
linear,200,0.8,1.0,0.2,1,17,2307.800790859199
quantile,200,0.8,1.0,0.2,1,17,143.33814505590118
huber,200,0.8,1.0,0.2,1,17,89.9519660446838
linear,200,0.8,1.0,0.2,1,18,840.572604965294
quantile,200,0.8,1.0,0.2,1,18,311.0964306416086
huber,200,0.8,1.0,0.2,1,18,191.0849346983029
linear,200,0.8,1.0,0.2,1,19,894.612762531859
quantile,200,0.8,1.0,0.2,1,19,206.67538872650994
huber,200,0.8,1.0,0.2,1,19,169.83307747353751
linear,200,0.8,1.0,0.2,1,20,2697.215028690213
quantile,200,0.8,1.0,0.2,1,20,335.2911237098035
huber,200,0.8,1.0,0.2,1,20,294.98900063645823
linear,200,0.8,1.0,0.2,1,21,193.88781283424856
quantile,200,0.8,1.0,0.2,1,21,170.48629641868962
huber,200,0.8,1.0,0.2,1,21,142.785398943838
linear,200,0.8,1.0,0.2,1,22,1334.15936993876
quantile,200,0.8,1.0,0.2,1,22,260.5944435320962
huber,200,0.8,1.0,0.2,1,22,211.82336298080244
linear,200,0.8,1.0,0.2,1,23,6560.4051178616855
quantile,200,0.8,1.0,0.2,1,23,182.90632196559756
huber,200,0.8,1.0,0.2,1,23,107.03932490601295
linear,200,0.8,1.0,0.2,1,24,19609.118268099148
quantile,200,0.8,1.0,0.2,1,24,97.26892314127235
huber,200,0.8,1.0,0.2,1,24,64.90819967172439
linear,200,0.8,1.0,0.2,1,25,333.86577718661954
quantile,200,0.8,1.0,0.2,1,25,149.99327571050412
huber,200,0.8,1.0,0.2,1,25,71.37070269809215
linear,200,0.8,1.0,0.2,1,26,585.3943826571006
quantile,200,0.8,1.0,0.2,1,26,486.4832172396641
huber,200,0.8,1.0,0.2,1,26,248.48394465864823
linear,200,0.8,1.0,0.2,1,27,238.67851195971826
quantile,200,0.8,1.0,0.2,1,27,172.8782345061002
huber,200,0.8,1.0,0.2,1,27,123.87525062082975
linear,200,0.8,1.0,0.2,1,28,982.4815670931623
quantile,200,0.8,1.0,0.2,1,28,196.89673630980195
huber,200,0.8,1.0,0.2,1,28,157.30190710743713
linear,200,0.8,1.0,0.2,1,29,1077.8930733652621
quantile,200,0.8,1.0,0.2,1,29,85.68640269596301
huber,200,0.8,1.0,0.2,1,29,65.38199512539859
linear,200,0.8,1.0,0.2,5,0,1038.7741172060378
quantile,200,0.8,1.0,0.2,5,0,430.0333913338897
huber,200,0.8,1.0,0.2,5,0,300.98109472169347
linear,200,0.8,1.0,0.2,5,1,196.66026315141897
quantile,200,0.8,1.0,0.2,5,1,119.15259610896629
huber,200,0.8,1.0,0.2,5,1,68.40521223620522
linear,200,0.8,1.0,0.2,5,2,293.1265804668018
quantile,200,0.8,1.0,0.2,5,2,105.06105293022162
huber,200,0.8,1.0,0.2,5,2,56.42364425512386
linear,200,0.8,1.0,0.2,5,3,908.7721096010428
quantile,200,0.8,1.0,0.2,5,3,210.1237533540774
huber,200,0.8,1.0,0.2,5,3,136.14920468080663
linear,200,0.8,1.0,0.2,5,4,33137.539137791144
quantile,200,0.8,1.0,0.2,5,4,141.85468983855003
huber,200,0.8,1.0,0.2,5,4,114.52383443079702
linear,200,0.8,1.0,0.2,5,5,8637.556319999281
quantile,200,0.8,1.0,0.2,5,5,106.68274575821505
huber,200,0.8,1.0,0.2,5,5,64.28541354724092
linear,200,0.8,1.0,0.2,5,6,31489.022346014885
quantile,200,0.8,1.0,0.2,5,6,154.0602950972207
huber,200,0.8,1.0,0.2,5,6,99.93502035302018
linear,200,0.8,1.0,0.2,5,7,55.05507030342889
quantile,200,0.8,1.0,0.2,5,7,25.904392331918295
huber,200,0.8,1.0,0.2,5,7,19.988784648750755
linear,200,0.8,1.0,0.2,5,8,84.219906695938
quantile,200,0.8,1.0,0.2,5,8,87.93709753836055
huber,200,0.8,1.0,0.2,5,8,75.65029517276358
linear,200,0.8,1.0,0.2,5,9,620.8585248113031
quantile,200,0.8,1.0,0.2,5,9,192.6319337159795
huber,200,0.8,1.0,0.2,5,9,82.2770112474894
linear,200,0.8,1.0,0.2,5,10,6131.749158342869
quantile,200,0.8,1.0,0.2,5,10,244.96137621597222
huber,200,0.8,1.0,0.2,5,10,119.02346735717647
linear,200,0.8,1.0,0.2,5,11,12694.542101435803
quantile,200,0.8,1.0,0.2,5,11,160.96453159841647
huber,200,0.8,1.0,0.2,5,11,118.24215530018014
linear,200,0.8,1.0,0.2,5,12,633.5069760345749
quantile,200,0.8,1.0,0.2,5,12,302.05833537881404
huber,200,0.8,1.0,0.2,5,12,196.18814674461152
linear,200,0.8,1.0,0.2,5,13,1005.2876515353557
quantile,200,0.8,1.0,0.2,5,13,248.9614751729107
huber,200,0.8,1.0,0.2,5,13,171.70140664692653
linear,200,0.8,1.0,0.2,5,14,17788.611069592393
quantile,200,0.8,1.0,0.2,5,14,306.1015884874471
huber,200,0.8,1.0,0.2,5,14,230.84963751406454
linear,200,0.8,1.0,0.2,5,15,1174.4055047704187
quantile,200,0.8,1.0,0.2,5,15,95.8683819728374
huber,200,0.8,1.0,0.2,5,15,56.5364239646419
linear,200,0.8,1.0,0.2,5,16,1065.100439905654
quantile,200,0.8,1.0,0.2,5,16,66.41551630714781
huber,200,0.8,1.0,0.2,5,16,60.52419689130682
linear,200,0.8,1.0,0.2,5,17,3334.5541659540777
quantile,200,0.8,1.0,0.2,5,17,584.9304308447129
huber,200,0.8,1.0,0.2,5,17,470.2703048555416
linear,200,0.8,1.0,0.2,5,18,68.64030586291598
quantile,200,0.8,1.0,0.2,5,18,43.90130632744794
huber,200,0.8,1.0,0.2,5,18,43.40245467405225
linear,200,0.8,1.0,0.2,5,19,106.80948925648332
quantile,200,0.8,1.0,0.2,5,19,91.26326940125551
huber,200,0.8,1.0,0.2,5,19,70.32494480719366
linear,200,0.8,1.0,0.2,5,20,462.63439844490847
quantile,200,0.8,1.0,0.2,5,20,126.84277181099583
huber,200,0.8,1.0,0.2,5,20,83.05962614840539
linear,200,0.8,1.0,0.2,5,21,488.32456119973637
quantile,200,0.8,1.0,0.2,5,21,101.50168651170851
huber,200,0.8,1.0,0.2,5,21,83.87564183386552
linear,200,0.8,1.0,0.2,5,22,201.449639947953
quantile,200,0.8,1.0,0.2,5,22,74.30250824853027
huber,200,0.8,1.0,0.2,5,22,46.288121496694515
linear,200,0.8,1.0,0.2,5,23,430.7540099918744
quantile,200,0.8,1.0,0.2,5,23,136.74991470710347
huber,200,0.8,1.0,0.2,5,23,131.02436288179703
linear,200,0.8,1.0,0.2,5,24,699.9000680894155
quantile,200,0.8,1.0,0.2,5,24,71.85345900630547
huber,200,0.8,1.0,0.2,5,24,57.049378374316106
linear,200,0.8,1.0,0.2,5,25,284.7582975841634
quantile,200,0.8,1.0,0.2,5,25,158.6148948739041
huber,200,0.8,1.0,0.2,5,25,97.56503241585204
linear,200,0.8,1.0,0.2,5,26,21650.73311270969
quantile,200,0.8,1.0,0.2,5,26,156.11074258832656
huber,200,0.8,1.0,0.2,5,26,142.1343780784353
linear,200,0.8,1.0,0.2,5,27,160.25979800859903
quantile,200,0.8,1.0,0.2,5,27,72.45351418947072
huber,200,0.8,1.0,0.2,5,27,59.8293499439655
linear,200,0.8,1.0,0.2,5,28,464.91401752371553
quantile,200,0.8,1.0,0.2,5,28,160.594996940314
huber,200,0.8,1.0,0.2,5,28,122.94698092064598
linear,200,0.8,1.0,0.2,5,29,9769.711272599809
quantile,200,0.8,1.0,0.2,5,29,175.1399381318327
huber,200,0.8,1.0,0.2,5,29,108.99743453758627
linear,200,0.8,1.0,0.2,10,0,2789.4918434801425
quantile,200,0.8,1.0,0.2,10,0,44.711985301543635
huber,200,0.8,1.0,0.2,10,0,42.1601500952469
linear,200,0.8,1.0,0.2,10,1,254.6513637134026
quantile,200,0.8,1.0,0.2,10,1,70.72029559100876
huber,200,0.8,1.0,0.2,10,1,58.34109748504056
linear,200,0.8,1.0,0.2,10,2,4360.929141123223
quantile,200,0.8,1.0,0.2,10,2,153.95900638534613
huber,200,0.8,1.0,0.2,10,2,99.20255243016797
linear,200,0.8,1.0,0.2,10,3,19130.602970674536
quantile,200,0.8,1.0,0.2,10,3,156.871557319344
huber,200,0.8,1.0,0.2,10,3,124.66935016502966
linear,200,0.8,1.0,0.2,10,4,369.2951680458544
quantile,200,0.8,1.0,0.2,10,4,195.41476159290724
huber,200,0.8,1.0,0.2,10,4,126.17444312834373
linear,200,0.8,1.0,0.2,10,5,882.2398168102685
quantile,200,0.8,1.0,0.2,10,5,333.46086593038046
huber,200,0.8,1.0,0.2,10,5,239.2412651324987
linear,200,0.8,1.0,0.2,10,6,10182.026663637786
quantile,200,0.8,1.0,0.2,10,6,81.53372800493369
huber,200,0.8,1.0,0.2,10,6,64.81651533786794
linear,200,0.8,1.0,0.2,10,7,274.1429793676505
quantile,200,0.8,1.0,0.2,10,7,96.7344714706347
huber,200,0.8,1.0,0.2,10,7,75.78679680119336
linear,200,0.8,1.0,0.2,10,8,514.7874147721652
quantile,200,0.8,1.0,0.2,10,8,225.28177604104104
huber,200,0.8,1.0,0.2,10,8,155.21478696088883
linear,200,0.8,1.0,0.2,10,9,197.46828931225923
quantile,200,0.8,1.0,0.2,10,9,40.57339910211648
huber,200,0.8,1.0,0.2,10,9,34.700221748044726
linear,200,0.8,1.0,0.2,10,10,1024.3678227668613
quantile,200,0.8,1.0,0.2,10,10,44.10338206243574
huber,200,0.8,1.0,0.2,10,10,39.70359402063794
linear,200,0.8,1.0,0.2,10,11,1254.2453945607272
quantile,200,0.8,1.0,0.2,10,11,180.17628345991312
huber,200,0.8,1.0,0.2,10,11,102.31975369773915
linear,200,0.8,1.0,0.2,10,12,527.6971767142377
quantile,200,0.8,1.0,0.2,10,12,231.88336705941754
huber,200,0.8,1.0,0.2,10,12,216.7364419976094
linear,200,0.8,1.0,0.2,10,13,324.5683752277514
quantile,200,0.8,1.0,0.2,10,13,90.77821853686748
huber,200,0.8,1.0,0.2,10,13,43.8831133765821
linear,200,0.8,1.0,0.2,10,14,99.84728464838287
quantile,200,0.8,1.0,0.2,10,14,43.16403275746971
huber,200,0.8,1.0,0.2,10,14,28.929468217707218
linear,200,0.8,1.0,0.2,10,15,688.4627518445254
quantile,200,0.8,1.0,0.2,10,15,98.35752994082128
huber,200,0.8,1.0,0.2,10,15,64.43055011356205
linear,200,0.8,1.0,0.2,10,16,1107.0929333090155
quantile,200,0.8,1.0,0.2,10,16,140.95440091262856
huber,200,0.8,1.0,0.2,10,16,99.00492954396147
linear,200,0.8,1.0,0.2,10,17,353.0479079419544
quantile,200,0.8,1.0,0.2,10,17,107.3244157735927
huber,200,0.8,1.0,0.2,10,17,67.79939723637759
linear,200,0.8,1.0,0.2,10,18,1610.1713009077675
quantile,200,0.8,1.0,0.2,10,18,685.5540691543463
huber,200,0.8,1.0,0.2,10,18,353.5891814528637
linear,200,0.8,1.0,0.2,10,19,421.9340585160381
quantile,200,0.8,1.0,0.2,10,19,150.52266371762994
huber,200,0.8,1.0,0.2,10,19,100.5124315462872
linear,200,0.8,1.0,0.2,10,20,1736.3664569411135
quantile,200,0.8,1.0,0.2,10,20,223.07420736755978
huber,200,0.8,1.0,0.2,10,20,117.46920465037306
linear,200,0.8,1.0,0.2,10,21,1273.5484242384277
quantile,200,0.8,1.0,0.2,10,21,111.7712100650616
huber,200,0.8,1.0,0.2,10,21,87.02676624976635
linear,200,0.8,1.0,0.2,10,22,218.19569879282335
quantile,200,0.8,1.0,0.2,10,22,65.73410336603925
huber,200,0.8,1.0,0.2,10,22,52.39012194875727
linear,200,0.8,1.0,0.2,10,23,430.6747505147339
quantile,200,0.8,1.0,0.2,10,23,183.10011378856612
huber,200,0.8,1.0,0.2,10,23,127.4346827846679
linear,200,0.8,1.0,0.2,10,24,16262.360807408335
quantile,200,0.8,1.0,0.2,10,24,115.8304909886369
huber,200,0.8,1.0,0.2,10,24,50.09392833570789
linear,200,0.8,1.0,0.2,10,25,101.23403089239258
quantile,200,0.8,1.0,0.2,10,25,91.27909877540309
huber,200,0.8,1.0,0.2,10,25,70.71146636842116
linear,200,0.8,1.0,0.2,10,26,3149.9601664452466
quantile,200,0.8,1.0,0.2,10,26,311.17383585464216
huber,200,0.8,1.0,0.2,10,26,213.92088422026427
linear,200,0.8,1.0,0.2,10,27,476.1376666794621
quantile,200,0.8,1.0,0.2,10,27,139.22338916059454
huber,200,0.8,1.0,0.2,10,27,113.9630443801955
linear,200,0.8,1.0,0.2,10,28,199.03585674815855
quantile,200,0.8,1.0,0.2,10,28,119.9925129095504
huber,200,0.8,1.0,0.2,10,28,92.75608760752344
linear,200,0.8,1.0,0.2,10,29,5084.155495581424
quantile,200,0.8,1.0,0.2,10,29,51.15480103051612
huber,200,0.8,1.0,0.2,10,29,39.49533470395691
linear,200,0.8,2.0,0.2,1,0,32.10330944020433
quantile,200,0.8,2.0,0.2,1,0,28.30717505286332
huber,200,0.8,2.0,0.2,1,0,25.34002373212873
linear,200,0.8,2.0,0.2,1,1,28.330263201115226
quantile,200,0.8,2.0,0.2,1,1,32.74984717716274
huber,200,0.8,2.0,0.2,1,1,20.702690626282923
linear,200,0.8,2.0,0.2,1,2,12.642300747203077
quantile,200,0.8,2.0,0.2,1,2,15.393687726904759
huber,200,0.8,2.0,0.2,1,2,14.000293050627441
linear,200,0.8,2.0,0.2,1,3,26.089556073381154
quantile,200,0.8,2.0,0.2,1,3,22.75423896335058
huber,200,0.8,2.0,0.2,1,3,17.652036452730364
linear,200,0.8,2.0,0.2,1,4,12.780072572505153
quantile,200,0.8,2.0,0.2,1,4,14.23367130513106
huber,200,0.8,2.0,0.2,1,4,11.039407675347892
linear,200,0.8,2.0,0.2,1,5,17.110168059359644
quantile,200,0.8,2.0,0.2,1,5,21.464957274225604
huber,200,0.8,2.0,0.2,1,5,18.679231012832034
linear,200,0.8,2.0,0.2,1,6,325.22904865738093
quantile,200,0.8,2.0,0.2,1,6,40.410684990754206
huber,200,0.8,2.0,0.2,1,6,37.48794135940637
linear,200,0.8,2.0,0.2,1,7,22.196061183503907
quantile,200,0.8,2.0,0.2,1,7,20.85620698248093
huber,200,0.8,2.0,0.2,1,7,16.039035134213208
linear,200,0.8,2.0,0.2,1,8,14.89647531515583
quantile,200,0.8,2.0,0.2,1,8,16.92338540694871
huber,200,0.8,2.0,0.2,1,8,9.750192018391159
linear,200,0.8,2.0,0.2,1,9,31.783634057374094
quantile,200,0.8,2.0,0.2,1,9,29.135543337588963
huber,200,0.8,2.0,0.2,1,9,21.74663099181605
linear,200,0.8,2.0,0.2,1,10,13.530583822867413
quantile,200,0.8,2.0,0.2,1,10,41.146457516639856
huber,200,0.8,2.0,0.2,1,10,21.475065986296563
linear,200,0.8,2.0,0.2,1,11,54.643590857244455
quantile,200,0.8,2.0,0.2,1,11,17.047732533031247
huber,200,0.8,2.0,0.2,1,11,15.08015353051618
linear,200,0.8,2.0,0.2,1,12,9.729858109471246
quantile,200,0.8,2.0,0.2,1,12,16.190577546401492
huber,200,0.8,2.0,0.2,1,12,12.262967441558995
linear,200,0.8,2.0,0.2,1,13,77.85503293389087
quantile,200,0.8,2.0,0.2,1,13,13.074755524387568
huber,200,0.8,2.0,0.2,1,13,12.699296683896911
linear,200,0.8,2.0,0.2,1,14,19.776821195811706
quantile,200,0.8,2.0,0.2,1,14,16.81295260009536
huber,200,0.8,2.0,0.2,1,14,12.926053790174084
linear,200,0.8,2.0,0.2,1,15,20.120275223771838
quantile,200,0.8,2.0,0.2,1,15,16.63971506079625
huber,200,0.8,2.0,0.2,1,15,14.064269421212838
linear,200,0.8,2.0,0.2,1,16,6.836024400542427
quantile,200,0.8,2.0,0.2,1,16,11.210902956158058
huber,200,0.8,2.0,0.2,1,16,8.028921552126404
linear,200,0.8,2.0,0.2,1,17,8.0369533032121
quantile,200,0.8,2.0,0.2,1,17,15.759726545832564
huber,200,0.8,2.0,0.2,1,17,12.110459721546457
linear,200,0.8,2.0,0.2,1,18,23.277380021390023
quantile,200,0.8,2.0,0.2,1,18,32.97774433536868
huber,200,0.8,2.0,0.2,1,18,17.998300272117778
linear,200,0.8,2.0,0.2,1,19,336.4050683541673
quantile,200,0.8,2.0,0.2,1,19,26.326750243373045
huber,200,0.8,2.0,0.2,1,19,21.004937909371343
linear,200,0.8,2.0,0.2,1,20,19.844586394664795
quantile,200,0.8,2.0,0.2,1,20,17.908968287299352
huber,200,0.8,2.0,0.2,1,20,16.39830952618275
linear,200,0.8,2.0,0.2,1,21,639.3029329873946
quantile,200,0.8,2.0,0.2,1,21,25.021485079266732
huber,200,0.8,2.0,0.2,1,21,24.48935059822097
linear,200,0.8,2.0,0.2,1,22,30.301370637662206
quantile,200,0.8,2.0,0.2,1,22,25.32680631143558
huber,200,0.8,2.0,0.2,1,22,22.488692728086896
linear,200,0.8,2.0,0.2,1,23,232.7941797375717
quantile,200,0.8,2.0,0.2,1,23,13.796775235117149
huber,200,0.8,2.0,0.2,1,23,11.179489748456263
linear,200,0.8,2.0,0.2,1,24,16.93794793634297
quantile,200,0.8,2.0,0.2,1,24,12.782595489379286
huber,200,0.8,2.0,0.2,1,24,10.296400267863657
linear,200,0.8,2.0,0.2,1,25,76.53480222162372
quantile,200,0.8,2.0,0.2,1,25,20.54382894509036
huber,200,0.8,2.0,0.2,1,25,14.721503065915298
linear,200,0.8,2.0,0.2,1,26,35.38606830546067
quantile,200,0.8,2.0,0.2,1,26,11.244731355587348
huber,200,0.8,2.0,0.2,1,26,8.826775967297772
linear,200,0.8,2.0,0.2,1,27,14.074691084626735
quantile,200,0.8,2.0,0.2,1,27,14.857284961559674
huber,200,0.8,2.0,0.2,1,27,12.49659912694299
linear,200,0.8,2.0,0.2,1,28,11.688997931826894
quantile,200,0.8,2.0,0.2,1,28,15.07998433632946
huber,200,0.8,2.0,0.2,1,28,12.95528758692603
linear,200,0.8,2.0,0.2,1,29,73.36497846827785
quantile,200,0.8,2.0,0.2,1,29,35.63577154004353
huber,200,0.8,2.0,0.2,1,29,28.560934769250068
linear,200,0.8,2.0,0.2,5,0,32.050330346189696
quantile,200,0.8,2.0,0.2,5,0,37.92494118331071
huber,200,0.8,2.0,0.2,5,0,33.31928774671278
linear,200,0.8,2.0,0.2,5,1,14.700752709772637
quantile,200,0.8,2.0,0.2,5,1,12.4768166323264
huber,200,0.8,2.0,0.2,5,1,8.022757847507851
linear,200,0.8,2.0,0.2,5,2,120.6212028340176
quantile,200,0.8,2.0,0.2,5,2,28.585093787830893
huber,200,0.8,2.0,0.2,5,2,25.022263972750075
linear,200,0.8,2.0,0.2,5,3,15.548742168137561
quantile,200,0.8,2.0,0.2,5,3,16.236808088721343
huber,200,0.8,2.0,0.2,5,3,14.113095243091212
linear,200,0.8,2.0,0.2,5,4,26.290989722855493
quantile,200,0.8,2.0,0.2,5,4,19.135548784802225
huber,200,0.8,2.0,0.2,5,4,11.577684512606513
linear,200,0.8,2.0,0.2,5,5,22.200815463263694
quantile,200,0.8,2.0,0.2,5,5,22.758802835119468
huber,200,0.8,2.0,0.2,5,5,15.280978024237264
linear,200,0.8,2.0,0.2,5,6,15.585411996746803
quantile,200,0.8,2.0,0.2,5,6,21.50609572884023
huber,200,0.8,2.0,0.2,5,6,12.763568814362733
linear,200,0.8,2.0,0.2,5,7,30.385331402731868
quantile,200,0.8,2.0,0.2,5,7,27.638369393911358
huber,200,0.8,2.0,0.2,5,7,23.193256027180663
linear,200,0.8,2.0,0.2,5,8,33.28094363589827
quantile,200,0.8,2.0,0.2,5,8,19.83762902646302
huber,200,0.8,2.0,0.2,5,8,15.830428922831322
linear,200,0.8,2.0,0.2,5,9,21.055442227276288
quantile,200,0.8,2.0,0.2,5,9,12.24695172398728
huber,200,0.8,2.0,0.2,5,9,11.717117516276993
linear,200,0.8,2.0,0.2,5,10,22.485880713621853
quantile,200,0.8,2.0,0.2,5,10,25.96694924752866
huber,200,0.8,2.0,0.2,5,10,24.668398427457
linear,200,0.8,2.0,0.2,5,11,26.083619836786198
quantile,200,0.8,2.0,0.2,5,11,24.468317141260155
huber,200,0.8,2.0,0.2,5,11,19.13816418933485
linear,200,0.8,2.0,0.2,5,12,24.099112450456367
quantile,200,0.8,2.0,0.2,5,12,26.396366805874727
huber,200,0.8,2.0,0.2,5,12,22.378244975461627
linear,200,0.8,2.0,0.2,5,13,27.325404363872735
quantile,200,0.8,2.0,0.2,5,13,31.18628395949064
huber,200,0.8,2.0,0.2,5,13,16.39849703934808
linear,200,0.8,2.0,0.2,5,14,21.387577765533777
quantile,200,0.8,2.0,0.2,5,14,35.350740060309654
huber,200,0.8,2.0,0.2,5,14,18.069741884422537
linear,200,0.8,2.0,0.2,5,15,201.41021145896383
quantile,200,0.8,2.0,0.2,5,15,22.165117127653925
huber,200,0.8,2.0,0.2,5,15,15.998672306895541
linear,200,0.8,2.0,0.2,5,16,26.017191034021096
quantile,200,0.8,2.0,0.2,5,16,17.110594343384783
huber,200,0.8,2.0,0.2,5,16,13.049498552374315
linear,200,0.8,2.0,0.2,5,17,20.2490669409643
quantile,200,0.8,2.0,0.2,5,17,22.006656200974042
huber,200,0.8,2.0,0.2,5,17,14.288269003572548
linear,200,0.8,2.0,0.2,5,18,12.37171835836087
quantile,200,0.8,2.0,0.2,5,18,23.794511473461835
huber,200,0.8,2.0,0.2,5,18,12.755710752906083
linear,200,0.8,2.0,0.2,5,19,12.363593957105877
quantile,200,0.8,2.0,0.2,5,19,18.22460999848385
huber,200,0.8,2.0,0.2,5,19,9.658896082923993
linear,200,0.8,2.0,0.2,5,20,1123.587769707653
quantile,200,0.8,2.0,0.2,5,20,15.200639154381225
huber,200,0.8,2.0,0.2,5,20,11.863905041547028
linear,200,0.8,2.0,0.2,5,21,28.13911596013014
quantile,200,0.8,2.0,0.2,5,21,28.00129159329148
huber,200,0.8,2.0,0.2,5,21,16.638759260046825
linear,200,0.8,2.0,0.2,5,22,16.299148100123652
quantile,200,0.8,2.0,0.2,5,22,27.77342384322145
huber,200,0.8,2.0,0.2,5,22,22.105113187681532
linear,200,0.8,2.0,0.2,5,23,17.36430848749774
quantile,200,0.8,2.0,0.2,5,23,19.847132935961667
huber,200,0.8,2.0,0.2,5,23,15.897190932090126
linear,200,0.8,2.0,0.2,5,24,20.737535792356752
quantile,200,0.8,2.0,0.2,5,24,21.420565507162614
huber,200,0.8,2.0,0.2,5,24,15.60836329647309
linear,200,0.8,2.0,0.2,5,25,35.62269481281547
quantile,200,0.8,2.0,0.2,5,25,34.66816401029835
huber,200,0.8,2.0,0.2,5,25,27.247784820886533
linear,200,0.8,2.0,0.2,5,26,19.03970076351886
quantile,200,0.8,2.0,0.2,5,26,22.967033203974502
huber,200,0.8,2.0,0.2,5,26,19.632947553201845
linear,200,0.8,2.0,0.2,5,27,76.794335463021
quantile,200,0.8,2.0,0.2,5,27,28.495130238095342
huber,200,0.8,2.0,0.2,5,27,19.934218574234926
linear,200,0.8,2.0,0.2,5,28,22.909742559321536
quantile,200,0.8,2.0,0.2,5,28,26.645291394858447
huber,200,0.8,2.0,0.2,5,28,22.266195040077996
linear,200,0.8,2.0,0.2,5,29,68.237033688978
quantile,200,0.8,2.0,0.2,5,29,43.874389807594646
huber,200,0.8,2.0,0.2,5,29,29.56936389003856
linear,200,0.8,2.0,0.2,10,0,8.283724489526966
quantile,200,0.8,2.0,0.2,10,0,9.524418806614808
huber,200,0.8,2.0,0.2,10,0,8.475676055430583
linear,200,0.8,2.0,0.2,10,1,1864.5675115798094
quantile,200,0.8,2.0,0.2,10,1,21.292597297925344
huber,200,0.8,2.0,0.2,10,1,16.376497838065156
linear,200,0.8,2.0,0.2,10,2,14.275450539663213
quantile,200,0.8,2.0,0.2,10,2,15.843188077740539
huber,200,0.8,2.0,0.2,10,2,12.51055697083869
linear,200,0.8,2.0,0.2,10,3,49.02258503055697
quantile,200,0.8,2.0,0.2,10,3,27.963672291243405
huber,200,0.8,2.0,0.2,10,3,21.365654896328586
linear,200,0.8,2.0,0.2,10,4,45.095376668297554
quantile,200,0.8,2.0,0.2,10,4,18.410732159529527
huber,200,0.8,2.0,0.2,10,4,12.619307327299904
linear,200,0.8,2.0,0.2,10,5,25.389012946237347
quantile,200,0.8,2.0,0.2,10,5,19.250560203056565
huber,200,0.8,2.0,0.2,10,5,16.147476027221078
linear,200,0.8,2.0,0.2,10,6,27.714638517377743
quantile,200,0.8,2.0,0.2,10,6,24.718415586219002
huber,200,0.8,2.0,0.2,10,6,18.759570318224377
linear,200,0.8,2.0,0.2,10,7,21.222092012678836
quantile,200,0.8,2.0,0.2,10,7,18.80190034184114
huber,200,0.8,2.0,0.2,10,7,13.854954518396454
linear,200,0.8,2.0,0.2,10,8,15.715172668336962
quantile,200,0.8,2.0,0.2,10,8,15.426962865239387
huber,200,0.8,2.0,0.2,10,8,13.92580129189394
linear,200,0.8,2.0,0.2,10,9,16.959131069930244
quantile,200,0.8,2.0,0.2,10,9,23.532600541839784
huber,200,0.8,2.0,0.2,10,9,15.64703822698855
linear,200,0.8,2.0,0.2,10,10,18.074903582241845
quantile,200,0.8,2.0,0.2,10,10,14.237568110273312
huber,200,0.8,2.0,0.2,10,10,12.045221316762559
linear,200,0.8,2.0,0.2,10,11,32.23381272764026
quantile,200,0.8,2.0,0.2,10,11,41.161352625702165
huber,200,0.8,2.0,0.2,10,11,29.07457644897724
linear,200,0.8,2.0,0.2,10,12,17.469890340929286
quantile,200,0.8,2.0,0.2,10,12,17.05870698593077
huber,200,0.8,2.0,0.2,10,12,11.808010336705
linear,200,0.8,2.0,0.2,10,13,17.276332113695005
quantile,200,0.8,2.0,0.2,10,13,23.72327407606297
huber,200,0.8,2.0,0.2,10,13,20.560169557821517
linear,200,0.8,2.0,0.2,10,14,25.343118301718746
quantile,200,0.8,2.0,0.2,10,14,23.27437767058331
huber,200,0.8,2.0,0.2,10,14,20.24958159671873
linear,200,0.8,2.0,0.2,10,15,38.351422356008456
quantile,200,0.8,2.0,0.2,10,15,17.047335251292516
huber,200,0.8,2.0,0.2,10,15,12.11847304011941
linear,200,0.8,2.0,0.2,10,16,15.209707038785163
quantile,200,0.8,2.0,0.2,10,16,21.06683576079136
huber,200,0.8,2.0,0.2,10,16,9.840086384268055
linear,200,0.8,2.0,0.2,10,17,26.39123860267739
quantile,200,0.8,2.0,0.2,10,17,17.868511806354654
huber,200,0.8,2.0,0.2,10,17,15.904426591391303
linear,200,0.8,2.0,0.2,10,18,31.78777119767802
quantile,200,0.8,2.0,0.2,10,18,28.557484546694532
huber,200,0.8,2.0,0.2,10,18,26.60829629744076
linear,200,0.8,2.0,0.2,10,19,11.005970603798172
quantile,200,0.8,2.0,0.2,10,19,12.317111799771352
huber,200,0.8,2.0,0.2,10,19,10.571191096928487
linear,200,0.8,2.0,0.2,10,20,20.359476308585723
quantile,200,0.8,2.0,0.2,10,20,28.157401435722974
huber,200,0.8,2.0,0.2,10,20,20.41695888419612
linear,200,0.8,2.0,0.2,10,21,17.75918213329787
quantile,200,0.8,2.0,0.2,10,21,16.342223619986505
huber,200,0.8,2.0,0.2,10,21,15.366244131324189
linear,200,0.8,2.0,0.2,10,22,24.722708489698306
quantile,200,0.8,2.0,0.2,10,22,15.313794221522874
huber,200,0.8,2.0,0.2,10,22,13.705083234739316
linear,200,0.8,2.0,0.2,10,23,28.494444947407445
quantile,200,0.8,2.0,0.2,10,23,27.383034334319404
huber,200,0.8,2.0,0.2,10,23,20.08827845756481
linear,200,0.8,2.0,0.2,10,24,12.124026486383315
quantile,200,0.8,2.0,0.2,10,24,11.25968571494456
huber,200,0.8,2.0,0.2,10,24,9.43720315852271
linear,200,0.8,2.0,0.2,10,25,40.83873462450252
quantile,200,0.8,2.0,0.2,10,25,52.54176583600774
huber,200,0.8,2.0,0.2,10,25,36.680730066487996
linear,200,0.8,2.0,0.2,10,26,71.07919574896805
quantile,200,0.8,2.0,0.2,10,26,38.11379005085466
huber,200,0.8,2.0,0.2,10,26,23.549029262617413
linear,200,0.8,2.0,0.2,10,27,15.154562098628078
quantile,200,0.8,2.0,0.2,10,27,14.109889032171196
huber,200,0.8,2.0,0.2,10,27,12.739121266639838
linear,200,0.8,2.0,0.2,10,28,19.870038845596007
quantile,200,0.8,2.0,0.2,10,28,16.974093990039112
huber,200,0.8,2.0,0.2,10,28,14.722417891480744
linear,200,0.8,2.0,0.2,10,29,31.215833487320072
quantile,200,0.8,2.0,0.2,10,29,28.205541575443533
huber,200,0.8,2.0,0.2,10,29,18.480744997212447
linear,200,0.8,3.0,0.2,1,0,3.6849922541604743
quantile,200,0.8,3.0,0.2,1,0,3.8539213986489003
huber,200,0.8,3.0,0.2,1,0,2.6178953865440557
linear,200,0.8,3.0,0.2,1,1,3.1723776724781056
quantile,200,0.8,3.0,0.2,1,1,4.401316884800301
huber,200,0.8,3.0,0.2,1,1,3.4340892456971432
linear,200,0.8,3.0,0.2,1,2,3.8780949750877394
quantile,200,0.8,3.0,0.2,1,2,4.28321285448677
huber,200,0.8,3.0,0.2,1,2,3.471035188166549
linear,200,0.8,3.0,0.2,1,3,2.78905644712281
quantile,200,0.8,3.0,0.2,1,3,3.7318238780075
huber,200,0.8,3.0,0.2,1,3,3.61545949968004
linear,200,0.8,3.0,0.2,1,4,4.002263595922555
quantile,200,0.8,3.0,0.2,1,4,4.491315184301442
huber,200,0.8,3.0,0.2,1,4,3.1326351720709313
linear,200,0.8,3.0,0.2,1,5,2.864126863559931
quantile,200,0.8,3.0,0.2,1,5,4.614678783191001
huber,200,0.8,3.0,0.2,1,5,2.4408352771048203
linear,200,0.8,3.0,0.2,1,6,7.682023971614077
quantile,200,0.8,3.0,0.2,1,6,8.820556016543504
huber,200,0.8,3.0,0.2,1,6,6.934683717205989
linear,200,0.8,3.0,0.2,1,7,3.6249582069700947
quantile,200,0.8,3.0,0.2,1,7,2.85584085400988
huber,200,0.8,3.0,0.2,1,7,2.751123859405322
linear,200,0.8,3.0,0.2,1,8,3.168634518832593
quantile,200,0.8,3.0,0.2,1,8,3.51649006997006
huber,200,0.8,3.0,0.2,1,8,2.4150061716272893
linear,200,0.8,3.0,0.2,1,9,5.028896823918862
quantile,200,0.8,3.0,0.2,1,9,3.8378192688302857
huber,200,0.8,3.0,0.2,1,9,3.1875042737387913
linear,200,0.8,3.0,0.2,1,10,2.8867766772364014
quantile,200,0.8,3.0,0.2,1,10,3.464074115813323
huber,200,0.8,3.0,0.2,1,10,2.9002937762939203
linear,200,0.8,3.0,0.2,1,11,2.939453607046875
quantile,200,0.8,3.0,0.2,1,11,4.53651586724013
huber,200,0.8,3.0,0.2,1,11,3.756581391911853
linear,200,0.8,3.0,0.2,1,12,2.2620009689498817
quantile,200,0.8,3.0,0.2,1,12,3.122982185804253
huber,200,0.8,3.0,0.2,1,12,2.2198802914102718
linear,200,0.8,3.0,0.2,1,13,8.747998268233145
quantile,200,0.8,3.0,0.2,1,13,4.860685452094359
huber,200,0.8,3.0,0.2,1,13,3.9172378985213445
linear,200,0.8,3.0,0.2,1,14,3.549654666136663
quantile,200,0.8,3.0,0.2,1,14,4.53034883214475
huber,200,0.8,3.0,0.2,1,14,4.184703617871272
linear,200,0.8,3.0,0.2,1,15,4.089029730228603
quantile,200,0.8,3.0,0.2,1,15,5.017508280705812
huber,200,0.8,3.0,0.2,1,15,2.4215008603890564
linear,200,0.8,3.0,0.2,1,16,2.9777697063188926
quantile,200,0.8,3.0,0.2,1,16,2.722105308775858
huber,200,0.8,3.0,0.2,1,16,2.642487352979182
linear,200,0.8,3.0,0.2,1,17,2.092996127940327
quantile,200,0.8,3.0,0.2,1,17,3.526571503513178
huber,200,0.8,3.0,0.2,1,17,2.3207841987192426
linear,200,0.8,3.0,0.2,1,18,3.349362843270373
quantile,200,0.8,3.0,0.2,1,18,3.61464610092842
huber,200,0.8,3.0,0.2,1,18,2.4522878416872933
linear,200,0.8,3.0,0.2,1,19,2.376471407819204
quantile,200,0.8,3.0,0.2,1,19,3.0859703910081766
huber,200,0.8,3.0,0.2,1,19,2.4856392541321
linear,200,0.8,3.0,0.2,1,20,8.78027094300175
quantile,200,0.8,3.0,0.2,1,20,9.29485932787454
huber,200,0.8,3.0,0.2,1,20,7.36236830182586
linear,200,0.8,3.0,0.2,1,21,3.167922922277028
quantile,200,0.8,3.0,0.2,1,21,4.143492459300711
huber,200,0.8,3.0,0.2,1,21,2.4825518980997128
linear,200,0.8,3.0,0.2,1,22,2.0936367867266386
quantile,200,0.8,3.0,0.2,1,22,2.539173904785983
huber,200,0.8,3.0,0.2,1,22,2.2399900316733503
linear,200,0.8,3.0,0.2,1,23,6.073934703670886
quantile,200,0.8,3.0,0.2,1,23,7.2741762087617134
huber,200,0.8,3.0,0.2,1,23,4.6674689721905995
linear,200,0.8,3.0,0.2,1,24,5.686167323088639
quantile,200,0.8,3.0,0.2,1,24,6.373354007040425
huber,200,0.8,3.0,0.2,1,24,5.7918965276839955
linear,200,0.8,3.0,0.2,1,25,7.706435298411487
quantile,200,0.8,3.0,0.2,1,25,6.872930613518093
huber,200,0.8,3.0,0.2,1,25,6.206198024606822
linear,200,0.8,3.0,0.2,1,26,3.15525271089328
quantile,200,0.8,3.0,0.2,1,26,2.609814479882245
huber,200,0.8,3.0,0.2,1,26,2.385895574955787
linear,200,0.8,3.0,0.2,1,27,5.169679846524388
quantile,200,0.8,3.0,0.2,1,27,6.717696936854249
huber,200,0.8,3.0,0.2,1,27,5.2427293866108915
linear,200,0.8,3.0,0.2,1,28,7.049325057978129
quantile,200,0.8,3.0,0.2,1,28,5.621256774781475
huber,200,0.8,3.0,0.2,1,28,3.930840092474369
linear,200,0.8,3.0,0.2,1,29,3.869546968304654
quantile,200,0.8,3.0,0.2,1,29,5.678546449941762
huber,200,0.8,3.0,0.2,1,29,3.1355166359980653
linear,200,0.8,3.0,0.2,5,0,4.334479336691929
quantile,200,0.8,3.0,0.2,5,0,7.155634662049901
huber,200,0.8,3.0,0.2,5,0,4.1883610947005625
linear,200,0.8,3.0,0.2,5,1,5.821876796154736
quantile,200,0.8,3.0,0.2,5,1,5.85958746681162
huber,200,0.8,3.0,0.2,5,1,4.968977926314255
linear,200,0.8,3.0,0.2,5,2,5.974057030821722
quantile,200,0.8,3.0,0.2,5,2,5.4084482729483305
huber,200,0.8,3.0,0.2,5,2,4.919398415733096
linear,200,0.8,3.0,0.2,5,3,4.3766785153126575
quantile,200,0.8,3.0,0.2,5,3,4.919847359703914
huber,200,0.8,3.0,0.2,5,3,3.2002026335553424
linear,200,0.8,3.0,0.2,5,4,2.9689745989521237
quantile,200,0.8,3.0,0.2,5,4,4.2732644503688135
huber,200,0.8,3.0,0.2,5,4,3.2734204302826635
linear,200,0.8,3.0,0.2,5,5,3.9755248051235905
quantile,200,0.8,3.0,0.2,5,5,4.235137659796452
huber,200,0.8,3.0,0.2,5,5,3.4862814793767996
linear,200,0.8,3.0,0.2,5,6,3.4582549140874455
quantile,200,0.8,3.0,0.2,5,6,4.7372162004829645
huber,200,0.8,3.0,0.2,5,6,3.1224696605334845
linear,200,0.8,3.0,0.2,5,7,3.394952504254211
quantile,200,0.8,3.0,0.2,5,7,5.39216346608172
huber,200,0.8,3.0,0.2,5,7,4.49516322172863
linear,200,0.8,3.0,0.2,5,8,4.257887854079113
quantile,200,0.8,3.0,0.2,5,8,3.922601291201626
huber,200,0.8,3.0,0.2,5,8,3.3164564178154383
linear,200,0.8,3.0,0.2,5,9,4.231931400096608
quantile,200,0.8,3.0,0.2,5,9,4.935355223407896
huber,200,0.8,3.0,0.2,5,9,3.7949641538708265
linear,200,0.8,3.0,0.2,5,10,3.9087496886092623
quantile,200,0.8,3.0,0.2,5,10,7.273700354632474
huber,200,0.8,3.0,0.2,5,10,5.2977201877306666
linear,200,0.8,3.0,0.2,5,11,3.93528876185575
quantile,200,0.8,3.0,0.2,5,11,4.240215682689484
huber,200,0.8,3.0,0.2,5,11,4.086733950389324
linear,200,0.8,3.0,0.2,5,12,4.0889009083263055
quantile,200,0.8,3.0,0.2,5,12,5.111843044470124
huber,200,0.8,3.0,0.2,5,12,4.860505821547733
linear,200,0.8,3.0,0.2,5,13,4.315500142793074
quantile,200,0.8,3.0,0.2,5,13,5.446773867163566
huber,200,0.8,3.0,0.2,5,13,4.0180151027923765
linear,200,0.8,3.0,0.2,5,14,9.60271604626223
quantile,200,0.8,3.0,0.2,5,14,10.438193069254847
huber,200,0.8,3.0,0.2,5,14,9.314824857328496
linear,200,0.8,3.0,0.2,5,15,3.552124546457532
quantile,200,0.8,3.0,0.2,5,15,3.5538863346667724
huber,200,0.8,3.0,0.2,5,15,3.369714444723601
linear,200,0.8,3.0,0.2,5,16,3.8340364745737117
quantile,200,0.8,3.0,0.2,5,16,5.365087393522705
huber,200,0.8,3.0,0.2,5,16,3.8517708350535678
linear,200,0.8,3.0,0.2,5,17,5.437484679089291
quantile,200,0.8,3.0,0.2,5,17,5.702372743140221
huber,200,0.8,3.0,0.2,5,17,5.293858978613983
linear,200,0.8,3.0,0.2,5,18,4.987304360636994
quantile,200,0.8,3.0,0.2,5,18,3.7686364671464565
huber,200,0.8,3.0,0.2,5,18,3.1853738725500103
linear,200,0.8,3.0,0.2,5,19,2.881367221191142
quantile,200,0.8,3.0,0.2,5,19,4.61275615072807
huber,200,0.8,3.0,0.2,5,19,3.505044218830836
linear,200,0.8,3.0,0.2,5,20,3.4745074284937094
quantile,200,0.8,3.0,0.2,5,20,4.375308382387659
huber,200,0.8,3.0,0.2,5,20,2.7170926846150802
linear,200,0.8,3.0,0.2,5,21,3.106185585907471
quantile,200,0.8,3.0,0.2,5,21,4.532074158290664
huber,200,0.8,3.0,0.2,5,21,3.9017313314439903
linear,200,0.8,3.0,0.2,5,22,2.915917409007264
quantile,200,0.8,3.0,0.2,5,22,3.510970140308881
huber,200,0.8,3.0,0.2,5,22,2.351374515127884
linear,200,0.8,3.0,0.2,5,23,3.2635825953961763
quantile,200,0.8,3.0,0.2,5,23,4.19619133552809
huber,200,0.8,3.0,0.2,5,23,3.2883594959824154
linear,200,0.8,3.0,0.2,5,24,2.0900396981727334
quantile,200,0.8,3.0,0.2,5,24,2.897328374955454
huber,200,0.8,3.0,0.2,5,24,1.9849193018213358
linear,200,0.8,3.0,0.2,5,25,5.975511318649951
quantile,200,0.8,3.0,0.2,5,25,5.525857061445851
huber,200,0.8,3.0,0.2,5,25,4.082203131559417
linear,200,0.8,3.0,0.2,5,26,1.730039407744802
quantile,200,0.8,3.0,0.2,5,26,3.079528540169104
huber,200,0.8,3.0,0.2,5,26,2.508385698782499
linear,200,0.8,3.0,0.2,5,27,5.655703327271196
quantile,200,0.8,3.0,0.2,5,27,7.027564102039439
huber,200,0.8,3.0,0.2,5,27,5.023104841272487
linear,200,0.8,3.0,0.2,5,28,2.324434296476701
quantile,200,0.8,3.0,0.2,5,28,2.806149681833979
huber,200,0.8,3.0,0.2,5,28,2.604716699606033
linear,200,0.8,3.0,0.2,5,29,2.085673889559883
quantile,200,0.8,3.0,0.2,5,29,2.571551269293307
huber,200,0.8,3.0,0.2,5,29,2.1559824597431767
linear,200,0.8,3.0,0.2,10,0,4.2013542210369526
quantile,200,0.8,3.0,0.2,10,0,6.066286002796277
huber,200,0.8,3.0,0.2,10,0,4.827371577595113
linear,200,0.8,3.0,0.2,10,1,5.7807807101065585
quantile,200,0.8,3.0,0.2,10,1,8.842851994682857
huber,200,0.8,3.0,0.2,10,1,7.328470067069208
linear,200,0.8,3.0,0.2,10,2,4.808898568317751
quantile,200,0.8,3.0,0.2,10,2,5.194617502599071
huber,200,0.8,3.0,0.2,10,2,4.1964904989799905
linear,200,0.8,3.0,0.2,10,3,3.6336781140970724
quantile,200,0.8,3.0,0.2,10,3,5.5299022941964076
huber,200,0.8,3.0,0.2,10,3,4.010555598542039
linear,200,0.8,3.0,0.2,10,4,6.341816733462674
quantile,200,0.8,3.0,0.2,10,4,7.183911453440109
huber,200,0.8,3.0,0.2,10,4,6.353546006698963
linear,200,0.8,3.0,0.2,10,5,2.439270784034364
quantile,200,0.8,3.0,0.2,10,5,4.19504141264617
huber,200,0.8,3.0,0.2,10,5,3.015821206357171
linear,200,0.8,3.0,0.2,10,6,2.8848273029594824
quantile,200,0.8,3.0,0.2,10,6,3.5071846459760616
huber,200,0.8,3.0,0.2,10,6,3.127119612214989
linear,200,0.8,3.0,0.2,10,7,3.577796086317276
quantile,200,0.8,3.0,0.2,10,7,2.9425230650234107
huber,200,0.8,3.0,0.2,10,7,2.880835161569655
linear,200,0.8,3.0,0.2,10,8,2.4878229513262005
quantile,200,0.8,3.0,0.2,10,8,3.5325946933032126
huber,200,0.8,3.0,0.2,10,8,2.814748559728821
linear,200,0.8,3.0,0.2,10,9,5.711483160250119
quantile,200,0.8,3.0,0.2,10,9,4.695769927570895
huber,200,0.8,3.0,0.2,10,9,2.6957800442146214
linear,200,0.8,3.0,0.2,10,10,6.761055360475668
quantile,200,0.8,3.0,0.2,10,10,4.922892947578184
huber,200,0.8,3.0,0.2,10,10,4.670798633936012
linear,200,0.8,3.0,0.2,10,11,5.031765762904948
quantile,200,0.8,3.0,0.2,10,11,4.129234723237191
huber,200,0.8,3.0,0.2,10,11,3.417815869475497
linear,200,0.8,3.0,0.2,10,12,3.8531477507205203
quantile,200,0.8,3.0,0.2,10,12,3.6495212239837977
huber,200,0.8,3.0,0.2,10,12,2.4782004693302255
linear,200,0.8,3.0,0.2,10,13,2.563252322995666
quantile,200,0.8,3.0,0.2,10,13,2.8799639637714654
huber,200,0.8,3.0,0.2,10,13,2.3547515650658006
linear,200,0.8,3.0,0.2,10,14,3.083822702527854
quantile,200,0.8,3.0,0.2,10,14,2.7704979956589795
huber,200,0.8,3.0,0.2,10,14,2.44872274665099
linear,200,0.8,3.0,0.2,10,15,6.181204927906869
quantile,200,0.8,3.0,0.2,10,15,6.929580218931955
huber,200,0.8,3.0,0.2,10,15,5.481877512468701
linear,200,0.8,3.0,0.2,10,16,7.436121087852416
quantile,200,0.8,3.0,0.2,10,16,9.825221784743052
huber,200,0.8,3.0,0.2,10,16,5.5328245628745485
linear,200,0.8,3.0,0.2,10,17,4.919266085258526
quantile,200,0.8,3.0,0.2,10,17,3.908200088635503
huber,200,0.8,3.0,0.2,10,17,3.454280001158898
linear,200,0.8,3.0,0.2,10,18,2.915167053803513
quantile,200,0.8,3.0,0.2,10,18,4.574149068081348
huber,200,0.8,3.0,0.2,10,18,4.496846485786058
linear,200,0.8,3.0,0.2,10,19,7.219867205223768
quantile,200,0.8,3.0,0.2,10,19,3.497993839669469
huber,200,0.8,3.0,0.2,10,19,3.0026047249809613
linear,200,0.8,3.0,0.2,10,20,3.034069477674749
quantile,200,0.8,3.0,0.2,10,20,4.896429297405426
huber,200,0.8,3.0,0.2,10,20,4.0688009207811096
linear,200,0.8,3.0,0.2,10,21,4.1302784786369315
quantile,200,0.8,3.0,0.2,10,21,4.793665158741899
huber,200,0.8,3.0,0.2,10,21,3.2686333997434582
linear,200,0.8,3.0,0.2,10,22,4.551735274871113
quantile,200,0.8,3.0,0.2,10,22,5.218485990713351
huber,200,0.8,3.0,0.2,10,22,4.538111673566895
linear,200,0.8,3.0,0.2,10,23,3.403500737012194
quantile,200,0.8,3.0,0.2,10,23,4.717311716617645
huber,200,0.8,3.0,0.2,10,23,3.4598497296162987
linear,200,0.8,3.0,0.2,10,24,3.0444017842463227
quantile,200,0.8,3.0,0.2,10,24,5.352631475810313
huber,200,0.8,3.0,0.2,10,24,3.824983528806782
linear,200,0.8,3.0,0.2,10,25,2.8252984375694106
quantile,200,0.8,3.0,0.2,10,25,4.005939235729814
huber,200,0.8,3.0,0.2,10,25,1.966533612638816
linear,200,0.8,3.0,0.2,10,26,5.692231781785439
quantile,200,0.8,3.0,0.2,10,26,9.694758642253898
huber,200,0.8,3.0,0.2,10,26,7.170680189126653
linear,200,0.8,3.0,0.2,10,27,4.705367821075447
quantile,200,0.8,3.0,0.2,10,27,3.715352540592727
huber,200,0.8,3.0,0.2,10,27,3.2214257385754435
linear,200,0.8,3.0,0.2,10,28,9.23445987713433
quantile,200,0.8,3.0,0.2,10,28,6.750795708636061
huber,200,0.8,3.0,0.2,10,28,6.127952993248552
linear,200,0.8,3.0,0.2,10,29,7.905024398541079
quantile,200,0.8,3.0,0.2,10,29,7.098301175384112
huber,200,0.8,3.0,0.2,10,29,5.1513202398588405
linear,200,0.8,5.0,0.2,1,0,2.83276200917796
quantile,200,0.8,5.0,0.2,1,0,4.453891172581097
huber,200,0.8,5.0,0.2,1,0,3.822064056224267
linear,200,0.8,5.0,0.2,1,1,3.0474556354277187
quantile,200,0.8,5.0,0.2,1,1,4.229608391411788
huber,200,0.8,5.0,0.2,1,1,3.28520327769311
linear,200,0.8,5.0,0.2,1,2,5.922054809224348
quantile,200,0.8,5.0,0.2,1,2,7.204746471736825
huber,200,0.8,5.0,0.2,1,2,5.881249080314022
linear,200,0.8,5.0,0.2,1,3,6.0766392663412585
quantile,200,0.8,5.0,0.2,1,3,7.931037079175759
huber,200,0.8,5.0,0.2,1,3,6.941455491766422
linear,200,0.8,5.0,0.2,1,4,6.965210505391921
quantile,200,0.8,5.0,0.2,1,4,11.742462841449813
huber,200,0.8,5.0,0.2,1,4,6.249034561181004
linear,200,0.8,5.0,0.2,1,5,6.4449175936724235
quantile,200,0.8,5.0,0.2,1,5,6.00931078301268
huber,200,0.8,5.0,0.2,1,5,5.43055920132552
linear,200,0.8,5.0,0.2,1,6,4.914526579869122
quantile,200,0.8,5.0,0.2,1,6,6.726429190211192
huber,200,0.8,5.0,0.2,1,6,5.941558608350599
linear,200,0.8,5.0,0.2,1,7,4.779352148028357
quantile,200,0.8,5.0,0.2,1,7,6.252264496414011
huber,200,0.8,5.0,0.2,1,7,5.196856553190137
linear,200,0.8,5.0,0.2,1,8,4.224379857172872
quantile,200,0.8,5.0,0.2,1,8,5.84894709791749
huber,200,0.8,5.0,0.2,1,8,5.1795803697539675
linear,200,0.8,5.0,0.2,1,9,4.501138671928824
quantile,200,0.8,5.0,0.2,1,9,5.132916405621328
huber,200,0.8,5.0,0.2,1,9,3.699544082569854
linear,200,0.8,5.0,0.2,1,10,5.539853462982535
quantile,200,0.8,5.0,0.2,1,10,5.676871961144888
huber,200,0.8,5.0,0.2,1,10,4.831026502082387
linear,200,0.8,5.0,0.2,1,11,4.857606794088928
quantile,200,0.8,5.0,0.2,1,11,6.2499226866189606
huber,200,0.8,5.0,0.2,1,11,5.539793508306683
linear,200,0.8,5.0,0.2,1,12,3.577461634805354
quantile,200,0.8,5.0,0.2,1,12,5.200443565434963
huber,200,0.8,5.0,0.2,1,12,4.53902373520915
linear,200,0.8,5.0,0.2,1,13,4.3865427825278855
quantile,200,0.8,5.0,0.2,1,13,5.498350986940995
huber,200,0.8,5.0,0.2,1,13,5.0264581173994225
linear,200,0.8,5.0,0.2,1,14,4.706522867564445
quantile,200,0.8,5.0,0.2,1,14,6.902893180530843
huber,200,0.8,5.0,0.2,1,14,5.081822953677949
linear,200,0.8,5.0,0.2,1,15,4.570863093518826
quantile,200,0.8,5.0,0.2,1,15,5.505045553593089
huber,200,0.8,5.0,0.2,1,15,3.72301167246564
linear,200,0.8,5.0,0.2,1,16,2.904966102426265
quantile,200,0.8,5.0,0.2,1,16,3.351282370068628
huber,200,0.8,5.0,0.2,1,16,2.859310900208455
linear,200,0.8,5.0,0.2,1,17,3.7250054119549927
quantile,200,0.8,5.0,0.2,1,17,4.576504264503404
huber,200,0.8,5.0,0.2,1,17,3.5570516819182396
linear,200,0.8,5.0,0.2,1,18,3.4632740187850946
quantile,200,0.8,5.0,0.2,1,18,5.977124410803439
huber,200,0.8,5.0,0.2,1,18,4.308435445444818
linear,200,0.8,5.0,0.2,1,19,2.6621708885757256
quantile,200,0.8,5.0,0.2,1,19,3.467567554160923
huber,200,0.8,5.0,0.2,1,19,2.790807400215896
linear,200,0.8,5.0,0.2,1,20,4.595415874032705
quantile,200,0.8,5.0,0.2,1,20,5.280597699862783
huber,200,0.8,5.0,0.2,1,20,4.911341549513287
linear,200,0.8,5.0,0.2,1,21,3.3216409434632954
quantile,200,0.8,5.0,0.2,1,21,5.529177036948224
huber,200,0.8,5.0,0.2,1,21,3.7187081013320338
linear,200,0.8,5.0,0.2,1,22,4.153529964232378
quantile,200,0.8,5.0,0.2,1,22,4.084303303888168
huber,200,0.8,5.0,0.2,1,22,3.1618054423484123
linear,200,0.8,5.0,0.2,1,23,6.944515189697459
quantile,200,0.8,5.0,0.2,1,23,7.335326845671746
huber,200,0.8,5.0,0.2,1,23,5.754928936730964
linear,200,0.8,5.0,0.2,1,24,4.705207380552191
quantile,200,0.8,5.0,0.2,1,24,6.242403647867555
huber,200,0.8,5.0,0.2,1,24,5.709422456252188
linear,200,0.8,5.0,0.2,1,25,2.369595076831444
quantile,200,0.8,5.0,0.2,1,25,4.389901274520027
huber,200,0.8,5.0,0.2,1,25,3.8689041531161017
linear,200,0.8,5.0,0.2,1,26,3.7221289512826674
quantile,200,0.8,5.0,0.2,1,26,4.442348829145292
huber,200,0.8,5.0,0.2,1,26,3.4269842807075235
linear,200,0.8,5.0,0.2,1,27,5.001019247958293
quantile,200,0.8,5.0,0.2,1,27,5.2487549758590735
huber,200,0.8,5.0,0.2,1,27,3.8734339131937463
linear,200,0.8,5.0,0.2,1,28,5.195404800735821
quantile,200,0.8,5.0,0.2,1,28,7.280615994111759
huber,200,0.8,5.0,0.2,1,28,6.478837724040549
linear,200,0.8,5.0,0.2,1,29,3.7023210444539636
quantile,200,0.8,5.0,0.2,1,29,6.113897343571243
huber,200,0.8,5.0,0.2,1,29,4.457641981314037
linear,200,0.8,5.0,0.2,5,0,3.9658102453002684
quantile,200,0.8,5.0,0.2,5,0,4.952600739793427
huber,200,0.8,5.0,0.2,5,0,4.475655901415024
linear,200,0.8,5.0,0.2,5,1,5.346648612753133
quantile,200,0.8,5.0,0.2,5,1,6.828907977195437
huber,200,0.8,5.0,0.2,5,1,6.286993524569054
linear,200,0.8,5.0,0.2,5,2,4.668784986930342
quantile,200,0.8,5.0,0.2,5,2,6.241897402320296
huber,200,0.8,5.0,0.2,5,2,5.053798260143235
linear,200,0.8,5.0,0.2,5,3,3.454434168821
quantile,200,0.8,5.0,0.2,5,3,4.309821090755745
huber,200,0.8,5.0,0.2,5,3,4.022736801250674
linear,200,0.8,5.0,0.2,5,4,2.8626224227768833
quantile,200,0.8,5.0,0.2,5,4,4.8518075033495185
huber,200,0.8,5.0,0.2,5,4,3.8248044531364025
linear,200,0.8,5.0,0.2,5,5,4.018618535152387
quantile,200,0.8,5.0,0.2,5,5,6.25557364078557
huber,200,0.8,5.0,0.2,5,5,3.965826261169834
linear,200,0.8,5.0,0.2,5,6,4.520918958918576
quantile,200,0.8,5.0,0.2,5,6,7.826674427521251
huber,200,0.8,5.0,0.2,5,6,6.3708354729705094
linear,200,0.8,5.0,0.2,5,7,7.320207309161815
quantile,200,0.8,5.0,0.2,5,7,12.408565433393385
huber,200,0.8,5.0,0.2,5,7,10.370108494057721
linear,200,0.8,5.0,0.2,5,8,2.8520350016742677
quantile,200,0.8,5.0,0.2,5,8,3.6855843470814293
huber,200,0.8,5.0,0.2,5,8,2.3624151790166272
linear,200,0.8,5.0,0.2,5,9,4.688237518131761
quantile,200,0.8,5.0,0.2,5,9,7.454440497248389
huber,200,0.8,5.0,0.2,5,9,6.334674430297674
linear,200,0.8,5.0,0.2,5,10,2.9442304167011404
quantile,200,0.8,5.0,0.2,5,10,4.850931145866518
huber,200,0.8,5.0,0.2,5,10,3.6045889655491856
linear,200,0.8,5.0,0.2,5,11,3.4908963655860763
quantile,200,0.8,5.0,0.2,5,11,3.967328021083333
huber,200,0.8,5.0,0.2,5,11,3.233594622818718
linear,200,0.8,5.0,0.2,5,12,5.939777119288911
quantile,200,0.8,5.0,0.2,5,12,4.54419736929987
huber,200,0.8,5.0,0.2,5,12,4.402698731641762
linear,200,0.8,5.0,0.2,5,13,4.71515614711117
quantile,200,0.8,5.0,0.2,5,13,5.095958047617839
huber,200,0.8,5.0,0.2,5,13,3.687282402374273
linear,200,0.8,5.0,0.2,5,14,4.108394331312214
quantile,200,0.8,5.0,0.2,5,14,5.972966057720325
huber,200,0.8,5.0,0.2,5,14,4.229034928685467
linear,200,0.8,5.0,0.2,5,15,3.387185624524619
quantile,200,0.8,5.0,0.2,5,15,4.745664892105157
huber,200,0.8,5.0,0.2,5,15,3.4514727155382974
linear,200,0.8,5.0,0.2,5,16,3.1657743372509213
quantile,200,0.8,5.0,0.2,5,16,3.6389288304121763
huber,200,0.8,5.0,0.2,5,16,2.9726631579320424
linear,200,0.8,5.0,0.2,5,17,5.6306801658134376
quantile,200,0.8,5.0,0.2,5,17,5.308585463012728
huber,200,0.8,5.0,0.2,5,17,4.610692930080009
linear,200,0.8,5.0,0.2,5,18,2.8332663996263503
quantile,200,0.8,5.0,0.2,5,18,4.3661774562700035
huber,200,0.8,5.0,0.2,5,18,4.226264016078905
linear,200,0.8,5.0,0.2,5,19,4.206471899314187
quantile,200,0.8,5.0,0.2,5,19,4.994404886967786
huber,200,0.8,5.0,0.2,5,19,4.528889142702784
linear,200,0.8,5.0,0.2,5,20,5.745417081857463
quantile,200,0.8,5.0,0.2,5,20,6.764742835109999
huber,200,0.8,5.0,0.2,5,20,5.431971404761882
linear,200,0.8,5.0,0.2,5,21,3.6871320353057353
quantile,200,0.8,5.0,0.2,5,21,3.9789253994428506
huber,200,0.8,5.0,0.2,5,21,3.1363092003995625
linear,200,0.8,5.0,0.2,5,22,4.0866268785594695
quantile,200,0.8,5.0,0.2,5,22,4.400384347205142
huber,200,0.8,5.0,0.2,5,22,3.919729390812563
linear,200,0.8,5.0,0.2,5,23,4.344642075318331
quantile,200,0.8,5.0,0.2,5,23,4.9503098885339085
huber,200,0.8,5.0,0.2,5,23,3.8920492025533493
linear,200,0.8,5.0,0.2,5,24,2.2563115250529444
quantile,200,0.8,5.0,0.2,5,24,4.313390171339395
huber,200,0.8,5.0,0.2,5,24,3.2489554241549294
linear,200,0.8,5.0,0.2,5,25,4.200796378909773
quantile,200,0.8,5.0,0.2,5,25,6.529915375527831
huber,200,0.8,5.0,0.2,5,25,4.6273061904175625
linear,200,0.8,5.0,0.2,5,26,3.4196012256038837
quantile,200,0.8,5.0,0.2,5,26,5.234646702761454
huber,200,0.8,5.0,0.2,5,26,4.008913523074808
linear,200,0.8,5.0,0.2,5,27,6.970396857966591
quantile,200,0.8,5.0,0.2,5,27,6.61253898057361
huber,200,0.8,5.0,0.2,5,27,5.49206034382832
linear,200,0.8,5.0,0.2,5,28,3.8852443843535562
quantile,200,0.8,5.0,0.2,5,28,6.667782300255717
huber,200,0.8,5.0,0.2,5,28,6.619579876015205
linear,200,0.8,5.0,0.2,5,29,6.419175884609809
quantile,200,0.8,5.0,0.2,5,29,8.16302958997405
huber,200,0.8,5.0,0.2,5,29,6.499089970644172
linear,200,0.8,5.0,0.2,10,0,5.043867731178132
quantile,200,0.8,5.0,0.2,10,0,5.16055544646814
huber,200,0.8,5.0,0.2,10,0,4.366697893264481
linear,200,0.8,5.0,0.2,10,1,4.23439758975966
quantile,200,0.8,5.0,0.2,10,1,5.190012222839567
huber,200,0.8,5.0,0.2,10,1,4.574459547111399
linear,200,0.8,5.0,0.2,10,2,3.441091079180876
quantile,200,0.8,5.0,0.2,10,2,3.207465367370153
huber,200,0.8,5.0,0.2,10,2,2.7728339865025715
linear,200,0.8,5.0,0.2,10,3,3.703803158428242
quantile,200,0.8,5.0,0.2,10,3,5.445298389264205
huber,200,0.8,5.0,0.2,10,3,4.017987877964656
linear,200,0.8,5.0,0.2,10,4,3.297171954497606
quantile,200,0.8,5.0,0.2,10,4,4.067370229798932
huber,200,0.8,5.0,0.2,10,4,3.6432149421145037
linear,200,0.8,5.0,0.2,10,5,3.5352285770529375
quantile,200,0.8,5.0,0.2,10,5,4.657249838641118
huber,200,0.8,5.0,0.2,10,5,3.9792348449861916
linear,200,0.8,5.0,0.2,10,6,6.098008577918245
quantile,200,0.8,5.0,0.2,10,6,6.891331106262525
huber,200,0.8,5.0,0.2,10,6,5.860645501563989
linear,200,0.8,5.0,0.2,10,7,5.57698728791155
quantile,200,0.8,5.0,0.2,10,7,6.654793288231886
huber,200,0.8,5.0,0.2,10,7,5.406000602435546
linear,200,0.8,5.0,0.2,10,8,7.307081112939374
quantile,200,0.8,5.0,0.2,10,8,8.237158515655896
huber,200,0.8,5.0,0.2,10,8,6.806801557853631
linear,200,0.8,5.0,0.2,10,9,6.596245965723501
quantile,200,0.8,5.0,0.2,10,9,9.614742330715156
huber,200,0.8,5.0,0.2,10,9,7.544742485179743
linear,200,0.8,5.0,0.2,10,10,3.7774020879023436
quantile,200,0.8,5.0,0.2,10,10,4.654419576855655
huber,200,0.8,5.0,0.2,10,10,4.3626691167460265
linear,200,0.8,5.0,0.2,10,11,3.056058739025853
quantile,200,0.8,5.0,0.2,10,11,4.484015083123618
huber,200,0.8,5.0,0.2,10,11,3.308764204841909
linear,200,0.8,5.0,0.2,10,12,5.884229789535581
quantile,200,0.8,5.0,0.2,10,12,7.620609869089378
huber,200,0.8,5.0,0.2,10,12,6.646827137892927
linear,200,0.8,5.0,0.2,10,13,4.031433532436433
quantile,200,0.8,5.0,0.2,10,13,4.988248010687992
huber,200,0.8,5.0,0.2,10,13,4.000000660790015
linear,200,0.8,5.0,0.2,10,14,4.090355533671209
quantile,200,0.8,5.0,0.2,10,14,5.455118163310468
huber,200,0.8,5.0,0.2,10,14,5.178914497069646
linear,200,0.8,5.0,0.2,10,15,3.63697303332001
quantile,200,0.8,5.0,0.2,10,15,4.2206233131309085
huber,200,0.8,5.0,0.2,10,15,3.590597441096901
linear,200,0.8,5.0,0.2,10,16,4.209293077447901
quantile,200,0.8,5.0,0.2,10,16,4.275923769079206
huber,200,0.8,5.0,0.2,10,16,3.7124445982965186
linear,200,0.8,5.0,0.2,10,17,4.934906017798125
quantile,200,0.8,5.0,0.2,10,17,4.7395519905908365
huber,200,0.8,5.0,0.2,10,17,3.829197951174873
linear,200,0.8,5.0,0.2,10,18,5.016437835203937
quantile,200,0.8,5.0,0.2,10,18,6.997775821462013
huber,200,0.8,5.0,0.2,10,18,4.452955964201394
linear,200,0.8,5.0,0.2,10,19,4.271559315956898
quantile,200,0.8,5.0,0.2,10,19,4.822843758429913
huber,200,0.8,5.0,0.2,10,19,3.920695549730959
linear,200,0.8,5.0,0.2,10,20,4.019696134241115
quantile,200,0.8,5.0,0.2,10,20,7.271146670158111
huber,200,0.8,5.0,0.2,10,20,5.234922841491468
linear,200,0.8,5.0,0.2,10,21,5.247037250527636
quantile,200,0.8,5.0,0.2,10,21,8.909137412175376
huber,200,0.8,5.0,0.2,10,21,7.195207484315938
linear,200,0.8,5.0,0.2,10,22,4.741474545243401
quantile,200,0.8,5.0,0.2,10,22,5.05766159123071
huber,200,0.8,5.0,0.2,10,22,4.9686677125405945
linear,200,0.8,5.0,0.2,10,23,3.2011083268818243
quantile,200,0.8,5.0,0.2,10,23,3.6774859129102837
huber,200,0.8,5.0,0.2,10,23,2.4501276510453893
linear,200,0.8,5.0,0.2,10,24,2.5137108535148687
quantile,200,0.8,5.0,0.2,10,24,4.121479134413338
huber,200,0.8,5.0,0.2,10,24,3.078653076308199
linear,200,0.8,5.0,0.2,10,25,3.1641371121509696
quantile,200,0.8,5.0,0.2,10,25,3.93075174464036
huber,200,0.8,5.0,0.2,10,25,3.511527942877729
linear,200,0.8,5.0,0.2,10,26,6.233121545157805
quantile,200,0.8,5.0,0.2,10,26,11.439470364260501
huber,200,0.8,5.0,0.2,10,26,9.602370989338082
linear,200,0.8,5.0,0.2,10,27,4.600451947852716
quantile,200,0.8,5.0,0.2,10,27,6.023267305486037
huber,200,0.8,5.0,0.2,10,27,4.097958364081261
linear,200,0.8,5.0,0.2,10,28,4.0579010266430515
quantile,200,0.8,5.0,0.2,10,28,5.122558617468887
huber,200,0.8,5.0,0.2,10,28,4.798714690842075
linear,200,0.8,5.0,0.2,10,29,1.999170276728253
quantile,200,0.8,5.0,0.2,10,29,4.898908092407185
huber,200,0.8,5.0,0.2,10,29,4.125132488995783
linear,200,0.8,10.0,0.2,1,0,4.172973507158537
quantile,200,0.8,10.0,0.2,1,0,5.314062861546266
huber,200,0.8,10.0,0.2,1,0,4.568970136920538
linear,200,0.8,10.0,0.2,1,1,5.637677490534388
quantile,200,0.8,10.0,0.2,1,1,9.128219547220446
huber,200,0.8,10.0,0.2,1,1,5.098426834451988
linear,200,0.8,10.0,0.2,1,2,5.518541531619261
quantile,200,0.8,10.0,0.2,1,2,7.276004722639907
huber,200,0.8,10.0,0.2,1,2,4.72057976593753
linear,200,0.8,10.0,0.2,1,3,5.549568291813046
quantile,200,0.8,10.0,0.2,1,3,7.033018987540329
huber,200,0.8,10.0,0.2,1,3,6.318882103831337
linear,200,0.8,10.0,0.2,1,4,3.782537943065079
quantile,200,0.8,10.0,0.2,1,4,3.7027147846422204
huber,200,0.8,10.0,0.2,1,4,3.4285044202080956
linear,200,0.8,10.0,0.2,1,5,6.093841847108907
quantile,200,0.8,10.0,0.2,1,5,9.7144877452974
huber,200,0.8,10.0,0.2,1,5,7.123436017469217
linear,200,0.8,10.0,0.2,1,6,3.890801483931615
quantile,200,0.8,10.0,0.2,1,6,3.543563751018329
huber,200,0.8,10.0,0.2,1,6,2.8411633268073246
linear,200,0.8,10.0,0.2,1,7,3.512052134570659
quantile,200,0.8,10.0,0.2,1,7,6.503542970872357
huber,200,0.8,10.0,0.2,1,7,5.250299595832421
linear,200,0.8,10.0,0.2,1,8,6.696865733098877
quantile,200,0.8,10.0,0.2,1,8,8.416353090826208
huber,200,0.8,10.0,0.2,1,8,7.192223206906163
linear,200,0.8,10.0,0.2,1,9,4.804156116481426
quantile,200,0.8,10.0,0.2,1,9,5.241462685962082
huber,200,0.8,10.0,0.2,1,9,5.000528302730289
linear,200,0.8,10.0,0.2,1,10,4.543157378270042
quantile,200,0.8,10.0,0.2,1,10,7.66006264038671
huber,200,0.8,10.0,0.2,1,10,5.028542223598112
linear,200,0.8,10.0,0.2,1,11,3.1398140523214777
quantile,200,0.8,10.0,0.2,1,11,3.7459031105116702
huber,200,0.8,10.0,0.2,1,11,3.1262673251001374
linear,200,0.8,10.0,0.2,1,12,5.201660703520986
quantile,200,0.8,10.0,0.2,1,12,8.693480562885036
huber,200,0.8,10.0,0.2,1,12,7.04166613693327
linear,200,0.8,10.0,0.2,1,13,5.206829588206936
quantile,200,0.8,10.0,0.2,1,13,8.236909450311565
huber,200,0.8,10.0,0.2,1,13,5.143153122673195
linear,200,0.8,10.0,0.2,1,14,5.088969240350489
quantile,200,0.8,10.0,0.2,1,14,6.9226664497478465
huber,200,0.8,10.0,0.2,1,14,3.5809697319909057
linear,200,0.8,10.0,0.2,1,15,4.482541124330545
quantile,200,0.8,10.0,0.2,1,15,6.105331963061618
huber,200,0.8,10.0,0.2,1,15,4.998306727840822
linear,200,0.8,10.0,0.2,1,16,2.968774223804626
quantile,200,0.8,10.0,0.2,1,16,4.479882120915968
huber,200,0.8,10.0,0.2,1,16,3.9192647126139626
linear,200,0.8,10.0,0.2,1,17,4.7259931600265315
quantile,200,0.8,10.0,0.2,1,17,5.148413079068332
huber,200,0.8,10.0,0.2,1,17,4.854101869182614
linear,200,0.8,10.0,0.2,1,18,8.203691501106455
quantile,200,0.8,10.0,0.2,1,18,10.111492768708429
huber,200,0.8,10.0,0.2,1,18,8.800167493849868
linear,200,0.8,10.0,0.2,1,19,5.271787782406733
quantile,200,0.8,10.0,0.2,1,19,6.210426352541056
huber,200,0.8,10.0,0.2,1,19,5.724780689167477
linear,200,0.8,10.0,0.2,1,20,6.594599803312054
quantile,200,0.8,10.0,0.2,1,20,8.08062879769179
huber,200,0.8,10.0,0.2,1,20,6.405378277139306
linear,200,0.8,10.0,0.2,1,21,7.396914829841891
quantile,200,0.8,10.0,0.2,1,21,8.377785009002837
huber,200,0.8,10.0,0.2,1,21,7.396283705456135
linear,200,0.8,10.0,0.2,1,22,5.509888179449027
quantile,200,0.8,10.0,0.2,1,22,4.431837982762099
huber,200,0.8,10.0,0.2,1,22,4.207391783589479
linear,200,0.8,10.0,0.2,1,23,4.41773000014331
quantile,200,0.8,10.0,0.2,1,23,5.612866375415315
huber,200,0.8,10.0,0.2,1,23,4.931084193943345
linear,200,0.8,10.0,0.2,1,24,3.9760572905659974
quantile,200,0.8,10.0,0.2,1,24,6.164628590877102
huber,200,0.8,10.0,0.2,1,24,5.371419506010912
linear,200,0.8,10.0,0.2,1,25,5.790958624105329
quantile,200,0.8,10.0,0.2,1,25,8.584721624559077
huber,200,0.8,10.0,0.2,1,25,6.308647362134055
linear,200,0.8,10.0,0.2,1,26,3.0872224550837597
quantile,200,0.8,10.0,0.2,1,26,7.257377503024392
huber,200,0.8,10.0,0.2,1,26,4.814804784659104
linear,200,0.8,10.0,0.2,1,27,2.9832389790219125
quantile,200,0.8,10.0,0.2,1,27,5.608868129403328
huber,200,0.8,10.0,0.2,1,27,4.3462772910727825
linear,200,0.8,10.0,0.2,1,28,5.941747532950204
quantile,200,0.8,10.0,0.2,1,28,7.296310796231931
huber,200,0.8,10.0,0.2,1,28,6.356963850367386
linear,200,0.8,10.0,0.2,1,29,4.767534492916145
quantile,200,0.8,10.0,0.2,1,29,6.50085589274442
huber,200,0.8,10.0,0.2,1,29,4.490487696048594
linear,200,0.8,10.0,0.2,5,0,7.596225871729536
quantile,200,0.8,10.0,0.2,5,0,11.119390912272099
huber,200,0.8,10.0,0.2,5,0,9.07344379493588
linear,200,0.8,10.0,0.2,5,1,5.991216509836967
quantile,200,0.8,10.0,0.2,5,1,7.764922380038776
huber,200,0.8,10.0,0.2,5,1,6.234158924065023
linear,200,0.8,10.0,0.2,5,2,2.4902188729340597
quantile,200,0.8,10.0,0.2,5,2,4.584829140098529
huber,200,0.8,10.0,0.2,5,2,3.421922923592691
linear,200,0.8,10.0,0.2,5,3,5.108718429658568
quantile,200,0.8,10.0,0.2,5,3,7.470599557959504
huber,200,0.8,10.0,0.2,5,3,6.89159646980546
linear,200,0.8,10.0,0.2,5,4,5.8311244395565085
quantile,200,0.8,10.0,0.2,5,4,8.47855100493009
huber,200,0.8,10.0,0.2,5,4,6.314072933967388
linear,200,0.8,10.0,0.2,5,5,4.046198651078596
quantile,200,0.8,10.0,0.2,5,5,6.663477694103238
huber,200,0.8,10.0,0.2,5,5,4.459008803235
linear,200,0.8,10.0,0.2,5,6,3.715484926885508
quantile,200,0.8,10.0,0.2,5,6,4.7069050824273955
huber,200,0.8,10.0,0.2,5,6,4.07370668222755
linear,200,0.8,10.0,0.2,5,7,5.425003280095693
quantile,200,0.8,10.0,0.2,5,7,5.330350437261538
huber,200,0.8,10.0,0.2,5,7,4.6838965747269174
linear,200,0.8,10.0,0.2,5,8,3.815859573506137
quantile,200,0.8,10.0,0.2,5,8,4.148320749172134
huber,200,0.8,10.0,0.2,5,8,3.748170478568032
linear,200,0.8,10.0,0.2,5,9,3.462098435471433
quantile,200,0.8,10.0,0.2,5,9,6.895139021501202
huber,200,0.8,10.0,0.2,5,9,5.196847388851033
linear,200,0.8,10.0,0.2,5,10,3.6359499370686654
quantile,200,0.8,10.0,0.2,5,10,4.337231275305326
huber,200,0.8,10.0,0.2,5,10,3.8977174327712394
linear,200,0.8,10.0,0.2,5,11,7.225143538682255
quantile,200,0.8,10.0,0.2,5,11,8.114705027268837
huber,200,0.8,10.0,0.2,5,11,6.608339839769584
linear,200,0.8,10.0,0.2,5,12,4.522764004015389
quantile,200,0.8,10.0,0.2,5,12,6.077504036867898
huber,200,0.8,10.0,0.2,5,12,5.299063784886081
linear,200,0.8,10.0,0.2,5,13,3.49665292871125
quantile,200,0.8,10.0,0.2,5,13,4.018093085697096
huber,200,0.8,10.0,0.2,5,13,3.2870235060905033
linear,200,0.8,10.0,0.2,5,14,4.542295436198686
quantile,200,0.8,10.0,0.2,5,14,5.221865789565379
huber,200,0.8,10.0,0.2,5,14,4.928174718116109
linear,200,0.8,10.0,0.2,5,15,3.2133184594949786
quantile,200,0.8,10.0,0.2,5,15,3.7946645112407316
huber,200,0.8,10.0,0.2,5,15,3.1723956326768876
linear,200,0.8,10.0,0.2,5,16,3.9482061396933226
quantile,200,0.8,10.0,0.2,5,16,5.457447557606054
huber,200,0.8,10.0,0.2,5,16,3.9798888232482397
linear,200,0.8,10.0,0.2,5,17,2.771961050194207
quantile,200,0.8,10.0,0.2,5,17,5.567924493621586
huber,200,0.8,10.0,0.2,5,17,3.7688772705923697
linear,200,0.8,10.0,0.2,5,18,4.804204839268589
quantile,200,0.8,10.0,0.2,5,18,7.573168142443434
huber,200,0.8,10.0,0.2,5,18,5.2114099194512
linear,200,0.8,10.0,0.2,5,19,10.877445745390034
quantile,200,0.8,10.0,0.2,5,19,12.737218981804372
huber,200,0.8,10.0,0.2,5,19,10.002923546865212
linear,200,0.8,10.0,0.2,5,20,3.3248415018696917
quantile,200,0.8,10.0,0.2,5,20,3.3883193015847466
huber,200,0.8,10.0,0.2,5,20,2.6778499932666397
linear,200,0.8,10.0,0.2,5,21,3.8653659477562226
quantile,200,0.8,10.0,0.2,5,21,5.34143347668758
huber,200,0.8,10.0,0.2,5,21,3.7599319924383847
linear,200,0.8,10.0,0.2,5,22,4.026877923191624
quantile,200,0.8,10.0,0.2,5,22,4.929731713981768
huber,200,0.8,10.0,0.2,5,22,4.9663690885779
linear,200,0.8,10.0,0.2,5,23,6.452886756068163
quantile,200,0.8,10.0,0.2,5,23,7.192989595964433
huber,200,0.8,10.0,0.2,5,23,6.161182389674114
linear,200,0.8,10.0,0.2,5,24,3.829813537471291
quantile,200,0.8,10.0,0.2,5,24,4.798336678099991
huber,200,0.8,10.0,0.2,5,24,3.869994071734964
linear,200,0.8,10.0,0.2,5,25,3.8616115099878177
quantile,200,0.8,10.0,0.2,5,25,6.973135216035647
huber,200,0.8,10.0,0.2,5,25,5.604848135763907
linear,200,0.8,10.0,0.2,5,26,3.4873814375249443
quantile,200,0.8,10.0,0.2,5,26,4.301079335204678
huber,200,0.8,10.0,0.2,5,26,3.5339578828796077
linear,200,0.8,10.0,0.2,5,27,6.047029794021679
quantile,200,0.8,10.0,0.2,5,27,9.310949958423539
huber,200,0.8,10.0,0.2,5,27,6.348318096824278
linear,200,0.8,10.0,0.2,5,28,9.584625943139184
quantile,200,0.8,10.0,0.2,5,28,11.958173487405631
huber,200,0.8,10.0,0.2,5,28,8.226431840109134
linear,200,0.8,10.0,0.2,5,29,4.122064512317982
quantile,200,0.8,10.0,0.2,5,29,5.632016767325611
huber,200,0.8,10.0,0.2,5,29,4.99978699895852
linear,200,0.8,10.0,0.2,10,0,5.061253880638125
quantile,200,0.8,10.0,0.2,10,0,7.091900972483902
huber,200,0.8,10.0,0.2,10,0,5.9345875939941015
linear,200,0.8,10.0,0.2,10,1,10.764082246869547
quantile,200,0.8,10.0,0.2,10,1,11.198244512344008
huber,200,0.8,10.0,0.2,10,1,9.321511553354963
linear,200,0.8,10.0,0.2,10,2,4.770389166786888
quantile,200,0.8,10.0,0.2,10,2,5.874008748963845
huber,200,0.8,10.0,0.2,10,2,4.905628602883683
linear,200,0.8,10.0,0.2,10,3,5.528549456207574
quantile,200,0.8,10.0,0.2,10,3,6.6922489833583585
huber,200,0.8,10.0,0.2,10,3,5.457517025598367
linear,200,0.8,10.0,0.2,10,4,3.1457907330358124
quantile,200,0.8,10.0,0.2,10,4,5.012676209161549
huber,200,0.8,10.0,0.2,10,4,3.876203822847916
linear,200,0.8,10.0,0.2,10,5,5.228037543833958
quantile,200,0.8,10.0,0.2,10,5,7.856614409234881
huber,200,0.8,10.0,0.2,10,5,4.435077651515735
linear,200,0.8,10.0,0.2,10,6,5.107065914821728
quantile,200,0.8,10.0,0.2,10,6,5.332670725732521
huber,200,0.8,10.0,0.2,10,6,4.602797976845459
linear,200,0.8,10.0,0.2,10,7,4.066760345672276
quantile,200,0.8,10.0,0.2,10,7,6.9432070494122975
huber,200,0.8,10.0,0.2,10,7,4.088538440423487
linear,200,0.8,10.0,0.2,10,8,4.917099848108455
quantile,200,0.8,10.0,0.2,10,8,6.025324109622925
huber,200,0.8,10.0,0.2,10,8,4.098217190899008
linear,200,0.8,10.0,0.2,10,9,4.2305533074737
quantile,200,0.8,10.0,0.2,10,9,6.291743968118352
huber,200,0.8,10.0,0.2,10,9,5.567800600313076
linear,200,0.8,10.0,0.2,10,10,4.425170299410329
quantile,200,0.8,10.0,0.2,10,10,7.171012556830673
huber,200,0.8,10.0,0.2,10,10,5.6283990732133
linear,200,0.8,10.0,0.2,10,11,2.8060786634106867
quantile,200,0.8,10.0,0.2,10,11,4.736551679566455
huber,200,0.8,10.0,0.2,10,11,3.768868549878231
linear,200,0.8,10.0,0.2,10,12,6.5274492610422055
quantile,200,0.8,10.0,0.2,10,12,10.414352466823217
huber,200,0.8,10.0,0.2,10,12,8.631766688014341
linear,200,0.8,10.0,0.2,10,13,6.150970342187902
quantile,200,0.8,10.0,0.2,10,13,6.917363229164778
huber,200,0.8,10.0,0.2,10,13,5.918379013083428
linear,200,0.8,10.0,0.2,10,14,3.3910479830250613
quantile,200,0.8,10.0,0.2,10,14,5.262362585370715
huber,200,0.8,10.0,0.2,10,14,3.427199404648535
linear,200,0.8,10.0,0.2,10,15,5.2962597630318236
quantile,200,0.8,10.0,0.2,10,15,6.1934198761187504
huber,200,0.8,10.0,0.2,10,15,4.6779281144492995
linear,200,0.8,10.0,0.2,10,16,5.096164197479992
quantile,200,0.8,10.0,0.2,10,16,6.196585352407265
huber,200,0.8,10.0,0.2,10,16,5.330443272534756
linear,200,0.8,10.0,0.2,10,17,4.888176952199641
quantile,200,0.8,10.0,0.2,10,17,7.096552116125812
huber,200,0.8,10.0,0.2,10,17,5.053068832942772
linear,200,0.8,10.0,0.2,10,18,3.2954521588598356
quantile,200,0.8,10.0,0.2,10,18,4.752396870386814
huber,200,0.8,10.0,0.2,10,18,4.016979189271278
linear,200,0.8,10.0,0.2,10,19,5.555962225032642
quantile,200,0.8,10.0,0.2,10,19,8.50480508817936
huber,200,0.8,10.0,0.2,10,19,6.69978150593068
linear,200,0.8,10.0,0.2,10,20,4.420137134401807
quantile,200,0.8,10.0,0.2,10,20,7.405601449537956
huber,200,0.8,10.0,0.2,10,20,6.090015705523053
linear,200,0.8,10.0,0.2,10,21,4.21962941577828
quantile,200,0.8,10.0,0.2,10,21,5.62082418804044
huber,200,0.8,10.0,0.2,10,21,3.4627541584916166
linear,200,0.8,10.0,0.2,10,22,4.117103455624376
quantile,200,0.8,10.0,0.2,10,22,3.87878412726481
huber,200,0.8,10.0,0.2,10,22,3.553963176575646
linear,200,0.8,10.0,0.2,10,23,6.55769525904725
quantile,200,0.8,10.0,0.2,10,23,8.829028151776116
huber,200,0.8,10.0,0.2,10,23,6.792486208877159
linear,200,0.8,10.0,0.2,10,24,5.047589912061447
quantile,200,0.8,10.0,0.2,10,24,7.778289189763673
huber,200,0.8,10.0,0.2,10,24,5.8718984704957915
linear,200,0.8,10.0,0.2,10,25,3.578383516351165
quantile,200,0.8,10.0,0.2,10,25,4.642300452968667
huber,200,0.8,10.0,0.2,10,25,3.650273875575955
linear,200,0.8,10.0,0.2,10,26,2.7474520100909183
quantile,200,0.8,10.0,0.2,10,26,3.702026581363877
huber,200,0.8,10.0,0.2,10,26,2.452727607922606
linear,200,0.8,10.0,0.2,10,27,4.683049958238229
quantile,200,0.8,10.0,0.2,10,27,6.1886692369735075
huber,200,0.8,10.0,0.2,10,27,4.040798247020496
linear,200,0.8,10.0,0.2,10,28,6.020786799715899
quantile,200,0.8,10.0,0.2,10,28,8.79202375332314
huber,200,0.8,10.0,0.2,10,28,7.4586014068236715
linear,200,0.8,10.0,0.2,10,29,3.200954858717001
quantile,200,0.8,10.0,0.2,10,29,4.7109554744541535
huber,200,0.8,10.0,0.2,10,29,2.6072897970403606
linear,200,0.8,15.0,0.2,1,0,4.08366516741053
quantile,200,0.8,15.0,0.2,1,0,4.859286894157314
huber,200,0.8,15.0,0.2,1,0,4.315500816401595
linear,200,0.8,15.0,0.2,1,1,3.2741567067086237
quantile,200,0.8,15.0,0.2,1,1,3.825726309891782
huber,200,0.8,15.0,0.2,1,1,2.9820745606304415
linear,200,0.8,15.0,0.2,1,2,4.946584207574247
quantile,200,0.8,15.0,0.2,1,2,5.282355040419125
huber,200,0.8,15.0,0.2,1,2,4.80499792589815
linear,200,0.8,15.0,0.2,1,3,7.034921584461788
quantile,200,0.8,15.0,0.2,1,3,12.437337146032208
huber,200,0.8,15.0,0.2,1,3,10.164303560206362
linear,200,0.8,15.0,0.2,1,4,4.524028066515239
quantile,200,0.8,15.0,0.2,1,4,5.717015557483961
huber,200,0.8,15.0,0.2,1,4,4.256035441142469
linear,200,0.8,15.0,0.2,1,5,4.059328290567786
quantile,200,0.8,15.0,0.2,1,5,5.040223974783893
huber,200,0.8,15.0,0.2,1,5,3.771518301319106
linear,200,0.8,15.0,0.2,1,6,6.33960657188657
quantile,200,0.8,15.0,0.2,1,6,6.375957778275906
huber,200,0.8,15.0,0.2,1,6,6.02280401611587
linear,200,0.8,15.0,0.2,1,7,4.169759627495787
quantile,200,0.8,15.0,0.2,1,7,4.295635179105763
huber,200,0.8,15.0,0.2,1,7,4.001531712513621
linear,200,0.8,15.0,0.2,1,8,3.5919793529060704
quantile,200,0.8,15.0,0.2,1,8,4.6227554753068585
huber,200,0.8,15.0,0.2,1,8,4.1764742216569815
linear,200,0.8,15.0,0.2,1,9,5.587999415306818
quantile,200,0.8,15.0,0.2,1,9,8.774410989983501
huber,200,0.8,15.0,0.2,1,9,6.148816904090921
linear,200,0.8,15.0,0.2,1,10,3.981369289634603
quantile,200,0.8,15.0,0.2,1,10,4.912257180275174
huber,200,0.8,15.0,0.2,1,10,4.541850463126794
linear,200,0.8,15.0,0.2,1,11,4.798864445018933
quantile,200,0.8,15.0,0.2,1,11,7.9367810715665055
huber,200,0.8,15.0,0.2,1,11,5.795354736487363
linear,200,0.8,15.0,0.2,1,12,3.117570459256189
quantile,200,0.8,15.0,0.2,1,12,4.69671397631034
huber,200,0.8,15.0,0.2,1,12,3.5887986392620244
linear,200,0.8,15.0,0.2,1,13,5.368886406683232
quantile,200,0.8,15.0,0.2,1,13,9.381380048374341
huber,200,0.8,15.0,0.2,1,13,5.479742258663309
linear,200,0.8,15.0,0.2,1,14,4.601483242921514
quantile,200,0.8,15.0,0.2,1,14,5.190803579879196
huber,200,0.8,15.0,0.2,1,14,3.44868613776706
linear,200,0.8,15.0,0.2,1,15,3.9221850438841814
quantile,200,0.8,15.0,0.2,1,15,6.664120945508185
huber,200,0.8,15.0,0.2,1,15,3.711097360651357
linear,200,0.8,15.0,0.2,1,16,4.577623929663121
quantile,200,0.8,15.0,0.2,1,16,5.465690381252695
huber,200,0.8,15.0,0.2,1,16,4.3786842164236095
linear,200,0.8,15.0,0.2,1,17,5.360517223283667
quantile,200,0.8,15.0,0.2,1,17,4.910546175716297
huber,200,0.8,15.0,0.2,1,17,4.58455100422245
linear,200,0.8,15.0,0.2,1,18,5.00701214931391
quantile,200,0.8,15.0,0.2,1,18,7.158804380414148
huber,200,0.8,15.0,0.2,1,18,5.591025908832724
linear,200,0.8,15.0,0.2,1,19,4.7236731140765675
quantile,200,0.8,15.0,0.2,1,19,4.892299675107252
huber,200,0.8,15.0,0.2,1,19,4.533124563057628
linear,200,0.8,15.0,0.2,1,20,3.2447470522253776
quantile,200,0.8,15.0,0.2,1,20,4.3283598792513756
huber,200,0.8,15.0,0.2,1,20,3.4673327610537696
linear,200,0.8,15.0,0.2,1,21,5.466870787714189
quantile,200,0.8,15.0,0.2,1,21,7.404764936480056
huber,200,0.8,15.0,0.2,1,21,6.63351790508824
linear,200,0.8,15.0,0.2,1,22,6.10347158053833
quantile,200,0.8,15.0,0.2,1,22,7.354171042234135
huber,200,0.8,15.0,0.2,1,22,5.782982938522686
linear,200,0.8,15.0,0.2,1,23,4.483556792289736
quantile,200,0.8,15.0,0.2,1,23,5.256338046925356
huber,200,0.8,15.0,0.2,1,23,4.63990194895589
linear,200,0.8,15.0,0.2,1,24,3.7492825890596553
quantile,200,0.8,15.0,0.2,1,24,4.826106023744342
huber,200,0.8,15.0,0.2,1,24,3.5571707387648264
linear,200,0.8,15.0,0.2,1,25,4.850461028172519
quantile,200,0.8,15.0,0.2,1,25,6.573322108516324
huber,200,0.8,15.0,0.2,1,25,4.440872290491362
linear,200,0.8,15.0,0.2,1,26,7.145164987535908
quantile,200,0.8,15.0,0.2,1,26,8.497140820912778
huber,200,0.8,15.0,0.2,1,26,5.706624360688072
linear,200,0.8,15.0,0.2,1,27,2.6593539818310905
quantile,200,0.8,15.0,0.2,1,27,4.336740506413346
huber,200,0.8,15.0,0.2,1,27,3.72402014613403
linear,200,0.8,15.0,0.2,1,28,3.087797206565675
quantile,200,0.8,15.0,0.2,1,28,3.883739754902815
huber,200,0.8,15.0,0.2,1,28,3.2152775972329404
linear,200,0.8,15.0,0.2,1,29,4.363825775167759
quantile,200,0.8,15.0,0.2,1,29,5.773930112977288
huber,200,0.8,15.0,0.2,1,29,5.104593951712091
linear,200,0.8,15.0,0.2,5,0,5.165431529843656
quantile,200,0.8,15.0,0.2,5,0,5.702096448411552
huber,200,0.8,15.0,0.2,5,0,5.361166183075991
linear,200,0.8,15.0,0.2,5,1,4.733091133103569
quantile,200,0.8,15.0,0.2,5,1,7.644782387620085
huber,200,0.8,15.0,0.2,5,1,6.1918844109899425
linear,200,0.8,15.0,0.2,5,2,4.408614828612239
quantile,200,0.8,15.0,0.2,5,2,4.601352869334169
huber,200,0.8,15.0,0.2,5,2,4.043044681307407
linear,200,0.8,15.0,0.2,5,3,5.509451580641171
quantile,200,0.8,15.0,0.2,5,3,8.324818925559285
huber,200,0.8,15.0,0.2,5,3,7.650106397976868
linear,200,0.8,15.0,0.2,5,4,3.5363237258334212
quantile,200,0.8,15.0,0.2,5,4,4.360977083819391
huber,200,0.8,15.0,0.2,5,4,3.643326734016184
linear,200,0.8,15.0,0.2,5,5,2.0397374596710156
quantile,200,0.8,15.0,0.2,5,5,6.051600087242867
huber,200,0.8,15.0,0.2,5,5,4.010904534118552
linear,200,0.8,15.0,0.2,5,6,3.7137338373057593
quantile,200,0.8,15.0,0.2,5,6,6.596777381604518
huber,200,0.8,15.0,0.2,5,6,4.058900290152108
linear,200,0.8,15.0,0.2,5,7,4.5829264631489135
quantile,200,0.8,15.0,0.2,5,7,4.584195587396085
huber,200,0.8,15.0,0.2,5,7,3.7900100677666035
linear,200,0.8,15.0,0.2,5,8,2.5264735387821187
quantile,200,0.8,15.0,0.2,5,8,3.6451183202540127
huber,200,0.8,15.0,0.2,5,8,2.5080476046680484
linear,200,0.8,15.0,0.2,5,9,6.591151576866421
quantile,200,0.8,15.0,0.2,5,9,10.572362405112417
huber,200,0.8,15.0,0.2,5,9,7.966924214478982
linear,200,0.8,15.0,0.2,5,10,4.682256865699737
quantile,200,0.8,15.0,0.2,5,10,7.474676890825484
huber,200,0.8,15.0,0.2,5,10,5.7162122962124755
linear,200,0.8,15.0,0.2,5,11,4.694910428823581
quantile,200,0.8,15.0,0.2,5,11,4.710199545702731
huber,200,0.8,15.0,0.2,5,11,3.4541267403699405
linear,200,0.8,15.0,0.2,5,12,5.330805232496523
quantile,200,0.8,15.0,0.2,5,12,8.441106755121154
huber,200,0.8,15.0,0.2,5,12,5.113514056606029
linear,200,0.8,15.0,0.2,5,13,3.8277464647456427
quantile,200,0.8,15.0,0.2,5,13,5.855784387932596
huber,200,0.8,15.0,0.2,5,13,5.0959524698370045
linear,200,0.8,15.0,0.2,5,14,2.6394261412654436
quantile,200,0.8,15.0,0.2,5,14,3.1939397456819147
huber,200,0.8,15.0,0.2,5,14,2.8589697632112885
linear,200,0.8,15.0,0.2,5,15,6.9940668243799715
quantile,200,0.8,15.0,0.2,5,15,7.090968362631566
huber,200,0.8,15.0,0.2,5,15,5.068371421344624
linear,200,0.8,15.0,0.2,5,16,3.8083989616394964
quantile,200,0.8,15.0,0.2,5,16,4.440474066341542
huber,200,0.8,15.0,0.2,5,16,3.8246087604510137
linear,200,0.8,15.0,0.2,5,17,3.034135803193009
quantile,200,0.8,15.0,0.2,5,17,3.9628652225946204
huber,200,0.8,15.0,0.2,5,17,3.0920195625685487
linear,200,0.8,15.0,0.2,5,18,6.567406421477152
quantile,200,0.8,15.0,0.2,5,18,7.593616891101205
huber,200,0.8,15.0,0.2,5,18,5.703179917706687
linear,200,0.8,15.0,0.2,5,19,6.089283923174483
quantile,200,0.8,15.0,0.2,5,19,12.477538002804753
huber,200,0.8,15.0,0.2,5,19,9.605486455029745
linear,200,0.8,15.0,0.2,5,20,3.6703473480062043
quantile,200,0.8,15.0,0.2,5,20,5.090049402253902
huber,200,0.8,15.0,0.2,5,20,4.771783170303656
linear,200,0.8,15.0,0.2,5,21,2.8754684132613297
quantile,200,0.8,15.0,0.2,5,21,5.217852793830124
huber,200,0.8,15.0,0.2,5,21,4.682161249304695
linear,200,0.8,15.0,0.2,5,22,3.882319008594291
quantile,200,0.8,15.0,0.2,5,22,5.250508101270736
huber,200,0.8,15.0,0.2,5,22,4.358342629911377
linear,200,0.8,15.0,0.2,5,23,3.0633314572010493
quantile,200,0.8,15.0,0.2,5,23,5.229067844248694
huber,200,0.8,15.0,0.2,5,23,3.635153709089834
linear,200,0.8,15.0,0.2,5,24,2.6558345483273293
quantile,200,0.8,15.0,0.2,5,24,4.546648857003248
huber,200,0.8,15.0,0.2,5,24,3.8288701275169417
linear,200,0.8,15.0,0.2,5,25,3.2490449419141005
quantile,200,0.8,15.0,0.2,5,25,4.486916146738583
huber,200,0.8,15.0,0.2,5,25,4.122387083166863
linear,200,0.8,15.0,0.2,5,26,3.8943008428980077
quantile,200,0.8,15.0,0.2,5,26,6.469973605169011
huber,200,0.8,15.0,0.2,5,26,3.8391919712530216
linear,200,0.8,15.0,0.2,5,27,3.068630459183373
quantile,200,0.8,15.0,0.2,5,27,6.69269528304272
huber,200,0.8,15.0,0.2,5,27,4.498126019914813
linear,200,0.8,15.0,0.2,5,28,3.7470933976023493
quantile,200,0.8,15.0,0.2,5,28,4.1083831549721035
huber,200,0.8,15.0,0.2,5,28,3.7058048227004683
linear,200,0.8,15.0,0.2,5,29,5.336617485959852
quantile,200,0.8,15.0,0.2,5,29,6.781968649604977
huber,200,0.8,15.0,0.2,5,29,5.69515430861075
linear,200,0.8,15.0,0.2,10,0,4.1479323527350065
quantile,200,0.8,15.0,0.2,10,0,6.166576119723915
huber,200,0.8,15.0,0.2,10,0,5.151116908810094
linear,200,0.8,15.0,0.2,10,1,5.094922709598474
quantile,200,0.8,15.0,0.2,10,1,5.037751216775861
huber,200,0.8,15.0,0.2,10,1,4.272029319897456
linear,200,0.8,15.0,0.2,10,2,2.8841474654386405
quantile,200,0.8,15.0,0.2,10,2,4.297288600178771
huber,200,0.8,15.0,0.2,10,2,3.1428632439464863
linear,200,0.8,15.0,0.2,10,3,4.663839080746396
quantile,200,0.8,15.0,0.2,10,3,5.771872358229384
huber,200,0.8,15.0,0.2,10,3,4.901468584983327
linear,200,0.8,15.0,0.2,10,4,3.538631061894243
quantile,200,0.8,15.0,0.2,10,4,5.994467300858993
huber,200,0.8,15.0,0.2,10,4,3.834307182001128
linear,200,0.8,15.0,0.2,10,5,5.804733971153027
quantile,200,0.8,15.0,0.2,10,5,5.264962974120046
huber,200,0.8,15.0,0.2,10,5,5.219318381075765
linear,200,0.8,15.0,0.2,10,6,4.808820978199563
quantile,200,0.8,15.0,0.2,10,6,5.827918019527315
huber,200,0.8,15.0,0.2,10,6,4.751591836917861
linear,200,0.8,15.0,0.2,10,7,5.905900217742148
quantile,200,0.8,15.0,0.2,10,7,7.010049981388355
huber,200,0.8,15.0,0.2,10,7,5.617088270429657
linear,200,0.8,15.0,0.2,10,8,4.06177037316273
quantile,200,0.8,15.0,0.2,10,8,4.476874872217288
huber,200,0.8,15.0,0.2,10,8,3.8780290219679623
linear,200,0.8,15.0,0.2,10,9,5.49381509045174
quantile,200,0.8,15.0,0.2,10,9,7.837368061582456
huber,200,0.8,15.0,0.2,10,9,5.4133030181013275
linear,200,0.8,15.0,0.2,10,10,4.647099458940226
quantile,200,0.8,15.0,0.2,10,10,5.268913034364263
huber,200,0.8,15.0,0.2,10,10,4.304952777058171
linear,200,0.8,15.0,0.2,10,11,4.1367806139657315
quantile,200,0.8,15.0,0.2,10,11,4.192740757449744
huber,200,0.8,15.0,0.2,10,11,3.3410326123060554
linear,200,0.8,15.0,0.2,10,12,5.032694401080139
quantile,200,0.8,15.0,0.2,10,12,6.226573624008611
huber,200,0.8,15.0,0.2,10,12,5.0485726903294195
linear,200,0.8,15.0,0.2,10,13,5.6757618102723555
quantile,200,0.8,15.0,0.2,10,13,7.464705020494881
huber,200,0.8,15.0,0.2,10,13,5.34757932395887
linear,200,0.8,15.0,0.2,10,14,4.172968592996073
quantile,200,0.8,15.0,0.2,10,14,7.087866614115985
huber,200,0.8,15.0,0.2,10,14,5.0509712558519935
linear,200,0.8,15.0,0.2,10,15,4.475461880546434
quantile,200,0.8,15.0,0.2,10,15,5.084880192888685
huber,200,0.8,15.0,0.2,10,15,3.6075137298376125
linear,200,0.8,15.0,0.2,10,16,4.190316638693382
quantile,200,0.8,15.0,0.2,10,16,6.466960352814672
huber,200,0.8,15.0,0.2,10,16,5.463909141468162
linear,200,0.8,15.0,0.2,10,17,3.797645596073481
quantile,200,0.8,15.0,0.2,10,17,7.7093024052612495
huber,200,0.8,15.0,0.2,10,17,5.2331421490156345
linear,200,0.8,15.0,0.2,10,18,4.788207816726889
quantile,200,0.8,15.0,0.2,10,18,7.074586278850201
huber,200,0.8,15.0,0.2,10,18,5.0093050686731795
linear,200,0.8,15.0,0.2,10,19,5.465579455216643
quantile,200,0.8,15.0,0.2,10,19,7.453099798675188
huber,200,0.8,15.0,0.2,10,19,5.488709495277261
linear,200,0.8,15.0,0.2,10,20,2.8435779186466057
quantile,200,0.8,15.0,0.2,10,20,5.037559562393586
huber,200,0.8,15.0,0.2,10,20,3.6185790781238927
linear,200,0.8,15.0,0.2,10,21,4.025260436116303
quantile,200,0.8,15.0,0.2,10,21,6.108633109271068
huber,200,0.8,15.0,0.2,10,21,5.7568129192654425
linear,200,0.8,15.0,0.2,10,22,4.712501360236455
quantile,200,0.8,15.0,0.2,10,22,4.781990704716343
huber,200,0.8,15.0,0.2,10,22,4.858588438721645
linear,200,0.8,15.0,0.2,10,23,3.752769186212576
quantile,200,0.8,15.0,0.2,10,23,5.84866090230974
huber,200,0.8,15.0,0.2,10,23,4.720025929584866
linear,200,0.8,15.0,0.2,10,24,3.48288259492268
quantile,200,0.8,15.0,0.2,10,24,5.332246401758507
huber,200,0.8,15.0,0.2,10,24,4.459340143592757
linear,200,0.8,15.0,0.2,10,25,6.413315704058107
quantile,200,0.8,15.0,0.2,10,25,10.724030330138905
huber,200,0.8,15.0,0.2,10,25,8.212778099349656
linear,200,0.8,15.0,0.2,10,26,4.05358507690176
quantile,200,0.8,15.0,0.2,10,26,6.808368171459381
huber,200,0.8,15.0,0.2,10,26,6.254257839251305
linear,200,0.8,15.0,0.2,10,27,3.429075274585199
quantile,200,0.8,15.0,0.2,10,27,4.888236175985007
huber,200,0.8,15.0,0.2,10,27,3.4603925666634083
linear,200,0.8,15.0,0.2,10,28,5.142706514535147
quantile,200,0.8,15.0,0.2,10,28,6.107012313857211
huber,200,0.8,15.0,0.2,10,28,5.39734072608864
linear,200,0.8,15.0,0.2,10,29,4.38269210400143
quantile,200,0.8,15.0,0.2,10,29,7.373169782909503
huber,200,0.8,15.0,0.2,10,29,5.636222844680109
linear,200,0.8,20.0,0.2,1,0,6.398247324266951
quantile,200,0.8,20.0,0.2,1,0,8.610227147090018
huber,200,0.8,20.0,0.2,1,0,4.803925097139674
linear,200,0.8,20.0,0.2,1,1,7.102318799416023
quantile,200,0.8,20.0,0.2,1,1,8.78632318299423
huber,200,0.8,20.0,0.2,1,1,6.870878124333741
linear,200,0.8,20.0,0.2,1,2,4.947454688180976
quantile,200,0.8,20.0,0.2,1,2,6.541311305396173
huber,200,0.8,20.0,0.2,1,2,5.069773684277928
linear,200,0.8,20.0,0.2,1,3,4.406350536308146
quantile,200,0.8,20.0,0.2,1,3,8.583590907776106
huber,200,0.8,20.0,0.2,1,3,5.505180407793992
linear,200,0.8,20.0,0.2,1,4,2.931360808262423
quantile,200,0.8,20.0,0.2,1,4,4.237987024248701
huber,200,0.8,20.0,0.2,1,4,3.4187508195738388
linear,200,0.8,20.0,0.2,1,5,2.782844692075746
quantile,200,0.8,20.0,0.2,1,5,5.895437442675378
huber,200,0.8,20.0,0.2,1,5,4.639036938307507
linear,200,0.8,20.0,0.2,1,6,5.249902489416029
quantile,200,0.8,20.0,0.2,1,6,5.163079871765374
huber,200,0.8,20.0,0.2,1,6,4.5858029282927095
linear,200,0.8,20.0,0.2,1,7,2.930390212712972
quantile,200,0.8,20.0,0.2,1,7,4.675563552403638
huber,200,0.8,20.0,0.2,1,7,3.1433859328740312
linear,200,0.8,20.0,0.2,1,8,3.7035475467458916
quantile,200,0.8,20.0,0.2,1,8,5.010669228890146
huber,200,0.8,20.0,0.2,1,8,4.66396714770375
linear,200,0.8,20.0,0.2,1,9,4.060735802192193
quantile,200,0.8,20.0,0.2,1,9,5.461355346089579
huber,200,0.8,20.0,0.2,1,9,4.255494060921654
linear,200,0.8,20.0,0.2,1,10,3.9294365766415384
quantile,200,0.8,20.0,0.2,1,10,5.788124646502326
huber,200,0.8,20.0,0.2,1,10,4.027313806054184
linear,200,0.8,20.0,0.2,1,11,3.107211654544666
quantile,200,0.8,20.0,0.2,1,11,4.356583558306864
huber,200,0.8,20.0,0.2,1,11,2.7783063725408677
linear,200,0.8,20.0,0.2,1,12,2.5996536311146587
quantile,200,0.8,20.0,0.2,1,12,3.7575120500341797
huber,200,0.8,20.0,0.2,1,12,3.202273265101174
linear,200,0.8,20.0,0.2,1,13,3.667998276983413
quantile,200,0.8,20.0,0.2,1,13,5.014637435626563
huber,200,0.8,20.0,0.2,1,13,3.4338932872809678
linear,200,0.8,20.0,0.2,1,14,4.1103046784765915
quantile,200,0.8,20.0,0.2,1,14,4.62189660420095
huber,200,0.8,20.0,0.2,1,14,4.04207688359241
linear,200,0.8,20.0,0.2,1,15,6.013617414664283
quantile,200,0.8,20.0,0.2,1,15,6.863413265628036
huber,200,0.8,20.0,0.2,1,15,5.778740468385261
linear,200,0.8,20.0,0.2,1,16,8.440462619537874
quantile,200,0.8,20.0,0.2,1,16,10.61953889772346
huber,200,0.8,20.0,0.2,1,16,8.849355097484626
linear,200,0.8,20.0,0.2,1,17,6.069566668164287
quantile,200,0.8,20.0,0.2,1,17,9.178611684116495
huber,200,0.8,20.0,0.2,1,17,7.892880985449391
linear,200,0.8,20.0,0.2,1,18,3.2671227657556114
quantile,200,0.8,20.0,0.2,1,18,4.844359813249085
huber,200,0.8,20.0,0.2,1,18,4.241463587209299
linear,200,0.8,20.0,0.2,1,19,3.893126145650496
quantile,200,0.8,20.0,0.2,1,19,4.813585858767846
huber,200,0.8,20.0,0.2,1,19,4.422215063347473
linear,200,0.8,20.0,0.2,1,20,4.201020926622841
quantile,200,0.8,20.0,0.2,1,20,4.771221821524566
huber,200,0.8,20.0,0.2,1,20,3.819338114607593
linear,200,0.8,20.0,0.2,1,21,3.2616049618066523
quantile,200,0.8,20.0,0.2,1,21,5.721009746897207
huber,200,0.8,20.0,0.2,1,21,4.9939303348157
linear,200,0.8,20.0,0.2,1,22,3.8293539188442782
quantile,200,0.8,20.0,0.2,1,22,4.461443538489361
huber,200,0.8,20.0,0.2,1,22,3.8608481428996626
linear,200,0.8,20.0,0.2,1,23,3.2550759045055218
quantile,200,0.8,20.0,0.2,1,23,7.946128325613981
huber,200,0.8,20.0,0.2,1,23,5.175389578287592
linear,200,0.8,20.0,0.2,1,24,5.243263344921788
quantile,200,0.8,20.0,0.2,1,24,6.597078578350811
huber,200,0.8,20.0,0.2,1,24,5.106979447166303
linear,200,0.8,20.0,0.2,1,25,4.165470277785767
quantile,200,0.8,20.0,0.2,1,25,4.780481110972506
huber,200,0.8,20.0,0.2,1,25,4.147807971679465
linear,200,0.8,20.0,0.2,1,26,4.2031742050428385
quantile,200,0.8,20.0,0.2,1,26,6.381067236990122
huber,200,0.8,20.0,0.2,1,26,4.734950634927866
linear,200,0.8,20.0,0.2,1,27,3.015785897542022
quantile,200,0.8,20.0,0.2,1,27,5.300340748693522
huber,200,0.8,20.0,0.2,1,27,4.1902638169432675
linear,200,0.8,20.0,0.2,1,28,4.0213547790579565
quantile,200,0.8,20.0,0.2,1,28,5.089600651395575
huber,200,0.8,20.0,0.2,1,28,4.9037857971964325
linear,200,0.8,20.0,0.2,1,29,4.279831934119252
quantile,200,0.8,20.0,0.2,1,29,4.869622631345186
huber,200,0.8,20.0,0.2,1,29,3.9823229007109466
linear,200,0.8,20.0,0.2,5,0,3.3446092851260163
quantile,200,0.8,20.0,0.2,5,0,4.421561552741503
huber,200,0.8,20.0,0.2,5,0,3.7225566863688657
linear,200,0.8,20.0,0.2,5,1,4.322505468792448
quantile,200,0.8,20.0,0.2,5,1,7.47070217488886
huber,200,0.8,20.0,0.2,5,1,5.353559016016651
linear,200,0.8,20.0,0.2,5,2,4.614402009604859
quantile,200,0.8,20.0,0.2,5,2,7.744519848566986
huber,200,0.8,20.0,0.2,5,2,4.364182588942786
linear,200,0.8,20.0,0.2,5,3,2.8739784317612873
quantile,200,0.8,20.0,0.2,5,3,5.072160175643928
huber,200,0.8,20.0,0.2,5,3,3.0821779657925825
linear,200,0.8,20.0,0.2,5,4,3.874371030214734
quantile,200,0.8,20.0,0.2,5,4,5.286493562107643
huber,200,0.8,20.0,0.2,5,4,4.599699188409871
linear,200,0.8,20.0,0.2,5,5,4.471764130252492
quantile,200,0.8,20.0,0.2,5,5,5.7460276822801175
huber,200,0.8,20.0,0.2,5,5,5.001331252363352
linear,200,0.8,20.0,0.2,5,6,4.8764699089219175
quantile,200,0.8,20.0,0.2,5,6,6.122049154517203
huber,200,0.8,20.0,0.2,5,6,5.133659504796616
linear,200,0.8,20.0,0.2,5,7,3.0727056181619075
quantile,200,0.8,20.0,0.2,5,7,4.057340392357652
huber,200,0.8,20.0,0.2,5,7,3.1795421768527596
linear,200,0.8,20.0,0.2,5,8,4.494481026320354
quantile,200,0.8,20.0,0.2,5,8,4.927317408081473
huber,200,0.8,20.0,0.2,5,8,4.255529772990803
linear,200,0.8,20.0,0.2,5,9,2.8386037217710323
quantile,200,0.8,20.0,0.2,5,9,4.34843276646764
huber,200,0.8,20.0,0.2,5,9,3.837343906306217
linear,200,0.8,20.0,0.2,5,10,5.3630492914475685
quantile,200,0.8,20.0,0.2,5,10,8.766586817317442
huber,200,0.8,20.0,0.2,5,10,6.367736524195878
linear,200,0.8,20.0,0.2,5,11,4.152206245673247
quantile,200,0.8,20.0,0.2,5,11,7.864203647521803
huber,200,0.8,20.0,0.2,5,11,4.071997653227213
linear,200,0.8,20.0,0.2,5,12,9.051090955013716
quantile,200,0.8,20.0,0.2,5,12,13.87258120586436
huber,200,0.8,20.0,0.2,5,12,8.999441515944394
linear,200,0.8,20.0,0.2,5,13,5.078044697178905
quantile,200,0.8,20.0,0.2,5,13,6.888157853764064
huber,200,0.8,20.0,0.2,5,13,5.726995113996649
linear,200,0.8,20.0,0.2,5,14,5.1241817672407866
quantile,200,0.8,20.0,0.2,5,14,7.114309306168889
huber,200,0.8,20.0,0.2,5,14,6.113920446552892
linear,200,0.8,20.0,0.2,5,15,4.692766915935293
quantile,200,0.8,20.0,0.2,5,15,5.478018741147521
huber,200,0.8,20.0,0.2,5,15,4.170608579668749
linear,200,0.8,20.0,0.2,5,16,6.072209685238516
quantile,200,0.8,20.0,0.2,5,16,7.488394607727974
huber,200,0.8,20.0,0.2,5,16,6.508384665570566
linear,200,0.8,20.0,0.2,5,17,3.7047056458776932
quantile,200,0.8,20.0,0.2,5,17,5.789373896991769
huber,200,0.8,20.0,0.2,5,17,3.776592613750432
linear,200,0.8,20.0,0.2,5,18,3.3709328817729998
quantile,200,0.8,20.0,0.2,5,18,5.248788682057708
huber,200,0.8,20.0,0.2,5,18,4.235271140822102
linear,200,0.8,20.0,0.2,5,19,4.643456110972067
quantile,200,0.8,20.0,0.2,5,19,6.189363622474907
huber,200,0.8,20.0,0.2,5,19,5.2375264983448195
linear,200,0.8,20.0,0.2,5,20,4.0648777506062945
quantile,200,0.8,20.0,0.2,5,20,4.384280671068345
huber,200,0.8,20.0,0.2,5,20,3.837443740935135
linear,200,0.8,20.0,0.2,5,21,4.065247483474938
quantile,200,0.8,20.0,0.2,5,21,6.545139003089144
huber,200,0.8,20.0,0.2,5,21,4.058395628653215
linear,200,0.8,20.0,0.2,5,22,4.411559396468919
quantile,200,0.8,20.0,0.2,5,22,4.982154360945764
huber,200,0.8,20.0,0.2,5,22,3.9843403973784284
linear,200,0.8,20.0,0.2,5,23,3.048992257459248
quantile,200,0.8,20.0,0.2,5,23,5.010529239207835
huber,200,0.8,20.0,0.2,5,23,4.30422292298137
linear,200,0.8,20.0,0.2,5,24,5.437182277570555
quantile,200,0.8,20.0,0.2,5,24,8.301466948039414
huber,200,0.8,20.0,0.2,5,24,6.866109510541167
linear,200,0.8,20.0,0.2,5,25,3.6807986903729084
quantile,200,0.8,20.0,0.2,5,25,5.920771293348249
huber,200,0.8,20.0,0.2,5,25,4.701301507007208
linear,200,0.8,20.0,0.2,5,26,3.752823195037279
quantile,200,0.8,20.0,0.2,5,26,4.748484647101947
huber,200,0.8,20.0,0.2,5,26,4.127095265562113
linear,200,0.8,20.0,0.2,5,27,7.658758893186895
quantile,200,0.8,20.0,0.2,5,27,11.224466146018745
huber,200,0.8,20.0,0.2,5,27,8.627196206399109
linear,200,0.8,20.0,0.2,5,28,3.705811503607584
quantile,200,0.8,20.0,0.2,5,28,6.3912628609249476
huber,200,0.8,20.0,0.2,5,28,4.135118862109918
linear,200,0.8,20.0,0.2,5,29,4.226386417172319
quantile,200,0.8,20.0,0.2,5,29,6.189200438504118
huber,200,0.8,20.0,0.2,5,29,4.929007061352558
linear,200,0.8,20.0,0.2,10,0,5.155752821704139
quantile,200,0.8,20.0,0.2,10,0,7.74179936524642
huber,200,0.8,20.0,0.2,10,0,5.775478138542392
linear,200,0.8,20.0,0.2,10,1,4.815597456266456
quantile,200,0.8,20.0,0.2,10,1,6.149209302050652
huber,200,0.8,20.0,0.2,10,1,5.534070199630753
linear,200,0.8,20.0,0.2,10,2,3.0196437162419074
quantile,200,0.8,20.0,0.2,10,2,6.580202925939222
huber,200,0.8,20.0,0.2,10,2,5.507879873704692
linear,200,0.8,20.0,0.2,10,3,3.6679709608641184
quantile,200,0.8,20.0,0.2,10,3,3.80469746606735
huber,200,0.8,20.0,0.2,10,3,3.4649788812201083
linear,200,0.8,20.0,0.2,10,4,2.484785683799081
quantile,200,0.8,20.0,0.2,10,4,3.819315753309583
huber,200,0.8,20.0,0.2,10,4,3.249576339504384
linear,200,0.8,20.0,0.2,10,5,6.849523346807969
quantile,200,0.8,20.0,0.2,10,5,9.085720356682762
huber,200,0.8,20.0,0.2,10,5,6.994920165574786
linear,200,0.8,20.0,0.2,10,6,3.0316781725544617
quantile,200,0.8,20.0,0.2,10,6,3.445160704663166
huber,200,0.8,20.0,0.2,10,6,2.9756495299781855
linear,200,0.8,20.0,0.2,10,7,4.159270963318102
quantile,200,0.8,20.0,0.2,10,7,4.941462799394901
huber,200,0.8,20.0,0.2,10,7,4.472708849726523
linear,200,0.8,20.0,0.2,10,8,3.6958783437950498
quantile,200,0.8,20.0,0.2,10,8,5.588457086049218
huber,200,0.8,20.0,0.2,10,8,5.259016430615569
linear,200,0.8,20.0,0.2,10,9,3.4535022020420505
quantile,200,0.8,20.0,0.2,10,9,4.985294371269262
huber,200,0.8,20.0,0.2,10,9,3.6475395559625374
linear,200,0.8,20.0,0.2,10,10,4.543487239007253
quantile,200,0.8,20.0,0.2,10,10,4.935029539596901
huber,200,0.8,20.0,0.2,10,10,3.7376049264297864
linear,200,0.8,20.0,0.2,10,11,3.848181823193604
quantile,200,0.8,20.0,0.2,10,11,4.727298387218128
huber,200,0.8,20.0,0.2,10,11,3.7473234072436377
linear,200,0.8,20.0,0.2,10,12,5.929414898944115
quantile,200,0.8,20.0,0.2,10,12,7.767604384183379
huber,200,0.8,20.0,0.2,10,12,6.848301518423821
linear,200,0.8,20.0,0.2,10,13,4.922086001141927
quantile,200,0.8,20.0,0.2,10,13,4.882071599264125
huber,200,0.8,20.0,0.2,10,13,4.315713051361806
linear,200,0.8,20.0,0.2,10,14,4.543436010949006
quantile,200,0.8,20.0,0.2,10,14,6.894248123068461
huber,200,0.8,20.0,0.2,10,14,4.885183684837683
linear,200,0.8,20.0,0.2,10,15,4.3177947232339235
quantile,200,0.8,20.0,0.2,10,15,7.477830609554691
huber,200,0.8,20.0,0.2,10,15,3.7766203060747814
linear,200,0.8,20.0,0.2,10,16,3.885925793386911
quantile,200,0.8,20.0,0.2,10,16,3.9607015769943046
huber,200,0.8,20.0,0.2,10,16,3.213656976780019
linear,200,0.8,20.0,0.2,10,17,4.592354431420267
quantile,200,0.8,20.0,0.2,10,17,6.837457427034927
huber,200,0.8,20.0,0.2,10,17,5.118034254847929
linear,200,0.8,20.0,0.2,10,18,4.092847429768348
quantile,200,0.8,20.0,0.2,10,18,4.713900444289352
huber,200,0.8,20.0,0.2,10,18,3.744077078465833
linear,200,0.8,20.0,0.2,10,19,3.7413168889412947
quantile,200,0.8,20.0,0.2,10,19,4.407068181585013
huber,200,0.8,20.0,0.2,10,19,3.872120659866337
linear,200,0.8,20.0,0.2,10,20,7.0293778748798985
quantile,200,0.8,20.0,0.2,10,20,7.800583657147041
huber,200,0.8,20.0,0.2,10,20,7.156811865496433
linear,200,0.8,20.0,0.2,10,21,6.050040338118947
quantile,200,0.8,20.0,0.2,10,21,7.10207434757627
huber,200,0.8,20.0,0.2,10,21,5.5969304229057295
linear,200,0.8,20.0,0.2,10,22,5.2795154756630325
quantile,200,0.8,20.0,0.2,10,22,7.212892971307518
huber,200,0.8,20.0,0.2,10,22,6.654656990920026
linear,200,0.8,20.0,0.2,10,23,4.793193530763516
quantile,200,0.8,20.0,0.2,10,23,8.662846480578553
huber,200,0.8,20.0,0.2,10,23,7.69852690872484
linear,200,0.8,20.0,0.2,10,24,5.114912506233184
quantile,200,0.8,20.0,0.2,10,24,6.546583913067073
huber,200,0.8,20.0,0.2,10,24,5.1576191045167
linear,200,0.8,20.0,0.2,10,25,5.726220600120684
quantile,200,0.8,20.0,0.2,10,25,9.368384454562356
huber,200,0.8,20.0,0.2,10,25,5.587448122004018
linear,200,0.8,20.0,0.2,10,26,4.01981416784225
quantile,200,0.8,20.0,0.2,10,26,5.092204166755785
huber,200,0.8,20.0,0.2,10,26,4.178544169394904
linear,200,0.8,20.0,0.2,10,27,3.799541093342489
quantile,200,0.8,20.0,0.2,10,27,5.975477361147468
huber,200,0.8,20.0,0.2,10,27,3.883627620293395
linear,200,0.8,20.0,0.2,10,28,4.151013187727951
quantile,200,0.8,20.0,0.2,10,28,5.702878603083344
huber,200,0.8,20.0,0.2,10,28,4.786800206731352
linear,200,0.8,20.0,0.2,10,29,3.02872842026794
quantile,200,0.8,20.0,0.2,10,29,4.894123666653704
huber,200,0.8,20.0,0.2,10,29,4.407028516428168
linear,200,0.8,inf,0.2,1,0,3.480132423229276
quantile,200,0.8,inf,0.2,1,0,5.229966986164759
huber,200,0.8,inf,0.2,1,0,5.051763626924055
linear,200,0.8,inf,0.2,1,1,4.088829418405434
quantile,200,0.8,inf,0.2,1,1,5.846330953080903
huber,200,0.8,inf,0.2,1,1,4.608709438587093
linear,200,0.8,inf,0.2,1,2,4.075127574859584
quantile,200,0.8,inf,0.2,1,2,7.202614639127152
huber,200,0.8,inf,0.2,1,2,4.914169315273873
linear,200,0.8,inf,0.2,1,3,4.367443219471576
quantile,200,0.8,inf,0.2,1,3,8.598764597252352
huber,200,0.8,inf,0.2,1,3,6.848848457107085
linear,200,0.8,inf,0.2,1,4,4.457453085097258
quantile,200,0.8,inf,0.2,1,4,5.734759870309433
huber,200,0.8,inf,0.2,1,4,5.040138286369521
linear,200,0.8,inf,0.2,1,5,6.781495142450124
quantile,200,0.8,inf,0.2,1,5,12.82542172432709
huber,200,0.8,inf,0.2,1,5,9.481222167857382
linear,200,0.8,inf,0.2,1,6,7.611789135248212
quantile,200,0.8,inf,0.2,1,6,11.434159437023487
huber,200,0.8,inf,0.2,1,6,8.524342382532403
linear,200,0.8,inf,0.2,1,7,3.512483870660856
quantile,200,0.8,inf,0.2,1,7,7.777446925625969
huber,200,0.8,inf,0.2,1,7,5.18180716939751
linear,200,0.8,inf,0.2,1,8,4.587034160749886
quantile,200,0.8,inf,0.2,1,8,5.346435307062202
huber,200,0.8,inf,0.2,1,8,4.838082539478975
linear,200,0.8,inf,0.2,1,9,4.466019681372075
quantile,200,0.8,inf,0.2,1,9,6.16038905996493
huber,200,0.8,inf,0.2,1,9,4.167725521334637
linear,200,0.8,inf,0.2,1,10,4.311513780104823
quantile,200,0.8,inf,0.2,1,10,6.171256393970962
huber,200,0.8,inf,0.2,1,10,5.25325434265544
linear,200,0.8,inf,0.2,1,11,7.460953103388652
quantile,200,0.8,inf,0.2,1,11,7.8219354950108695
huber,200,0.8,inf,0.2,1,11,7.126999557021504
linear,200,0.8,inf,0.2,1,12,4.0838808777414535
quantile,200,0.8,inf,0.2,1,12,3.9092041647500984
huber,200,0.8,inf,0.2,1,12,3.3133226538212486
linear,200,0.8,inf,0.2,1,13,3.6726820914587384
quantile,200,0.8,inf,0.2,1,13,5.766319404865474
huber,200,0.8,inf,0.2,1,13,4.132832542610092
linear,200,0.8,inf,0.2,1,14,5.703934471185225
quantile,200,0.8,inf,0.2,1,14,10.503643017179
huber,200,0.8,inf,0.2,1,14,7.541916810011404
linear,200,0.8,inf,0.2,1,15,4.557775585415533
quantile,200,0.8,inf,0.2,1,15,4.752458993840399
huber,200,0.8,inf,0.2,1,15,4.28864200321713
linear,200,0.8,inf,0.2,1,16,6.1796428552545795
quantile,200,0.8,inf,0.2,1,16,7.317068324310087
huber,200,0.8,inf,0.2,1,16,6.019206940111567
linear,200,0.8,inf,0.2,1,17,5.582642317200477
quantile,200,0.8,inf,0.2,1,17,7.616978462100391
huber,200,0.8,inf,0.2,1,17,7.18146826443836
linear,200,0.8,inf,0.2,1,18,5.790612660983996
quantile,200,0.8,inf,0.2,1,18,9.693190478328695
huber,200,0.8,inf,0.2,1,18,7.931791845330795
linear,200,0.8,inf,0.2,1,19,5.92022063939797
quantile,200,0.8,inf,0.2,1,19,6.810416993803308
huber,200,0.8,inf,0.2,1,19,5.098492334195804
linear,200,0.8,inf,0.2,1,20,4.4614421631205445
quantile,200,0.8,inf,0.2,1,20,5.609557393502947
huber,200,0.8,inf,0.2,1,20,4.905158430719601
linear,200,0.8,inf,0.2,1,21,3.3760438539972704
quantile,200,0.8,inf,0.2,1,21,4.887954457284794
huber,200,0.8,inf,0.2,1,21,3.853238904025266
linear,200,0.8,inf,0.2,1,22,5.677359537656977
quantile,200,0.8,inf,0.2,1,22,6.899361245572464
huber,200,0.8,inf,0.2,1,22,5.08763745790311
linear,200,0.8,inf,0.2,1,23,4.3369704957437305
quantile,200,0.8,inf,0.2,1,23,6.788130907595785
huber,200,0.8,inf,0.2,1,23,4.615745600278658
linear,200,0.8,inf,0.2,1,24,3.477401411902469
quantile,200,0.8,inf,0.2,1,24,5.155207455468785
huber,200,0.8,inf,0.2,1,24,4.883866720570675
linear,200,0.8,inf,0.2,1,25,3.7192492302634093
quantile,200,0.8,inf,0.2,1,25,5.34627914602185
huber,200,0.8,inf,0.2,1,25,4.278003491759401
linear,200,0.8,inf,0.2,1,26,2.954690875215171
quantile,200,0.8,inf,0.2,1,26,7.581514432604726
huber,200,0.8,inf,0.2,1,26,5.777468341599276
linear,200,0.8,inf,0.2,1,27,4.33616785948688
quantile,200,0.8,inf,0.2,1,27,7.32875899739411
huber,200,0.8,inf,0.2,1,27,6.658721833704836
linear,200,0.8,inf,0.2,1,28,5.9465493952761515
quantile,200,0.8,inf,0.2,1,28,6.38713970969042
huber,200,0.8,inf,0.2,1,28,5.5949326347550485
linear,200,0.8,inf,0.2,1,29,4.423510334172584
quantile,200,0.8,inf,0.2,1,29,5.4764715503134145
huber,200,0.8,inf,0.2,1,29,3.468747517066218
linear,200,0.8,inf,0.2,5,0,3.2980082614141217
quantile,200,0.8,inf,0.2,5,0,6.946725642872318
huber,200,0.8,inf,0.2,5,0,4.93964474770407
linear,200,0.8,inf,0.2,5,1,5.504480455695637
quantile,200,0.8,inf,0.2,5,1,5.659938752325836
huber,200,0.8,inf,0.2,5,1,4.516906293474277
linear,200,0.8,inf,0.2,5,2,4.52167576154705
quantile,200,0.8,inf,0.2,5,2,4.003469782363126
huber,200,0.8,inf,0.2,5,2,3.3731253282261315
linear,200,0.8,inf,0.2,5,3,5.5331842869555
quantile,200,0.8,inf,0.2,5,3,7.426697586796737
huber,200,0.8,inf,0.2,5,3,5.73698135660025
linear,200,0.8,inf,0.2,5,4,6.321633386970706
quantile,200,0.8,inf,0.2,5,4,7.591916131738957
huber,200,0.8,inf,0.2,5,4,6.349175565740303
linear,200,0.8,inf,0.2,5,5,3.0095200366449415
quantile,200,0.8,inf,0.2,5,5,3.401411879082908
huber,200,0.8,inf,0.2,5,5,2.3129402911867043
linear,200,0.8,inf,0.2,5,6,5.382081374439061
quantile,200,0.8,inf,0.2,5,6,4.555326908844148
huber,200,0.8,inf,0.2,5,6,3.9985587365168636
linear,200,0.8,inf,0.2,5,7,4.62236864646483
quantile,200,0.8,inf,0.2,5,7,5.259139402570117
huber,200,0.8,inf,0.2,5,7,4.199449056776965
linear,200,0.8,inf,0.2,5,8,2.8238220306429325
quantile,200,0.8,inf,0.2,5,8,6.416696883944908
huber,200,0.8,inf,0.2,5,8,3.879036383702897
linear,200,0.8,inf,0.2,5,9,4.082217118984458
quantile,200,0.8,inf,0.2,5,9,6.480919164175193
huber,200,0.8,inf,0.2,5,9,4.816309105137375
linear,200,0.8,inf,0.2,5,10,5.556480869707016
quantile,200,0.8,inf,0.2,5,10,8.497954579105759
huber,200,0.8,inf,0.2,5,10,7.008350205709824
linear,200,0.8,inf,0.2,5,11,5.539114335922438
quantile,200,0.8,inf,0.2,5,11,8.400698020671044
huber,200,0.8,inf,0.2,5,11,5.575755470025257
linear,200,0.8,inf,0.2,5,12,5.28312965347053
quantile,200,0.8,inf,0.2,5,12,7.359193360297777
huber,200,0.8,inf,0.2,5,12,5.3786267246683765
linear,200,0.8,inf,0.2,5,13,5.216770371385524
quantile,200,0.8,inf,0.2,5,13,11.024495219144658
huber,200,0.8,inf,0.2,5,13,6.247428612664154
linear,200,0.8,inf,0.2,5,14,5.6927056775195455
quantile,200,0.8,inf,0.2,5,14,7.789283354876386
huber,200,0.8,inf,0.2,5,14,7.634689928697986
linear,200,0.8,inf,0.2,5,15,3.9604870557873255
quantile,200,0.8,inf,0.2,5,15,4.541423293809605
huber,200,0.8,inf,0.2,5,15,3.658022476872409
linear,200,0.8,inf,0.2,5,16,4.383385997563491
quantile,200,0.8,inf,0.2,5,16,5.080073889037601
huber,200,0.8,inf,0.2,5,16,4.463088402320415
linear,200,0.8,inf,0.2,5,17,3.9623184099137543
quantile,200,0.8,inf,0.2,5,17,6.739658733647421
huber,200,0.8,inf,0.2,5,17,5.505982730151206
linear,200,0.8,inf,0.2,5,18,6.228001790989492
quantile,200,0.8,inf,0.2,5,18,9.580923316278941
huber,200,0.8,inf,0.2,5,18,7.888742792260394
linear,200,0.8,inf,0.2,5,19,3.7191050211499452
quantile,200,0.8,inf,0.2,5,19,5.209074339159525
huber,200,0.8,inf,0.2,5,19,4.696723071883121
linear,200,0.8,inf,0.2,5,20,4.906650911604231
quantile,200,0.8,inf,0.2,5,20,5.912599935305424
huber,200,0.8,inf,0.2,5,20,4.988023239902519
linear,200,0.8,inf,0.2,5,21,8.822121494630444
quantile,200,0.8,inf,0.2,5,21,6.803147028622778
huber,200,0.8,inf,0.2,5,21,5.895206045163038
linear,200,0.8,inf,0.2,5,22,5.6554240859809735
quantile,200,0.8,inf,0.2,5,22,10.121477633896193
huber,200,0.8,inf,0.2,5,22,6.105497715886916
linear,200,0.8,inf,0.2,5,23,3.1747944721056527
quantile,200,0.8,inf,0.2,5,23,4.696367083505532
huber,200,0.8,inf,0.2,5,23,3.393630756171796
linear,200,0.8,inf,0.2,5,24,4.205627017538409
quantile,200,0.8,inf,0.2,5,24,4.794734162316375
huber,200,0.8,inf,0.2,5,24,4.016469737642001
linear,200,0.8,inf,0.2,5,25,4.058909306423939
quantile,200,0.8,inf,0.2,5,25,7.317379365979048
huber,200,0.8,inf,0.2,5,25,4.698322027383382
linear,200,0.8,inf,0.2,5,26,4.230902142865064
quantile,200,0.8,inf,0.2,5,26,5.825202722924082
huber,200,0.8,inf,0.2,5,26,5.061341546384737
linear,200,0.8,inf,0.2,5,27,4.83366915703304
quantile,200,0.8,inf,0.2,5,27,7.073265307249777
huber,200,0.8,inf,0.2,5,27,5.815761491698436
linear,200,0.8,inf,0.2,5,28,4.485013968432639
quantile,200,0.8,inf,0.2,5,28,5.7550172813237515
huber,200,0.8,inf,0.2,5,28,5.092827463076212
linear,200,0.8,inf,0.2,5,29,4.69025008279875
quantile,200,0.8,inf,0.2,5,29,7.790466340109788
huber,200,0.8,inf,0.2,5,29,6.8192269239420025
linear,200,0.8,inf,0.2,10,0,5.010112050394448
quantile,200,0.8,inf,0.2,10,0,7.157226454681014
huber,200,0.8,inf,0.2,10,0,5.283010223676441
linear,200,0.8,inf,0.2,10,1,3.5843781680703186
quantile,200,0.8,inf,0.2,10,1,4.847522840215225
huber,200,0.8,inf,0.2,10,1,4.345854067078282
linear,200,0.8,inf,0.2,10,2,4.55622797680734
quantile,200,0.8,inf,0.2,10,2,6.2322977053622015
huber,200,0.8,inf,0.2,10,2,5.341928315278373
linear,200,0.8,inf,0.2,10,3,3.981042708492851
quantile,200,0.8,inf,0.2,10,3,6.488290751607538
huber,200,0.8,inf,0.2,10,3,5.116590820451656
linear,200,0.8,inf,0.2,10,4,4.76852682865858
quantile,200,0.8,inf,0.2,10,4,8.030272018980828
huber,200,0.8,inf,0.2,10,4,6.67786423977803
linear,200,0.8,inf,0.2,10,5,4.663245350685971
quantile,200,0.8,inf,0.2,10,5,7.0292099423455525
huber,200,0.8,inf,0.2,10,5,6.093884770090017
linear,200,0.8,inf,0.2,10,6,4.3640289116199344
quantile,200,0.8,inf,0.2,10,6,6.183024315548623
huber,200,0.8,inf,0.2,10,6,4.628113302448853
linear,200,0.8,inf,0.2,10,7,4.411305814228136
quantile,200,0.8,inf,0.2,10,7,4.606126863834132
huber,200,0.8,inf,0.2,10,7,3.441201988501871
linear,200,0.8,inf,0.2,10,8,6.692782742296013
quantile,200,0.8,inf,0.2,10,8,8.292778815716638
huber,200,0.8,inf,0.2,10,8,6.9193236162237355
linear,200,0.8,inf,0.2,10,9,5.289703064715478
quantile,200,0.8,inf,0.2,10,9,5.19268688017232
huber,200,0.8,inf,0.2,10,9,4.092853180142907
linear,200,0.8,inf,0.2,10,10,6.955251748939784
quantile,200,0.8,inf,0.2,10,10,6.9132510156731355
huber,200,0.8,inf,0.2,10,10,5.931203801087055
linear,200,0.8,inf,0.2,10,11,4.930519502209689
quantile,200,0.8,inf,0.2,10,11,6.863587087798824
huber,200,0.8,inf,0.2,10,11,5.837499159725537
linear,200,0.8,inf,0.2,10,12,4.228241225885831
quantile,200,0.8,inf,0.2,10,12,6.343692696203121
huber,200,0.8,inf,0.2,10,12,5.18685252269956
linear,200,0.8,inf,0.2,10,13,2.6031907103821537
quantile,200,0.8,inf,0.2,10,13,5.699162520690188
huber,200,0.8,inf,0.2,10,13,2.5030800709286805
linear,200,0.8,inf,0.2,10,14,2.8902429584787095
quantile,200,0.8,inf,0.2,10,14,4.464786462411239
huber,200,0.8,inf,0.2,10,14,3.8213152385322537
linear,200,0.8,inf,0.2,10,15,2.882024216966188
quantile,200,0.8,inf,0.2,10,15,3.6419327564117276
huber,200,0.8,inf,0.2,10,15,3.2970041711812255
linear,200,0.8,inf,0.2,10,16,4.571036444190649
quantile,200,0.8,inf,0.2,10,16,7.579355092550163
huber,200,0.8,inf,0.2,10,16,5.96348596901603
linear,200,0.8,inf,0.2,10,17,3.3406298597305315
quantile,200,0.8,inf,0.2,10,17,5.575751533257086
huber,200,0.8,inf,0.2,10,17,5.1441602743107495
linear,200,0.8,inf,0.2,10,18,3.7223007906684176
quantile,200,0.8,inf,0.2,10,18,7.275398584022312
huber,200,0.8,inf,0.2,10,18,5.51283641301814
linear,200,0.8,inf,0.2,10,19,3.573111553506621
quantile,200,0.8,inf,0.2,10,19,5.05803927553945
huber,200,0.8,inf,0.2,10,19,4.1219764489046335
linear,200,0.8,inf,0.2,10,20,4.207583262523389
quantile,200,0.8,inf,0.2,10,20,7.657809088069939
huber,200,0.8,inf,0.2,10,20,7.032407937877422
linear,200,0.8,inf,0.2,10,21,3.2123302439073464
quantile,200,0.8,inf,0.2,10,21,5.314390024763888
huber,200,0.8,inf,0.2,10,21,4.570636295067912
linear,200,0.8,inf,0.2,10,22,4.222804584059665
quantile,200,0.8,inf,0.2,10,22,4.609890735549355
huber,200,0.8,inf,0.2,10,22,3.486537800521744
linear,200,0.8,inf,0.2,10,23,5.631273098553985
quantile,200,0.8,inf,0.2,10,23,6.708555436283152
huber,200,0.8,inf,0.2,10,23,4.131606216501439
linear,200,0.8,inf,0.2,10,24,5.9973222277203115
quantile,200,0.8,inf,0.2,10,24,9.837944045031495
huber,200,0.8,inf,0.2,10,24,6.826518067780842
linear,200,0.8,inf,0.2,10,25,7.2172384010793005
quantile,200,0.8,inf,0.2,10,25,8.884350368023734
huber,200,0.8,inf,0.2,10,25,8.546113394778747
linear,200,0.8,inf,0.2,10,26,3.848858189539758
quantile,200,0.8,inf,0.2,10,26,5.368258662992015
huber,200,0.8,inf,0.2,10,26,4.681049167087459
linear,200,0.8,inf,0.2,10,27,5.387311715611844
quantile,200,0.8,inf,0.2,10,27,5.378425889603886
huber,200,0.8,inf,0.2,10,27,4.746514512302429
linear,200,0.8,inf,0.2,10,28,3.3103466337566125
quantile,200,0.8,inf,0.2,10,28,5.205418964857301
huber,200,0.8,inf,0.2,10,28,4.993321664787917
linear,200,0.8,inf,0.2,10,29,3.5097279248080646
quantile,200,0.8,inf,0.2,10,29,6.188340895944255
huber,200,0.8,inf,0.2,10,29,5.01282806487642
