nsim,gamma,MSE_hat,se_MSE
1,0.1,0.11369169605320593,0.0
1,0.10009216427327419,0.05692692256587341,0.0
1,0.10018441348908107,0.057472919881495985,0.0
1,0.10027674772570727,0.07684565493449594,0.0
1,0.10036916706151167,0.07758287344962955,0.0
1,0.10046167157492526,0.08216960399884561,0.0
1,0.1005542613444514,0.13688152817146415,0.0
1,0.10064693644866575,0.05909152443010677,0.0
1,0.10073969696621637,0.10650350930361749,0.0
1,0.10083254297582392,0.15689452600523937,0.0
1,0.10092547455628148,0.07575733002568473,0.0
1,0.1010184917864548,0.13154904699687728,0.0
1,0.10111159474528233,0.09861552889925453,0.0
1,0.10120478351177525,0.09216149038667114,0.0
1,0.1012980581650176,0.10916351086666277,0.0
1,0.10139141878416626,0.1525058449844682,0.0
1,0.10148486544845108,0.06665774189141366,0.0
1,0.1015783982371749,0.07667337706840438,0.0
1,0.10167201722971377,0.12718436040450365,0.0
1,0.10176572250551676,0.22976254043295866,0.0
1,0.1018595141441062,0.0874292369645251,0.0
1,0.10195339222507774,0.10337355341988472,0.0
1,0.10204735682810033,0.08606214253020021,0.0
1,0.10214140803291648,0.08824848204335929,0.0
1,0.10223554591934204,0.11291195787669685,0.0
1,0.10232977056726651,0.11624021105730585,0.0
1,0.10242408205665299,0.1039744961621678,0.0
1,0.10251848046753824,0.12020303575746549,0.0
1,0.1026129658800329,0.07389132045321864,0.0
1,0.10270753837432131,0.1522545267877095,0.0
1,0.10280219803066182,0.14480938369743734,0.0
1,0.10289694492938668,0.06694601460477942,0.0
1,0.10299177915090217,0.09993312916846005,0.0
1,0.10308670077568877,0.09466496092584449,0.0
1,0.10318170988430102,0.22226437207288605,0.0
1,0.10327680655736778,0.13157347990419022,0.0
1,0.10337199087559217,0.10793289722452391,0.0
1,0.1034672629197517,0.08281289600640167,0.0
1,0.10356262277069839,0.06952970430615416,0.0
1,0.10365807050935869,0.1723673364971039,0.0
1,0.1037536062167337,0.11592110645081592,0.0
1,0.10384922997389909,0.1190228771037746,0.0
1,0.10394494186200538,0.07475887598278823,0.0
1,0.10404074196227778,0.2522819742445599,0.0
1,0.10413663035601639,0.1812457091335135,0.0
1,0.10423260712459624,0.11070630394901887,0.0
1,0.10432867234946736,0.1660134752811735,0.0
1,0.10442482611215485,0.15974761621981526,0.0
1,0.10452106849425896,0.07461232401391378,0.0
1,0.10461739957745511,0.056399225356230626,0.0
1,0.10471381944349403,0.12243695212456233,0.0
1,0.10481032817420176,0.0881062986477192,0.0
1,0.10490692585147982,0.12849230430990155,0.0
1,0.10500361255730513,0.10802727403660393,0.0
1,0.10510038837373022,0.22617220859599604,0.0
1,0.10519725338288322,0.0920734705641245,0.0
1,0.10529420766696794,0.1360702730357794,0.0
1,0.10539125130826402,0.1271626876532659,0.0
1,0.10548838438912686,0.13023072711797598,0.0
1,0.10558560699198778,0.21078701581725745,0.0
1,0.1056829191993541,0.0860792311275019,0.0
1,0.10578032109380911,0.11013543279134305,0.0
1,0.10587781275801232,0.17526934540626143,0.0
1,0.10597539427469936,0.07120228229611601,0.0
1,0.1060730657266821,0.11305996835551957,0.0
1,0.10617082719684875,0.06287534392075836,0.0
1,0.1062686787681639,0.08081406464994825,0.0
1,0.10636662052366867,0.14023695820387677,0.0
1,0.10646465254648063,0.15807302636565268,0.0
1,0.10656277491979399,0.057306566274645025,0.0
1,0.10666098772687962,0.05424620886110023,0.0
1,0.10675929105108516,0.11796932522626884,0.0
1,0.10685768497583507,0.0715649966434202,0.0
1,0.10695616958463068,0.17372979452833928,0.0
1,0.10705474496105026,0.11860562359871932,0.0
1,0.10715341118874913,0.13577118905201552,0.0
1,0.10725216835145975,0.10254424032573918,0.0
1,0.10735101653299169,0.1067200708170534,0.0
1,0.10744995581723178,0.07964318192562363,0.0
1,0.10754898628814417,0.12992575517724902,0.0
1,0.10764810802977037,0.09133215836171432,0.0
1,0.10774732112622944,0.11247723276395136,0.0
1,0.10784662566171783,0.15512198615449957,0.0
1,0.1079460217205097,0.16232263627645574,0.0
1,0.10804550938695681,0.11285987294447253,0.0
1,0.10814508874548867,0.11241552024806634,0.0
1,0.10824475988061268,0.1224148371291111,0.0
1,0.10834452287691404,0.06761904860001444,0.0
1,0.10844437781905594,0.15195509630700374,0.0
1,0.1085443247917796,0.08733420135103726,0.0
1,0.1086443638799043,0.09214915568891625,0.0
1,0.10874449516832758,0.10331618155059913,0.0
1,0.10884471874202516,0.1526921673496643,0.0
1,0.10894503468605109,0.13809082541394968,0.0
1,0.1090454430855378,0.12111845169492703,0.0
1,0.10914594402569619,0.1164355956503069,0.0
1,0.10924653759181573,0.1427569786898417,0.0
1,0.10934722386926445,0.06623454585757427,0.0
1,0.10944800294348905,0.05868359600601784,0.0
1,0.10954887490001501,0.0971762437409014,0.0
1,0.10964983982444668,0.12174599220746807,0.0
1,0.10975089780246719,0.147527225394051,0.0
1,0.10985204891983874,0.1193437151169835,0.0
1,0.10995329326240252,0.06316682124087943,0.0
1,0.11005463091607882,0.11129707055584745,0.0
1,0.11015606196686722,0.11973293792895702,0.0
1,0.11025758650084647,0.1279559962653148,0.0
1,0.11035920460417463,0.06845967301230778,0.0
1,0.11046091636308925,0.11411347788178425,0.0
1,0.11056272186390728,0.09711553703415174,0.0
1,0.11066462119302531,0.16441471727244744,0.0
1,0.1107666144369195,0.1503842343135109,0.0
1,0.11086870168214571,0.18768409732362595,0.0
1,0.11097088301533961,0.18900625763613435,0.0
1,0.11107315852321661,0.09245802362363958,0.0
1,0.11117552829257224,0.09370816975862654,0.0
1,0.11127799241028183,0.09537227311453568,0.0
1,0.11138055096330088,0.07120258355564395,0.0
1,0.111483204038665,0.10741588434805964,0.0
1,0.11158595172348999,0.11776589767365642,0.0
1,0.11168879410497204,0.1964041904268112,0.0
1,0.11179173127038759,0.15828490287708363,0.0
1,0.1118947633070936,0.14588876314654822,0.0
1,0.11199789030252745,0.10918885802502871,0.0
1,0.11210111234420718,0.10712617461031622,0.0
1,0.1122044295197315,0.08192777877586016,0.0
1,0.11230784191677982,0.10987341122382424,0.0
1,0.11241134962311235,0.1307848469867196,0.0
1,0.11251495272657021,0.2104578069814908,0.0
1,0.11261865131507542,0.07851356949819782,0.0
1,0.11272244547663116,0.18266338333838125,0.0
1,0.1128263352993216,0.14413827033829382,0.0
1,0.11293032087131212,0.053360955688336764,0.0
1,0.11303440228084935,0.12146050030950925,0.0
1,0.11313857961626132,0.20749434774524908,0.0
1,0.1132428529659574,0.07536766969149904,0.0
1,0.11334722241842844,0.0995163316461042,0.0
1,0.11345168806224687,0.16435459440544492,0.0
1,0.11355624998606671,0.09025905527979824,0.0
1,0.1136609082786238,0.09284113794731022,0.0
1,0.11376566302873564,0.07247986705446163,0.0
1,0.11387051432530164,0.0998486485070904,0.0
1,0.11397546225730314,0.12282551407954655,0.0
1,0.11408050691380346,0.10862776176333305,0.0
1,0.11418564838394808,0.071352832724021,0.0
1,0.11429088675696457,0.0527203939106347,0.0
1,0.11439622212216276,0.2218523807958305,0.0
1,0.11450165456893478,0.09571520580019276,0.0
1,0.11460718418675514,0.10783873483547006,0.0
1,0.11471281106518089,0.11559671335303254,0.0
1,0.11481853529385151,0.11255768490622674,0.0
1,0.11492435696248916,0.09046513169664225,0.0
1,0.11503027616089864,0.15857401306352928,0.0
1,0.11513629297896763,0.16673093987885762,0.0
1,0.11524240750666655,0.13091086463687762,0.0
1,0.11534861983404875,0.24595189374610152,0.0
1,0.11545493005125061,0.14969084840708588,0.0
1,0.11556133824849155,0.1460622859681321,0.0
1,0.1156678445160742,0.11030619833236555,0.0
1,0.11577444894438436,0.13232757006221163,0.0
1,0.11588115162389116,0.12540378452406692,0.0
1,0.1159879526451471,0.1522227291858072,0.0
1,0.11609485209878807,0.1101357404245328,0.0
1,0.11620185007553367,0.2103480428152306,0.0
1,0.11630894666618696,0.20061929082946292,0.0
1,0.11641614196163472,0.1830891073954587,0.0
1,0.11652343605284751,0.06475109169364619,0.0
1,0.1166308290308797,0.11725922543371825,0.0
1,0.11673832098686969,0.14031889898178626,0.0
1,0.11684591201203973,0.12915642239698316,0.0
1,0.11695360219769624,0.11327328671223685,0.0
1,0.11706139163522973,0.1520780528497443,0.0
1,0.11716928041611496,0.1903264398766321,0.0
1,0.11727726863191108,0.11994173447098334,0.0
1,0.1173853563742615,0.09369145062478568,0.0
1,0.11749354373489417,0.11929874990169148,0.0
1,0.11760183080562153,0.13655410558678338,0.0
1,0.11771021767834065,0.16362532040732414,0.0
1,0.11781870444503337,0.17492426051812793,0.0
1,0.1179272911977662,0.20840331715460422,0.0
1,0.11803597802869056,0.12991199689324745,0.0
1,0.11814476503004279,0.09392601281814249,0.0
1,0.11825365229414421,0.09034908199358102,0.0
1,0.11836263991340129,0.08504759338318305,0.0
1,0.11847172798030563,0.13808604784784037,0.0
1,0.11858091658743405,0.17751290970563396,0.0
1,0.11869020582744874,0.14571079647818644,0.0
1,0.11879959579309723,0.16738561461750104,0.0
1,0.11890908657721262,0.13505172687430073,0.0
1,0.1190186782727135,0.11077279034330022,0.0
1,0.11912837097260409,0.12835510111294174,0.0
1,0.11923816476997437,0.1807211098788605,0.0
1,0.11934805975800007,0.13488233041570313,0.0
1,0.11945805602994289,0.1713799511154769,0.0
1,0.11956815367915036,0.13204519375072057,0.0
1,0.11967835279905611,0.23181786150355668,0.0
1,0.11978865348317987,0.10422540775426095,0.0
1,0.11989905582512758,0.1719606128896668,0.0
1,0.12000955991859143,0.08511858044046045,0.0
1,0.12012016585734996,0.14771711054932257,0.0
1,0.12023087373526814,0.1881336077676041,0.0
1,0.12034168364629744,0.17632231072466512,0.0
1,0.12045259568447597,0.13406972975243592,0.0
1,0.12056360994392848,0.16169591693388025,0.0
1,0.12067472651886643,0.05874270731261402,0.0
1,0.12078594550358814,0.14156520496919667,0.0
1,0.12089726699247888,0.12980427636749384,0.0
1,0.12100869108001086,0.13832345364044923,0.0
1,0.12112021786074337,0.101322626114138,0.0
1,0.12123184742932283,0.10798375250021366,0.0
1,0.12134357988048292,0.07347290984173757,0.0
1,0.12145541530904466,0.13212451008204154,0.0
1,0.1215673538099164,0.16524189407592085,0.0
1,0.12167939547809398,0.11519535093350483,0.0
1,0.12179154040866079,0.17018121363102734,0.0
1,0.12190378869678785,0.17802995081444822,0.0
1,0.12201614043773396,0.09713540136881621,0.0
1,0.1221285957268456,0.17507603113832493,0.0
1,0.12224115465955723,0.17204683561769346,0.0
1,0.1223538173313912,0.25555274160598207,0.0
1,0.12246658383795787,0.1601163979820477,0.0
1,0.12257945427495587,0.10001165865858408,0.0
1,0.12269242873817185,0.08214731784655827,0.0
1,0.12280550732348085,0.21359181496439805,0.0
1,0.12291869012684621,0.13220619395044397,0.0
1,0.12303197724431975,0.15268606357651057,0.0
1,0.12314536877204185,0.20944740719871346,0.0
1,0.12325886480624143,0.15437962949413875,0.0
1,0.12337246544323612,0.11721181799618094,0.0
1,0.12348617077943233,0.12813511899653163,0.0
1,0.12359998091132529,0.09742639049663435,0.0
1,0.12371389593549927,0.1693702710350289,0.0
1,0.12382791594862741,0.14280507843947327,0.0
1,0.12394204104747204,0.11386264874699326,0.0
1,0.12405627132888465,0.1071969077512028,0.0
1,0.12417060688980594,0.11630131398792819,0.0
1,0.12428504782726608,0.15063543556553138,0.0
1,0.12439959423838456,0.08446077832994073,0.0
1,0.12451424622037043,0.18496367713107426,0.0
1,0.12462900387052227,0.07647973495495206,0.0
1,0.12474386728622837,0.09418828360285789,0.0
1,0.12485883656496685,0.24535490030048743,0.0
1,0.12497391180430556,0.09513683393594893,0.0
1,0.12508909310190233,0.17534568830751568,0.0
1,0.12520438055550498,0.14920665578237713,0.0
1,0.12531977426295138,0.17463620815891123,0.0
1,0.1254352743221697,0.18411068290578184,0.0
1,0.1255508808311782,0.11076803682953684,0.0
1,0.12566659388808563,0.0854510743491081,0.0
1,0.12578241359109102,0.14323732344744733,0.0
1,0.12589834003848394,0.1461623445516042,0.0
1,0.12601437332864468,0.1597281929985203,0.0
1,0.12613051356004407,0.12355793653811954,0.0
1,0.12624676083124367,0.14931098186321667,0.0
1,0.12636311524089597,0.18744160617115657,0.0
1,0.1264795768877444,0.21109443474811884,0.0
1,0.12659614587062323,0.06122471200849484,0.0
1,0.12671282228845804,0.11808760586050851,0.0
1,0.12682960624026543,0.1547320763143718,0.0
1,0.12694649782515324,0.1486255761192452,0.0
1,0.12706349714232085,0.21652325361967706,0.0
1,0.12718060429105885,0.08402378170984615,0.0
1,0.1272978193707494,0.1048513990482785,0.0
1,0.12741514248086633,0.1507865957695111,0.0
1,0.1275325737209751,0.15074717689687733,0.0
1,0.1276501131907329,0.12203271545207522,0.0
1,0.12776776098988885,0.2328738196609628,0.0
1,0.1278855172182839,0.10455279788321475,0.0
1,0.12800338197585104,0.12988912234035735,0.0
1,0.12812135536261546,0.16752700387819722,0.0
1,0.12823943747869446,0.1832196574849116,0.0
1,0.12835762842429763,0.1344833933991241,0.0
1,0.12847592829972687,0.0949819238312199,0.0
1,0.12859433720537655,0.20042557941992495,0.0
1,0.12871285524173365,0.10144717575730665,0.0
1,0.12883148250937765,0.07149939464752418,0.0
1,0.1289502191089808,0.18387220497723267,0.0
1,0.12906906514130806,0.08838148272980188,0.0
1,0.1291880207072173,0.1430855646274148,0.0
1,0.12930708590765944,0.09942751923896825,0.0
1,0.12942626084367825,0.11029753859520669,0.0
1,0.1295455456164108,0.11241546001151459,0.0
1,0.12966494032708725,0.07293823287407569,0.0
1,0.1297844450770311,0.15162478913428046,0.0
1,0.1299040599676593,0.20062424700526235,0.0
1,0.13002378510048215,0.14364241418162702,0.0
1,0.13014362057710363,0.13477854062161765,0.0
1,0.13026356649922122,0.15699916045002454,0.0
1,0.13038362296862624,0.15116831844311057,0.0
1,0.13050379008720386,0.11307042171143354,0.0
1,0.130624067956933,0.10756242547840608,0.0
1,0.13074445667988668,0.14655037494205136,0.0
1,0.130864956358232,0.21253473997486022,0.0
1,0.13098556709423012,0.16179058178542138,0.0
1,0.1311062889902366,0.12748708280595858,0.0
1,0.13122712214870122,0.12245917640614075,0.0
1,0.13134806667216822,0.12795355221267737,0.0
1,0.13146912266327632,0.13119919779846836,0.0
1,0.13159029022475885,0.14995314728091833,0.0
1,0.1317115694594439,0.12964467026365215,0.0
1,0.13183296047025425,0.12773913203259657,0.0
1,0.1319544633602075,0.1456034376012827,0.0
1,0.1320760782324163,0.16199096719993664,0.0
1,0.13219780519008822,0.12875493285178902,0.0
1,0.1323196443365261,0.16259712922736658,0.0
1,0.13244159577512787,0.11459209483916595,0.0
1,0.13256365960938676,0.16187835450813867,0.0
1,0.13268583594289143,0.17559553210369452,0.0
1,0.13280812487932595,0.1776489428337297,0.0
1,0.13293052652247006,0.13282077884448487,0.0
1,0.13305304097619905,0.11941756654416602,0.0
1,0.133175668344484,0.07697301828651387,0.0
1,0.1332984087313917,0.13039528318613405,0.0
1,0.13342126224108505,0.09815132823721105,0.0
1,0.1335442289778228,0.11738875723489837,0.0
1,0.13366730904595983,0.11303050216542988,0.0
1,0.13379050254994718,0.08023834069651435,0.0
1,0.13391380959433222,0.11990705713954673,0.0
1,0.13403723028375863,0.08758518864831888,0.0
1,0.1341607647229665,0.25320574764999804,0.0
1,0.13428441301679253,0.1640906875880751,0.0
1,0.13440817527016996,0.15256298241488428,0.0
1,0.1345320515881288,0.14980027275903723,0.0
1,0.13465604207579587,0.1672120515928936,0.0
1,0.13478014683839482,0.21332130071342073,0.0
1,0.1349043659812463,0.09855852071599557,0.0
1,0.13502869960976804,0.18070485115089208,0.0
1,0.135153147829475,0.10822165631459808,0.0
1,0.13527771074597922,0.18988176557748937,0.0
1,0.13540238846499023,0.15041995974026978,0.0
1,0.13552718109231487,0.18125218487233252,0.0
1,0.1356520887338576,0.2090021489229094,0.0
1,0.1357771114956204,0.2107045968997786,0.0
1,0.13590224948370302,0.1601710661230124,0.0
1,0.13602750280430298,0.1649295646924273,0.0
1,0.13615287156371558,0.10297903929761423,0.0
1,0.1362783558683342,0.1383557873870885,0.0
1,0.13640395582465026,0.1152665253540231,0.0
1,0.1365296715392533,0.16885626207030802,0.0
1,0.1366555031188311,0.17352181231414274,0.0
1,0.13678145067016978,0.10239887424951996,0.0
1,0.1369075143001538,0.17315350720008288,0.0
1,0.1370336941157663,0.21464445569564475,0.0
1,0.13715999022408887,0.13965954527517074,0.0
1,0.13728640273230186,0.160304807177214,0.0
1,0.13741293174768437,0.13073319349035897,0.0
1,0.13753957737761435,0.16840999074849627,0.0
1,0.13766633972956882,0.20824020303385712,0.0
1,0.13779321891112378,0.1651330885697982,0.0
1,0.13792021502995433,0.14428874593936544,0.0
1,0.1380473281938349,0.1628186621276445,0.0
1,0.13817455851063914,0.1772046361967901,0.0
1,0.1383019060883403,0.12975766436397176,0.0
1,0.138429371035011,0.16034813922878585,0.0
1,0.13855695345882343,0.21540642154010667,0.0
1,0.13868465346804962,0.16752057250370764,0.0
1,0.13881247117106124,0.16032769599362875,0.0
1,0.13894040667633,0.18559849672306597,0.0
1,0.13906846009242746,0.21719435659621986,0.0
1,0.13919663152802525,0.10599698192564064,0.0
1,0.1393249210918952,0.15327681870777543,0.0
1,0.13945332889290937,0.15245625500115448,0.0
1,0.1395818550400402,0.17640138926775506,0.0
1,0.1397104996423605,0.14532362425245698,0.0
1,0.1398392628090436,0.222576050744677,0.0
1,0.13996814464936355,0.10642043069685829,0.0
1,0.14009714527269498,0.26134712385352576,0.0
1,0.14022626478851344,0.10730901366343769,0.0
1,0.14035550330639532,0.14447241296671393,0.0
1,0.14048486093601797,0.08895203462415324,0.0
1,0.14061433778715995,0.2015746757863807,0.0
1,0.14074393396970075,0.11093666542765718,0.0
1,0.14087364959362145,0.24660231194256596,0.0
1,0.14100348476900423,0.1389607833593608,0.0
1,0.14113343960603286,0.12832057224735752,0.0
1,0.1412635142149926,0.15121051909473673,0.0
1,0.14139370870627047,0.16541449662566826,0.0
1,0.14152402319035504,0.1702207015109498,0.0
1,0.1416544577778368,0.21963640095547773,0.0
1,0.14178501257940823,0.15931152598228673,0.0
1,0.14191568770586377,0.1703203504194119,0.0
1,0.14204648326809993,0.1016038969728301,0.0
1,0.14217739937711554,0.08579809014854581,0.0
1,0.1423084361440116,0.1001411796894912,0.0
1,0.14243959367999157,0.10744405262029741,0.0
1,0.14257087209636143,0.1636582246054108,0.0
1,0.14270227150452974,0.16897023928522606,0.0
1,0.14283379201600765,0.249877752035973,0.0
1,0.1429654337424092,0.113489812445336,0.0
1,0.14309719679545113,0.19542482165009137,0.0
1,0.1432290812869534,0.1471190164749746,0.0
1,0.14336108732883882,0.16054203055681623,0.0
1,0.14349321503313345,0.18122907525873816,0.0
1,0.1436254645119665,0.10991031429186844,0.0
1,0.1437578358775706,0.13040495733806978,0.0
1,0.14389032924228187,0.2087766762830413,0.0
1,0.14402294471853985,0.21675436209476603,0.0
1,0.1441556824188878,0.11535829082581034,0.0
1,0.1442885424559726,0.3026255929885622,0.0
1,0.14442152494254507,0.164303717668129,0.0
1,0.14455462999145988,0.14768884469782326,0.0
1,0.1446878577156757,0.1379835766851884,0.0
1,0.14482120822825534,0.06957313106471262,0.0
1,0.14495468164236583,0.14990869912364538,0.0
1,0.1450882780712784,0.29232940912502153,0.0
1,0.14522199762836882,0.24171743423449288,0.0
1,0.14535584042711727,0.22613196923032544,0.0
1,0.14548980658110852,0.1983049970725581,0.0
1,0.14562389620403204,0.14944518489830086,0.0
1,0.145758109409682,0.22506978776863612,0.0
1,0.14589244631195766,0.1403699777685998,0.0
1,0.146026907024863,0.24184941730454754,0.0
1,0.14616149166250728,0.14824490065082138,0.0
1,0.14629620033910473,0.1310964503105313,0.0
1,0.146431033168975,0.13703911591954201,0.0
1,0.14656599026654307,0.10439936447574423,0.0
1,0.14670107174633937,0.17674877672772674,0.0
1,0.14683627772299981,0.10618718004942329,0.0
1,0.1469716083112661,0.12894044784297892,0.0
1,0.14710706362598555,0.1862955520119247,0.0
1,0.14724264378211144,0.09951737038521051,0.0
1,0.14737834889470292,0.10094642289530206,0.0
1,0.14751417907892522,0.11940669079560963,0.0
1,0.1476501344500497,0.14866461802332206,0.0
1,0.14778621512345394,0.24762933335591902,0.0
1,0.1479224212146219,0.22523214164552008,0.0
1,0.14805875283914396,0.12219106924963058,0.0
1,0.14819521011271694,0.2240391028058308,0.0
1,0.14833179315114453,0.1043462175886824,0.0
1,0.14846850207033682,0.12191862577032818,0.0
1,0.14860533698631104,0.24774086640310242,0.0
1,0.14874229801519115,0.15536270812878528,0.0
1,0.14887938527320815,0.10747164954073164,0.0
1,0.14901659887670027,0.23469093250155926,0.0
1,0.1491539389421129,0.10994356121827084,0.0
1,0.14929140558599874,0.1644072095820634,0.0
1,0.1494289989250179,0.11831422594293596,0.0
1,0.14956671907593802,0.13958290129139697,0.0
1,0.1497045661556344,0.16532857300677417,0.0
1,0.14984254028109004,0.1276626974832975,0.0
1,0.1499806415693957,0.14079750521858428,0.0
1,0.1501188701377501,0.1637185638097583,0.0
1,0.15025722610345996,0.2052133372018302,0.0
1,0.15039570958394016,0.25073785536977544,0.0
1,0.15053432069671377,0.219067634580242,0.0
1,0.15067305955941215,0.11418139782219074,0.0
1,0.15081192628977508,0.22581612544069155,0.0
1,0.1509509210056508,0.15263940858953512,0.0
1,0.15109004382499638,0.16634572367402353,0.0
1,0.15122929486587733,0.15218634796634398,0.0
1,0.15136867424646816,0.15309869520454988,0.0
1,0.1515081820850522,0.14733997427935128,0.0
1,0.1516478185000218,0.16243734801139392,0.0
1,0.1517875836098785,0.18077539766596565,0.0
1,0.15192747753323302,0.08266186407116953,0.0
1,0.15206750038880534,0.14959397816379374,0.0
1,0.1522076522954249,0.1690989740807185,0.0
1,0.15234793337203065,0.15748710956357878,0.0
1,0.15248834373767126,0.13886636980654382,0.0
1,0.15262888351150491,0.18383440901946635,0.0
1,0.1527695528127998,0.13889372851577453,0.0
1,0.15291035176093398,0.21874353939592167,0.0
1,0.1530512804753954,0.19929779126273914,0.0
1,0.1531923390757824,0.1674522821645374,0.0
1,0.15333352768180333,0.2427655531286057,0.0
1,0.15347484641327697,0.2885453801415767,0.0
1,0.15361629539013244,0.174233331519506,0.0
1,0.15375787473240946,0.11144172278396063,0.0
1,0.15389958456025843,0.20172840858231716,0.0
1,0.15404142499394038,0.1365466099945888,0.0
1,0.15418339615382726,0.19028090669732495,0.0
1,0.15432549816040192,0.15135401605902307,0.0
1,0.15446773113425818,0.1549188977777623,0.0
1,0.15461009519610122,0.11462916459209613,0.0
1,0.15475259046674725,0.14080969271562555,0.0
1,0.1548952170671239,0.14221742861279663,0.0
1,0.1550379751182703,0.1989779291737478,0.0
1,0.15518086474133705,0.18473385834774517,0.0
1,0.1553238860575865,0.20483922396601686,0.0
1,0.15546703918839272,0.13156844535856474,0.0
1,0.15561032425524157,0.20488106919452792,0.0
1,0.15575374137973105,0.19889087718982476,0.0
1,0.15589729068357103,0.09516246262303946,0.0
1,0.15604097228858368,0.22421807133344587,0.0
1,0.15618478631670346,0.14864940501137572,0.0
1,0.15632873288997706,0.16990151212940935,0.0
1,0.1564728121305639,0.0727487047297361,0.0
1,0.1566170241607357,0.1795420003503132,0.0
1,0.1567613691028771,0.2116979211353129,0.0
1,0.15690584707948543,0.1722913947056446,0.0
1,0.15705045821317093,0.13019922919054736,0.0
1,0.1571952026266569,0.09857063554255623,0.0
1,0.15734008044277964,0.13062495249943099,0.0
1,0.15748509178448877,0.18773191956570184,0.0
1,0.15763023677484714,0.3334675135258035,0.0
1,0.157775515537031,0.15157621403668714,0.0
1,0.15792092819433035,0.13164094461567125,0.0
1,0.1580664748701485,0.14663789040022748,0.0
1,0.1582121556880027,0.18946115101271627,0.0
1,0.158357970771524,0.14709671224812781,0.0
1,0.15850392024445728,0.1727691814192808,0.0
1,0.1586500042306617,0.13850668236526892,0.0
1,0.15879622285411038,0.21017082768290074,0.0
1,0.15894257623889074,0.17111661600394543,0.0
1,0.1590890645092046,0.2075699871951856,0.0
1,0.15923568778936817,0.10554992458699983,0.0
1,0.1593824462038124,0.14974129026958716,0.0
1,0.1595293398770828,0.2837857806544596,0.0
1,0.1596763689338396,0.2513803498292866,0.0
1,0.1598235334988581,0.288047337447148,0.0
1,0.15997083369702841,0.12878992595662725,0.0
1,0.16011826965335596,0.20817794122222558,0.0
1,0.1602658414929612,0.1627700338677912,0.0
1,0.16041354934107996,0.181328497277497,0.0
1,0.1605613933230635,0.20147472587569074,0.0
1,0.1607093735643786,0.15901868297610988,0.0
1,0.1608574901906077,0.13564781091972464,0.0
1,0.16100574332744896,0.10269734968225405,0.0
1,0.16115413310071644,0.14803265630469808,0.0
1,0.16130265963634002,0.15757608401466866,0.0
1,0.16145132306036578,0.15951930443101678,0.0
1,0.16160012349895592,0.23165223237796068,0.0
1,0.16174906107838893,0.258808161691906,0.0
1,0.16189813592505967,0.17182250339214997,0.0
1,0.16204734816547947,0.21702326126240104,0.0
1,0.16219669792627625,0.18634101420232674,0.0
1,0.16234618533419473,0.21103453544355927,0.0
1,0.16249581051609638,0.20403235345056595,0.0
1,0.16264557359895954,0.22735703703223512,0.0
1,0.16279547470987968,0.09653845112718662,0.0
1,0.16294551397606927,0.15089514627273118,0.0
1,0.1630956915248582,0.15905017247033632,0.0
1,0.1632460074836936,0.21219831888649804,0.0
1,0.1633964619801401,0.2054521544210183,0.0
1,0.16354705514187984,0.159542446655078,0.0
1,0.16369778709671265,0.17675696334828905,0.0
1,0.16384865797255627,0.20169264700819786,0.0
1,0.1639996678974462,0.13575965071184964,0.0
1,0.16415081699953593,0.18662076716025325,0.0
1,0.16430210540709725,0.21491682435960097,0.0
1,0.16445353324851986,0.14806571651206674,0.0
1,0.1646051006523121,0.13877437335884954,0.0
1,0.16475680774710055,0.18673932810600324,0.0
1,0.16490865466163038,0.2157862146265908,0.0
1,0.16506064152476557,0.29446493955277464,0.0
1,0.16521276846548855,0.23786959073223504,0.0
1,0.16536503561290095,0.15904617828567888,0.0
1,0.16551744309622318,0.23672462466662178,0.0
1,0.1656699910447948,0.22315665887079217,0.0
1,0.16582267958807465,0.23569170981072038,0.0
1,0.1659755088556408,0.35387509228366404,0.0
1,0.16612847897719074,0.14960855534288156,0.0
1,0.16628159008254154,0.26428893348340426,0.0
1,0.16643484230162986,0.12273988968944068,0.0
1,0.1665882357645122,0.12627691295260127,0.0
1,0.16674177060136486,0.1990981962216709,0.0
1,0.16689544694248412,0.16430546671779866,0.0
1,0.1670492649182864,0.2871583078121315,0.0
1,0.16720322465930818,0.10249942970528858,0.0
1,0.16735732629620645,0.25483881149993426,0.0
1,0.16751156995975847,0.13795246266779024,0.0
1,0.16766595578086207,0.22469280271655798,0.0
1,0.16782048389053572,0.20878530253918706,0.0
1,0.16797515441991864,0.29672284949464384,0.0
1,0.16812996750027095,0.13551310552596946,0.0
1,0.16828492326297373,0.19873171472436732,0.0
1,0.16844002183952908,0.25765223477599253,0.0
1,0.16859526336156036,0.26830424817244175,0.0
1,0.1687506479608122,0.16813631464243073,0.0
1,0.1689061757691508,0.19350107356945126,0.0
1,0.16906184691856366,0.14058563087439532,0.0
1,0.16921766154116008,0.1348734936072325,0.0
1,0.1693736197691711,0.1713520318504126,0.0
1,0.16952972173494948,0.2546407927562436,0.0
1,0.16968596757097026,0.0815340797237502,0.0
1,0.16984235740983034,0.24832197075968382,0.0
1,0.16999889138424887,0.1471015236235607,0.0
1,0.17015556962706735,0.16353964540734547,0.0
1,0.17031239227124967,0.24160170355095117,0.0
1,0.17046935944988234,0.21145679974668896,0.0
1,0.1706264712961745,0.24306686821547746,0.0
1,0.17078372794345803,0.2131032617647411,0.0
1,0.1709411295251877,0.18194860337294497,0.0
1,0.17109867617494123,0.1160686023008923,0.0
1,0.17125636802641964,0.15900620301378243,0.0
1,0.17141420521344697,0.2929918353606272,0.0
1,0.17157218786997067,0.31211759401314826,0.0
1,0.17173031613006168,0.14945131310626986,0.0
1,0.17188859012791438,0.17024082927229603,0.0
1,0.17204700999784703,0.25877284292510405,0.0
1,0.17220557587430152,0.3062232042258178,0.0
1,0.17236428789184371,0.2408681369641884,0.0
1,0.17252314618516346,0.2539081568109325,0.0
1,0.17268215088907474,0.18436332653932938,0.0
1,0.17284130213851592,0.14118380084847196,0.0
1,0.17300060006854953,0.13789968389324825,0.0
1,0.17316004481436265,0.17774268206731936,0.0
1,0.17331963651126714,0.29334410228411234,0.0
1,0.17347937529469917,0.2460748536904587,0.0
1,0.17363926130022014,0.23928387269873547,0.0
1,0.17379929466351615,0.17117035917749202,0.0
1,0.17395947552039842,0.1833266639329893,0.0
1,0.1741198040068034,0.2559295183858104,0.0
1,0.17428028025879272,0.180778054989134,0.0
1,0.17444090441255347,0.2091802376345154,0.0
1,0.17460167660439824,0.16502103122370107,0.0
1,0.17476259697076518,0.11860954246674361,0.0
1,0.1749236656482184,0.3214822330871647,0.0
1,0.17508488277344766,0.1930471734171605,0.0
1,0.17524624848326878,0.19600114096759602,0.0
1,0.17540776291462368,0.18515534372646292,0.0
1,0.1755694262045804,0.2795768929558143,0.0
1,0.17573123849033354,0.2930923787752833,0.0
1,0.17589319990920388,0.18193906427094997,0.0
1,0.17605531059863894,0.1331272097087197,0.0
1,0.1762175706962128,0.23144180124993496,0.0
1,0.17637998033962635,0.21730900821809693,0.0
1,0.17654253966670752,0.33919247306293726,0.0
1,0.17670524881541116,0.2592810868249082,0.0
1,0.17686810792381924,0.15435180165376725,0.0
1,0.17703111713014105,0.2601087236118719,0.0
1,0.1771942765727132,0.2934768409936336,0.0
1,0.17735758638999988,0.3574977203536941,0.0
1,0.17752104672059288,0.17848648491396318,0.0
1,0.17768465770321165,0.15249217689141953,0.0
1,0.17784841947670357,0.16924788378185207,0.0
1,0.17801233218004386,0.20673668143656024,0.0
1,0.17817639595233603,0.16133943483529511,0.0
1,0.17834061093281167,0.14270322984078232,0.0
1,0.17850497726083064,0.21878199937932538,0.0
1,0.17866949507588134,0.18210990571240823,0.0
1,0.17883416451758066,0.13646730285158146,0.0
1,0.17899898572567427,0.16250788395007382,0.0
1,0.17916395884003652,0.4249008112264371,0.0
1,0.17932908400067066,0.18928087018034084,0.0
1,0.17949436134770919,0.1855866556495712,0.0
1,0.1796597910214134,0.12758820263641513,0.0
1,0.17982537316217426,0.252395207037213,0.0
1,0.17999110791051176,0.20888820899320687,0.0
1,0.1801569954070756,0.23268988981002503,0.0
1,0.18032303579264522,0.12952903926953932,0.0
1,0.18048922920812943,0.23003072010416073,0.0
1,0.18065557579456729,0.21374380802365306,0.0
1,0.18082207569312767,0.2068270569091419,0.0
1,0.18098872904510951,0.2619727629851385,0.0
1,0.18115553599194217,0.26723274739842634,0.0
1,0.18132249667518507,0.23897542048579898,0.0
1,0.18148961123652838,0.2567812307947779,0.0
1,0.1816568798177927,0.10683250879128077,0.0
1,0.1818243025609293,0.2898287354192056,0.0
1,0.1819918796080205,0.24616976150257525,0.0
1,0.1821596111012792,0.14725332706757863,0.0
1,0.1823274971830498,0.19914050337337794,0.0
1,0.1824955379958076,0.2834773340918724,0.0
1,0.1826637336821592,0.1727854534182357,0.0
1,0.18283208438484294,0.1409362633537881,0.0
1,0.18300059024672824,0.2996137391309544,0.0
1,0.1831692514108166,0.16701223285324177,0.0
1,0.18333806802024116,0.21748826498917131,0.0
1,0.18350704021826694,0.2514683707031707,0.0
1,0.18367616814829113,0.15610775831301113,0.0
1,0.18384545195384283,0.2575489569936839,0.0
1,0.18401489177858377,0.1174440002589162,0.0
1,0.18418448776630778,0.1716317754044259,0.0
1,0.18435424006094134,0.2935155689065064,0.0
1,0.18452414880654372,0.11535725261720951,0.0
1,0.1846942141473066,0.35201268535192365,0.0
1,0.18486443622755497,0.16034306854365457,0.0
1,0.18503481519174653,0.2383645030620743,0.0
1,0.1852053511844722,0.2069801530167658,0.0
1,0.18537604435045635,0.469464949518241,0.0
1,0.18554689483455633,0.23598194524382798,0.0
1,0.18571790278176342,0.31421809066941964,0.0
1,0.1858890683372023,0.13849151761005574,0.0
1,0.18606039164613142,0.21723515325938028,0.0
1,0.18623187285394324,0.25518199003460923,0.0
1,0.18640351210616396,0.24072282007408244,0.0
1,0.18657530954845417,0.21940359359833717,0.0
1,0.1867472653266086,0.2665596059033544,0.0
1,0.18691937958655624,0.2682752570481223,0.0
1,0.18709165247436083,0.2622979740047978,0.0
1,0.1872640841362205,0.22875780004996513,0.0
1,0.18743667471846823,0.2021408050098944,0.0
1,0.1876094243675718,0.16992300768325772,0.0
1,0.18778233323013405,0.342787710932067,0.0
1,0.1879554014528929,0.22259439126760372,0.0
1,0.18812862918272155,0.18237583318245634,0.0
1,0.1883020165666285,0.21911581183449622,0.0
1,0.1884755637517578,0.3267227193053765,0.0
1,0.18864927088538902,0.27939178342043086,0.0
1,0.1888231381149376,0.23495409943706222,0.0
1,0.18899716558795476,0.14810066584472048,0.0
1,0.18917135345212766,0.22724504926838537,0.0
1,0.18934570185527982,0.3220538923825366,0.0
1,0.1895202109453706,0.24878011640624972,0.0
1,0.18969488087049613,0.21489873680493632,0.0
1,0.18986971177888878,0.30006024024449907,0.0
1,0.19004470381891755,0.1535016784519781,0.0
1,0.1902198571390884,0.25285590848360207,0.0
1,0.1903951718880438,0.31256648094740086,0.0
1,0.19057064821456357,0.29065921810369694,0.0
1,0.19074628626756443,0.25337541560970733,0.0
1,0.1909220861961004,0.2064037428862454,0.0
1,0.19109804814936301,0.2627308472543458,0.0
1,0.191274172276681,0.23960592796540667,0.0
1,0.19145045872752103,0.2366161543479676,0.0
1,0.19162690765148735,0.2831765880307139,0.0
1,0.19180351919832211,0.20516695186908726,0.0
1,0.19198029351790563,0.19411191944780123,0.0
1,0.192157230760256,0.1747767142178024,0.0
1,0.19233433107553002,0.3023639044245794,0.0
1,0.19251159461402256,0.23731022290108733,0.0
1,0.1926890215261671,0.2361692542579573,0.0
1,0.19286661196253588,0.20200382527517655,0.0
1,0.19304436607383968,0.1802496687625333,0.0
1,0.1932222840109284,0.21793883241456374,0.0
1,0.19340036592479087,0.26663024984213524,0.0
1,0.19357861196655504,0.22302671781570876,0.0
1,0.19375702228748834,0.2383182446816507,0.0
1,0.19393559703899726,0.27030986929176043,0.0
1,0.19411433637262823,0.1493742479615545,0.0
1,0.19429324044006707,0.18506608397624272,0.0
1,0.1944723093931395,0.23799076929786486,0.0
1,0.19465154338381127,0.24478768818555155,0.0
1,0.19483094256418793,0.26035252253808333,0.0
1,0.19501050708651546,0.2657555487361227,0.0
1,0.19519023710318006,0.19908436483497524,0.0
1,0.19537013276670834,0.25041234084065805,0.0
1,0.19555019422976766,0.1795439337419483,0.0
1,0.19573042164516574,0.3751582873258948,0.0
1,0.19591081516585154,0.2482621481622033,0.0
1,0.1960913749449147,0.18629403349506996,0.0
1,0.196272101135586,0.2211369048367455,0.0
1,0.1964529938912376,0.1383486482893008,0.0
1,0.19663405336538287,0.25935959545989185,0.0
1,0.19681527971167664,0.27350042339510133,0.0
1,0.1969966730839155,0.25677114165544407,0.0
1,0.19717823363603756,0.2666803928896413,0.0
1,0.19735996152212312,0.23958678430339964,0.0
1,0.1975418568963942,0.22413896656919588,0.0
1,0.1977239199132151,0.21887326060314188,0.0
1,0.1979061507270924,0.2500495904470305,0.0
1,0.19808854949267488,0.26213947267819915,0.0
1,0.1982711163647542,0.212355641228262,0.0
1,0.19845385149826442,0.23548396119217554,0.0
1,0.19863675504828243,0.2424135050429831,0.0
1,0.19881982717002813,0.2056292356550208,0.0
1,0.19900306801886433,0.20769254172598633,0.0
1,0.19918647775029727,0.2801832044123634,0.0
1,0.1993700565199763,0.20802676755345764,0.0
1,0.19955380448369422,0.1808982104646137,0.0
1,0.1997377217973877,0.16625934523918734,0.0
1,0.19992180861713663,0.29459581980794025,0.0
1,0.20010606509916523,0.22143667819251595,0.0
1,0.20029049139984148,0.21200492689916733,0.0
1,0.2004750876756774,0.16491894495810808,0.0
1,0.20065985408332954,0.24088687389738977,0.0
1,0.20084479077959844,0.2074043061003142,0.0
1,0.20102989792142953,0.23920424135595286,0.0
1,0.20121517566591268,0.2877841942400158,0.0
1,0.2014006241702825,0.24161175764350923,0.0
1,0.2015862435919188,0.34733447386528277,0.0
1,0.20177203408834596,0.2971075769590329,0.0
1,0.20195799581723406,0.3421893822596479,0.0
1,0.20214412893639813,0.2016126626488393,0.0
1,0.20233043360379876,0.2513961974276746,0.0
1,0.2025169099775423,0.24641139098839132,0.0
1,0.20270355821588038,0.21750633274984071,0.0
1,0.20289037847721098,0.1984181085213534,0.0
1,0.20307737092007777,0.18436666785314348,0.0
1,0.20326453570317055,0.2745631293433509,0.0
1,0.20345187298532558,0.2775726219558394,0.0
1,0.2036393829255252,0.23677831668283733,0.0
1,0.20382706568289854,0.19519262109352636,0.0
1,0.2040149214167213,0.34347021965884106,0.0
1,0.2042029502864159,0.2213885501523161,0.0
1,0.2043911524515519,0.20937187681677,0.0
1,0.20457952807184557,0.1251457369296313,0.0
1,0.20476807730716076,0.40704285087505643,0.0
1,0.20495680031750843,0.32686719392313224,0.0
1,0.20514569726304704,0.3815239280037873,0.0
1,0.20533476830408287,0.22552098120814348,0.0
1,0.20552401360106953,0.19748518688816186,0.0
1,0.20571343331460892,0.32577777330414665,0.0
1,0.2059030276054507,0.23168026794228602,0.0
1,0.2060927966344928,0.22373267646515277,0.0
1,0.20628274056278148,0.3700239860792581,0.0
1,0.2064728595515112,0.33015084048937293,0.0
1,0.2066631537620253,0.27016276717520277,0.0
1,0.2068536233558156,0.28367551805994906,0.0
1,0.2070442684945228,0.3753026181011041,0.0
1,0.20723508933993662,0.244633770045373,0.0
1,0.2074260860539959,0.2615705617549825,0.0
1,0.20761725879878867,0.28445420506568386,0.0
1,0.20780860773655238,0.25833536817218,0.0
1,0.20800013302967393,0.3696479403464557,0.0
1,0.2081918348406901,0.36109866451562406,0.0
1,0.20838371333228722,0.20594294926979623,0.0
1,0.2085757686673017,0.3286019448507597,0.0
1,0.20876800100871998,0.25756074604466445,0.0
1,0.20896041051967867,0.18361183883209792,0.0
1,0.20915299736346493,0.2498059090976345,0.0
1,0.20934576170351615,0.24981105705280923,0.0
1,0.2095387037034205,0.20002460664193694,0.0
1,0.20973182352691694,0.21954550772680467,0.0
1,0.20992512133789518,0.23786602362389525,0.0
1,0.21011859730039623,0.19605167849744123,0.0
1,0.21031225157861208,0.23019610962273165,0.0
1,0.21050608433688603,0.27870291544456155,0.0
1,0.21070009573971316,0.20763001632871705,0.0
1,0.21089428595173962,0.279553536485193,0.0
1,0.21108865513776384,0.2581504415075084,0.0
1,0.21128320346273582,0.20517009062818664,0.0
1,0.21147793109175766,0.26325790462896503,0.0
1,0.21167283819008373,0.3170415136357908,0.0
1,0.21186792492312043,0.25609527192460446,0.0
1,0.21206319145642694,0.25603033995049995,0.0
1,0.2122586379557148,0.27931887058908555,0.0
1,0.21245426458684835,0.18491825141386248,0.0
1,0.2126500715158449,0.14706206898283333,0.0
1,0.21284605890887448,0.22979622209452888,0.0
1,0.2130422269322606,0.2323119447586507,0.0
1,0.21323857575247987,0.21486251696608671,0.0
1,0.21343510553616232,0.23400411233859225,0.0
1,0.2136318164500918,0.33911469133077815,0.0
1,0.21382870866120543,0.3703796915270518,0.0
1,0.21402578233659464,0.19882629958819478,0.0
1,0.21422303764350456,0.2631350360555159,0.0
1,0.21442047474933454,0.24741907624972137,0.0
1,0.2146180938216384,0.3382879980069148,0.0
1,0.21481589502812398,0.22943289072309456,0.0
1,0.2150138785366541,0.2661366248786493,0.0
1,0.2152120445152461,0.2512069087605107,0.0
1,0.21541039313207203,0.2686705788523221,0.0
1,0.21560892455545935,0.29806460073151786,0.0
1,0.21580763895389013,0.20790395000832274,0.0
1,0.21600653649600218,0.32834731146389395,0.0
1,0.2162056173505885,0.30316998270548534,0.0
1,0.21640488168659758,0.24101243425494284,0.0
1,0.21660432967313398,0.31050603743646343,0.0
1,0.2168039614794576,0.1878659661621409,0.0
1,0.2170037772749848,0.2824601386832431,0.0
1,0.21720377722928783,0.1766751029639614,0.0
1,0.21740396151209526,0.283326399415325,0.0
1,0.21760433029329224,0.20323607571353092,0.0
1,0.21780488374292017,0.2022937234169835,0.0
1,0.21800562203117754,0.17233456070014724,0.0
1,0.21820654532841946,0.24486079759548993,0.0
1,0.21840765380515806,0.30233312702405185,0.0
1,0.21860894763206282,0.3104801518096711,0.0
1,0.21881042697996025,0.2456918846449952,0.0
1,0.2190120920198345,0.2542775138783152,0.0
1,0.2192139429228272,0.3179620703563192,0.0
1,0.21941597986023767,0.29982538846661444,0.0
1,0.2196182030035233,0.3002435168268024,0.0
1,0.21982061252429935,0.2600661345930662,0.0
1,0.22002320859433924,0.25874878676779095,0.0
1,0.22022599138557478,0.23138293837322316,0.0
1,0.22042896107009613,0.20227933090717024,0.0
1,0.22063211782015224,0.30996755131242415,0.0
1,0.22083546180815064,0.40326242826786995,0.0
1,0.2210389932066578,0.23652390765431314,0.0
1,0.22124271218839936,0.25691055057803286,0.0
1,0.22144661892625986,0.3410742172487154,0.0
1,0.2216507135932835,0.22619619781177602,0.0
1,0.2218549963626738,0.30878393099685797,0.0
1,0.22205946740779392,0.24092278710598045,0.0
1,0.2222641269021669,0.29484392300258966,0.0
1,0.22246897501947546,0.20788968683899706,0.0
1,0.2226740119335627,0.45117380060083023,0.0
1,0.22287923781843177,0.2655245590166892,0.0
1,0.22308465284824613,0.3119847333693182,0.0
1,0.22329025719733003,0.3836400409570099,0.0
1,0.22349605104016798,0.2813628797526037,0.0
1,0.22370203455140567,0.22194984482660443,0.0
1,0.22390820790584956,0.3713550132220795,0.0
1,0.2241145712784672,0.22140962720588253,0.0
1,0.22432112484438763,0.30491075243275734,0.0
1,0.2245278687789009,0.19410054184063116,0.0
1,0.224734803257459,0.22400916887067993,0.0
1,0.22494192845567543,0.3330903668248669,0.0
1,0.2251492445493255,0.25745767129974056,0.0
1,0.2253567517143468,0.36645414134698917,0.0
1,0.2255644501268386,0.1792797777986208,0.0
1,0.22577233996306292,0.25890146776358763,0.0
1,0.22598042139944402,0.29793327581261786,0.0
1,0.2261886946125687,0.22907651777800872,0.0
1,0.22639715977918684,0.3155511831735797,0.0
1,0.2266058170762107,0.318835727497104,0.0
1,0.226814666680716,0.3125190562347564,0.0
1,0.22702370876994157,0.5109523817923183,0.0
1,0.22723294352128948,0.31465591104800655,0.0
1,0.2274423711123255,0.36486278265945055,0.0
1,0.22765199172077868,0.31825527743309096,0.0
1,0.22786180552454238,0.32796325963494805,0.0
1,0.22807181270167354,0.2153977652845363,0.0
1,0.22828201343039325,0.3050128101261341,0.0
1,0.22849240788908712,0.22566916531607362,0.0
1,0.22870299625630475,0.26284182343609536,0.0
1,0.22891377871076068,0.37402861756799094,0.0
1,0.22912475543133395,0.29298801580460915,0.0
1,0.22933592659706845,0.27241385713976524,0.0
1,0.22954729238717334,0.23411656725775348,0.0
1,0.2297588529810225,0.34653936964959636,0.0
1,0.2299706085581556,0.2921094822305533,0.0
1,0.23018255929827747,0.3066290954117225,0.0
1,0.23039470538125859,0.19565325840620704,0.0
1,0.23060704698713544,0.2617500016748149,0.0
1,0.23081958429611021,0.2312312114056833,0.0
1,0.23103231748855124,0.2481286321267288,0.0
1,0.2312452467449931,0.30558177935001524,0.0
1,0.2314583722461367,0.33466421051083156,0.0
1,0.2316716941728496,0.33340841002552757,0.0
1,0.23188521270616602,0.2760497300426615,0.0
1,0.232098928027287,0.21141777228381242,0.0
1,0.23231284031758054,0.43498648423069664,0.0
1,0.2325269497585818,0.28825462771114485,0.0
1,0.23274125653199346,0.25263962943956186,0.0
1,0.2329557608196854,0.2859362183839104,0.0
1,0.23317046280369516,0.16051935547905466,0.0
1,0.23338536266622834,0.26660327041065945,0.0
1,0.23360046058965794,0.2043216069163159,0.0
1,0.23381575675652555,0.3365116499672186,0.0
1,0.23403125134954078,0.2905972413786243,0.0
1,0.23424694455158152,0.3030255638153488,0.0
1,0.23446283654569455,0.2885660725719675,0.0
1,0.2346789275150949,0.22924616602686806,0.0
1,0.23489521764316684,0.34118260864885475,0.0
1,0.2351117071134635,0.2833559502826348,0.0
1,0.23532839610970713,0.31308824964083837,0.0
1,0.2355452848157895,0.2545975999079573,0.0
1,0.23576237341577155,0.2802628247970755,0.0
1,0.23597966209388418,0.33431886477370193,0.0
1,0.2361971510345279,0.3893201360493137,0.0
1,0.23641484042227318,0.3326693783866428,0.0
1,0.23663273044186076,0.33832343365488315,0.0
1,0.23685082127820134,0.3489987865989941,0.0
1,0.23706911311637635,0.2124326486822893,0.0
1,0.23728760614163763,0.3283824683652907,0.0
1,0.23750630053940774,0.19815116028124138,0.0
1,0.23772519649528037,0.3616185063294781,0.0
1,0.23794429419501983,0.2473916341018152,0.0
1,0.2381635938245621,0.18347531939689668,0.0
1,0.2383830955700142,0.2728812537306981,0.0
1,0.23860279961765476,0.3703060317781018,0.0
1,0.2388227061539343,0.23574473706400942,0.0
1,0.23904281536547478,0.35350316433796164,0.0
1,0.23926312743907055,0.20568218774815678,0.0
1,0.2394836425616879,0.426183553143947,0.0
1,0.23970436092046538,0.231212097734718,0.0
1,0.23992528270271432,0.3835021484979663,0.0
1,0.24014640809591828,0.27814944537606195,0.0
1,0.24036773728773395,0.406424498848736,0.0
1,0.24058927046599082,0.3000492271701882,0.0
1,0.2408110078186914,0.31547055749985653,0.0
1,0.24103294953401186,0.3161846163712001,0.0
1,0.24125509580030116,0.31907239795146364,0.0
1,0.24147744680608246,0.39228277658041855,0.0
1,0.24170000274005238,0.2686516188574401,0.0
1,0.24192276379108138,0.30394802176374824,0.0
1,0.24214573014821428,0.41207652527510025,0.0
1,0.24236890200066988,0.49716049302460447,0.0
1,0.24259227953784143,0.241462940266583,0.0
1,0.24281586294929677,0.2408960987837187,0.0
1,0.2430396524247784,0.2843263095960916,0.0
1,0.24326364815420384,0.23850171481804616,0.0
1,0.24348785032766546,0.2807095865064072,0.0
1,0.2437122591354309,0.33414538984320735,0.0
1,0.24393687476794318,0.3290874751598493,0.0
1,0.24416169741582078,0.17790142091553823,0.0
1,0.244386727269858,0.5032699511579801,0.0
1,0.24461196452102485,0.33516528465867024,0.0
1,0.24483740936046738,0.27388148489279984,0.0
1,0.24506306197950783,0.38882844998522065,0.0
1,0.24528892256964466,0.24445155179875486,0.0
1,0.24551499132255308,0.38586333269197776,0.0
1,0.2457412684300847,0.32242818101376247,0.0
1,0.24596775408426802,0.3816451597836639,0.0
1,0.2461944484773087,0.3221962387415831,0.0
1,0.24642135180158917,0.40926776757300337,0.0
1,0.24664846424966955,0.3086923140201964,0.0
1,0.2468757860142872,0.3925625915604929,0.0
1,0.24710331728835716,0.25198253990667285,0.0
1,0.24733105826497245,0.24903425207075117,0.0
1,0.2475590091374037,0.34400513268690674,0.0
1,0.24778717009909998,0.31838511008438736,0.0
1,0.2480155413436885,0.26178704220253207,0.0
1,0.2482441230649749,0.3433625332348734,0.0
1,0.2484729154569437,0.30673581266451283,0.0
1,0.2487019187137577,0.2910916818792584,0.0
1,0.24893113302975925,0.4838800616112721,0.0
1,0.24916055859946934,0.27966008479269305,0.0
1,0.24939019561758838,0.30783475987828407,0.0
1,0.2496200442789965,0.39415708370876973,0.0
1,0.24985010477875289,0.42924712124024,0.0
1,0.25008037731209704,0.4641798267428633,0.0
1,0.2503108620744481,0.19813849826264548,0.0
1,0.2505415592614053,0.42344241983262115,0.0
1,0.2507724690687485,0.6010503245797932,0.0
1,0.2510035916924374,0.3753181644104997,0.0
1,0.25123492732861286,0.4189345874312916,0.0
1,0.2514664761735962,0.29306679532773233,0.0
1,0.2516982384238898,0.45214152282416836,0.0
1,0.2519302142761772,0.3656073976031367,0.0
1,0.25216240392732286,0.2977850961870083,0.0
1,0.2523948075743732,0.25643945002896407,0.0
1,0.2526274254145559,0.570084496447481,0.0
1,0.2528602576452805,0.5019866627589396,0.0
1,0.2530933044641386,0.5003057103316523,0.0
1,0.2533265660689035,0.40255022133662294,0.0
1,0.2535600426575314,0.4854096563241318,0.0
1,0.25379373442816044,0.29271116526894153,0.0
1,0.25402764157911156,0.26527586758966387,0.0
1,0.2542617643088886,0.40682188928035645,0.0
1,0.25449610281617796,0.26960861963874394,0.0
1,0.2547306572998496,0.2561754644828861,0.0
1,0.2549654279589566,0.1992443219085796,0.0
1,0.2552004149927353,0.30557562561850854,0.0
1,0.2554356186006061,0.3919322195383408,0.0
1,0.2556710389821728,0.40016146951664777,0.0
1,0.2559066763372233,0.26981232025792806,0.0
1,0.25614253086572963,0.44737065268295,0.0
1,0.25637860276784813,0.34508359289930096,0.0
1,0.25661489224391965,0.41079782022080524,0.0
1,0.2568513994944696,0.3333846335862406,0.0
1,0.25708812472020826,0.29161947535758687,0.0
1,0.25732506812203093,0.3875690539509804,0.0
1,0.25756222990101785,0.4804383107952018,0.0
1,0.2577996102584349,0.2891483712211114,0.0
1,0.2580372093957333,0.3344077870026936,0.0
1,0.2582750275145499,0.29258514068005026,0.0
1,0.2585130648167074,0.32529654619652043,0.0
1,0.2587513215042145,0.2974338580137966,0.0
1,0.25898979777926623,0.4334765374323529,0.0
1,0.2592284938442438,0.2868274877958575,0.0
1,0.2594674099017149,0.33871200064971846,0.0
1,0.2597065461544343,0.33429513389894655,0.0
1,0.25994590280534297,0.2333566494370479,0.0
1,0.26018548005756953,0.3638302667835106,0.0
1,0.26042527811442956,0.3074782208495938,0.0
1,0.260665297179426,0.4479921853485202,0.0
1,0.26090553745624945,0.5060937882581168,0.0
1,0.26114599914877806,0.39935606639863636,0.0
1,0.2613866824610782,0.28406607168930237,0.0
1,0.26162758759740395,0.24670877304155656,0.0
1,0.26186871476219786,0.40639195388968474,0.0
1,0.26211006416009097,0.43897712340200457,0.0
1,0.26235163599590255,0.4707433414990408,0.0
1,0.2625934304746412,0.2828502287271895,0.0
1,0.26283544780150386,0.3164041715631624,0.0
1,0.26307768818187705,0.5194042568991248,0.0
1,0.2633201518213365,0.42524642559323916,0.0
1,0.2635628389256471,0.43354856271354253,0.0
1,0.2638057497007637,0.4708173810257441,0.0
1,0.26404888435283097,0.32609440541961726,0.0
1,0.2642922430881833,0.413677025107511,0.0
1,0.26453582611334564,0.3594922359622515,0.0
1,0.2647796336350328,0.3376641909839072,0.0
1,0.26502366586015064,0.2603079664299795,0.0
1,0.26526792299579527,0.3409308245257978,0.0
1,0.26551240524925385,0.4639948329661617,0.0
1,0.2657571128280047,0.2862252089160937,0.0
1,0.26600204593971705,0.4360464202282594,0.0
1,0.2662472047922519,0.24739267154512715,0.0
1,0.2664925895936615,0.388358963097629,0.0
1,0.26673820055219,0.3651438159633631,0.0
1,0.26698403787627367,0.29055116007157267,0.0
1,0.2672301017745404,0.24489651089258427,0.0
1,0.2674763924558108,0.3530908537683953,0.0
1,0.2677229101290977,0.5779328813537784,0.0
1,0.26796965500360664,0.3568272757265398,0.0
1,0.26821662728873613,0.3889712144592227,0.0
1,0.2684638271940773,0.50681716329769,0.0
1,0.2687112549294148,0.48463740793767085,0.0
1,0.26895891070472644,0.29397423630683767,0.0
1,0.2692067947301836,0.3148673343839311,0.0
1,0.2694549072161514,0.4042368519770954,0.0
1,0.2697032483731888,0.4745079699871429,0.0
1,0.26995181841204885,0.446446374216741,0.0
1,0.2702006175436788,0.3432795735670363,0.0
1,0.2704496459792203,0.24543893718057497,0.0
1,0.2706989039300096,0.33578568221472255,0.0
1,0.27094839160757794,0.4625968654035198,0.0
1,0.2711981092236512,0.4002029278018442,0.0
1,0.2714480569901505,0.3629582489861169,0.0
1,0.27169823511919233,0.49912794496803015,0.0
1,0.27194864382308875,0.41156694083029643,0.0
1,0.27219928331434734,0.28032437485349393,0.0
1,0.27245015380567156,0.435907442974597,0.0
1,0.272701255509961,0.5112677842251315,0.0
1,0.27295258864031124,0.328732568784229,0.0
1,0.2732041534100147,0.3295391492086849,0.0
1,0.27345595003255996,0.5349985892040972,0.0
1,0.27370797872163244,0.32787193353891725,0.0
1,0.27396023969111477,0.3541122552465616,0.0
1,0.27421273315508626,0.36886734467340326,0.0
1,0.27446545932782396,0.32400899837683217,0.0
1,0.2747184184238021,0.2921396649317135,0.0
1,0.2749716106576927,0.33471322560675865,0.0
1,0.2752250362443658,0.5027163175114409,0.0
1,0.275478695398889,0.3854127941924297,0.0
1,0.2757325883365286,0.4849807521579354,0.0
1,0.2759867152727491,0.3202828403499359,0.0
1,0.27624107642321344,0.3156812873925409,0.0
1,0.2764956720037838,0.24680464006439656,0.0
1,0.2767505022305206,0.40728970686220267,0.0
1,0.27700556731968407,0.3360669334653088,0.0
1,0.2772608674877333,0.5161098940077632,0.0
1,0.277516402951327,0.2557573988387282,0.0
1,0.27777217392732384,0.6237912959483409,0.0
1,0.27802818063278184,0.4872295212815198,0.0
1,0.2782844232849595,0.3147416306310791,0.0
1,0.2785409021013154,0.29619692719790885,0.0
1,0.27879761729950836,0.40863575419545,0.0
1,0.2790545690973983,0.371200248446896,0.0
1,0.2793117577130453,0.324147671647753,0.0
1,0.27956918336471087,0.2854657932844587,0.0
1,0.2798268462708576,0.29590147531869754,0.0
1,0.2800847466501491,0.5123240337771542,0.0
1,0.2803428847214512,0.3636619485085023,0.0
1,0.2806012607038305,0.290246543813788,0.0
1,0.28085987481655644,0.4626106349998025,0.0
1,0.2811187272790999,0.46267726545987997,0.0
1,0.2813778183111343,0.39725014906543415,0.0
1,0.2816371481325356,0.4480296892188795,0.0
1,0.2818967169633821,0.38811025869398863,0.0
1,0.28215652502395516,0.40115927102179605,0.0
1,0.28241657253473923,0.280318154470571,0.0
1,0.2826768597164217,0.47090899119646673,0.0
1,0.2829373867898937,0.3629048310897649,0.0
1,0.28319815397624953,0.5749932380986251,0.0
1,0.2834591614967877,0.3779783699572091,0.0
1,0.2837204095730103,0.29862037135917585,0.0
1,0.28398189842662375,0.2930807349848872,0.0
1,0.2842436282795389,0.41843892281087547,0.0
1,0.284505599353871,0.4946331835138373,0.0
1,0.28476781187193984,0.3418068003726205,0.0
1,0.28503026605627046,0.44780908809176523,0.0
1,0.28529296212959265,0.44207685778058425,0.0
1,0.2855559003148418,0.5046055126372783,0.0
1,0.28581908083515856,0.5255361071249686,0.0
1,0.28608250391388923,0.2424665493763872,0.0
1,0.2863461697745861,0.5299692353169363,0.0
1,0.2866100786410073,0.3630345942456249,0.0
1,0.2868742307371174,0.6315714718830856,0.0
1,0.28713862628708714,0.4768892858034445,0.0
1,0.28740326551529405,0.3514159112804956,0.0
1,0.2876681486463226,0.2838088628615901,0.0
1,0.28793327590496376,0.23615124859032902,0.0
1,0.28819864751621616,0.3730298361939859,0.0
1,0.2884642637052855,0.31591766140880395,0.0
1,0.2887301246975852,0.42250218550387497,0.0
1,0.2889962307187365,0.368559665916711,0.0
1,0.2892625819945681,0.3111870315893385,0.0
1,0.28952917875111756,0.32803419389974053,0.0
1,0.2897960212146303,0.34043389576627986,0.0
1,0.29006310961156023,0.45690037528114746,0.0
1,0.2903304441685703,0.40346082206541284,0.0
1,0.2905980251125319,0.46911587648902076,0.0
1,0.29086585267052606,0.370938255886654,0.0
1,0.29113392706984265,0.4376539606655578,0.0
1,0.2914022485379811,0.4024715477117969,0.0
1,0.2916708173026509,0.306280306043894,0.0
1,0.29193963359177066,0.4867780153574637,0.0
1,0.2922086976334699,0.5165470858296517,0.0
1,0.2924780096560878,0.372067611494405,0.0
1,0.292747569888174,0.46649556347859217,0.0
1,0.2930173785584894,0.29443455723089457,0.0
1,0.29328743589600487,0.453779772008437,0.0
1,0.29355774212990293,0.39014008380085313,0.0
1,0.29382829748957706,0.3097068665763514,0.0
1,0.2940991022046322,0.4380090606308897,0.0
1,0.2943701565048851,0.39587689058287734,0.0
1,0.2946414606203639,0.4116492663006844,0.0
1,0.2949130147813091,0.25269137084881665,0.0
1,0.2951848192181733,0.3275437502063109,0.0
1,0.2954568741616214,0.35428178133548255,0.0
1,0.2957291798425312,0.35964822064624075,0.0
1,0.29600173649199274,0.41489118746522197,0.0
1,0.29627454434130956,0.36185238589072766,0.0
1,0.29654760362199817,0.44235527143234965,0.0
1,0.29682091456578835,0.3666099646538205,0.0
1,0.2970944774046238,0.34944685254205654,0.0
1,0.2973682923706614,0.3174623773842612,0.0
1,0.29764235969627273,0.2971750007594198,0.0
1,0.297916679614043,0.4319742070233725,0.0
1,0.2981912523567718,0.44665242062269034,0.0
1,0.2984660781574737,0.4257019319719545,0.0
1,0.29874115724937744,0.5069546701312364,0.0
1,0.29901648986592727,0.5823760009099584,0.0
1,0.2992920762407822,0.39488385723272296,0.0
1,0.2995679166078167,0.4020181563341673,0.0
1,0.2998440112011209,0.3647534954198757,0.0
1,0.3001203602550006,0.4453098246654766,0.0
1,0.30039696400397753,0.3695362172197666,0.0
1,0.3006738226827895,0.31181391558691934,0.0
1,0.3009509365263908,0.3454396033289387,0.0
1,0.30122830576995224,0.7717843267062111,0.0
1,0.3015059306488613,0.5005426518807297,0.0
1,0.3017838113987224,0.31759910624701804,0.0
1,0.3020619482553572,0.36237713769145535,0.0
1,0.30234034145480454,0.2852204233389592,0.0
1,0.3026189912333211,0.42522256520939183,0.0
1,0.30289789782738097,0.39804983203082983,0.0
1,0.3031770614736763,0.38766136193908435,0.0
1,0.30345648240911766,0.24838824570509968,0.0
1,0.3037361608708333,0.4187265107844883,0.0
1,0.3040160970961709,0.4268065601531606,0.0
1,0.30429629132269614,0.4722410795790519,0.0
1,0.30457674378819394,0.5193044055469886,0.0
1,0.3048574547306686,0.6012247419268472,0.0
1,0.30513842438834327,0.4545843955920818,0.0
1,0.3054196529996611,0.3644926692953011,0.0
1,0.3057011408032848,0.270287725372775,0.0
1,0.305982888038097,0.4147343577132109,0.0
1,0.3062648949432008,0.6703191361162743,0.0
1,0.3065471617579191,0.29776186819798517,0.0
1,0.30682968872179595,0.4949919860613713,0.0
1,0.30711247607459585,0.38282510726071384,0.0
1,0.3073955240563043,0.33706959021056604,0.0
1,0.3076788329071283,0.3424993400030016,0.0
1,0.3079624028674956,0.391799055541418,0.0
1,0.30824623417805613,0.5571576831951071,0.0
1,0.3085303270796814,0.2433637786820978,0.0
1,0.30881468181346483,0.3554250037842903,0.0
1,0.3090992986207223,0.40622760518756695,0.0
1,0.30938417774299165,0.5609365481197626,0.0
1,0.3096693194220338,0.524976617486425,0.0
1,0.30995472389983225,0.39995039792971054,0.0
1,0.3102403914185935,0.3646546599288019,0.0
1,0.31052632222074755,0.3664418615126015,0.0
1,0.3108125165489473,0.6135864129362728,0.0
1,0.31109897464606984,0.33190595882877505,0.0
1,0.3113856967552159,0.3284098112795402,0.0
1,0.31167268311971,0.5041513438747766,0.0
1,0.31195993398310157,0.44194007783542577,0.0
1,0.3122474495891637,0.40143434291354774,0.0
1,0.3125352301818947,0.3984383680186901,0.0
1,0.3128232760055177,0.411750435892102,0.0
1,0.31311158730448063,0.3558594331228902,0.0
1,0.3134001643234572,0.330740273647031,0.0
1,0.31368900730734595,0.43819557164400696,0.0
1,0.3139781165012718,0.3208894538523974,0.0
1,0.3142674921505852,0.4660231883271082,0.0
1,0.31455713450086276,0.5074997231765124,0.0
1,0.31484704379790757,0.5436216828558833,0.0
1,0.3151372202877492,0.4265167668422441,0.0
1,0.3154276642166439,0.5098161850708613,0.0
1,0.3157183758310749,0.6772791617589812,0.0
1,0.31600935537775265,0.48087005056150084,0.0
1,0.316300603103615,0.5516082803317308,0.0
1,0.31659211925582736,0.36797825945804036,0.0
1,0.31688390408178285,0.3299615806104431,0.0
1,0.31717595782910274,0.4551914789944552,0.0
1,0.3174682807456363,0.5496522854587943,0.0
1,0.3177608730794616,0.354387539831818,0.0
1,0.318053735078885,0.7122823944088714,0.0
1,0.3183468669924419,0.5031072434178936,0.0
1,0.31864026906889664,0.44424787857382403,0.0
1,0.31893394155724286,0.6742631568974696,0.0
1,0.3192278847067038,0.44030603342293895,0.0
1,0.3195220987667323,0.501350896150117,0.0
1,0.3198165839870112,0.4599214442751179,0.0
1,0.3201113406174531,0.5405485933420977,0.0
1,0.3204063689082014,0.4829630778713177,0.0
1,0.3207016691096299,0.40778602623545535,0.0
1,0.320997241472343,0.2314675415166161,0.0
1,0.3212930862471762,0.49171065429420857,0.0
1,0.32158920368519606,0.6031371868367356,0.0
1,0.3218855940377008,0.4814428562015525,0.0
1,0.32218225755621993,0.43249530859331276,0.0
1,0.322479194492515,0.6168259022377994,0.0
1,0.3227764050985795,0.26982256069329436,0.0
1,0.32307388962663913,0.4574071894561743,0.0
1,0.32337164832915216,0.7267261068789554,0.0
1,0.32366968145880953,0.44931439499515424,0.0
1,0.32396798926853493,0.4768940631089221,0.0
1,0.3242665720114853,0.617582233850112,0.0
1,0.32456542994105075,0.5341944765251085,0.0
1,0.32486456331085517,0.354855943125663,0.0
1,0.32516397237475597,0.5797320824182632,0.0
1,0.3254636573868447,0.433700255012868,0.0
1,0.32576361860144687,0.4677614994636243,0.0
1,0.32606385627312257,0.4410943674564876,0.0
1,0.32636437065666646,0.5501852545847512,0.0
1,0.3266651620071081,0.6754852606463944,0.0
1,0.3269662305797119,0.5751027353569288,0.0
1,0.32726757662997774,0.6045256234835905,0.0
1,0.32756920041364074,0.568976543228637,0.0
1,0.32787110218667204,0.46335107634333894,0.0
1,0.32817328220527847,0.32597700449649464,0.0
1,0.328475740725903,0.6301831184893021,0.0
1,0.3287784780052251,0.38453890175747846,0.0
1,0.3290814943001605,0.4161203716443393,0.0
1,0.32938478986786207,0.5523579512380083,0.0
1,0.3296883649657195,0.4642325550295331,0.0
1,0.32999221985135974,0.30614689059124267,0.0
1,0.3302963547826471,0.647392525607326,0.0
1,0.3306007700176836,0.4449057104281168,0.0
1,0.33090546581480934,0.6999724918732627,0.0
1,0.3312104424326021,0.5365538128317057,0.0
1,0.3315157001298784,0.5304683990779144,0.0
1,0.33182123916569284,0.4139914621868022,0.0
1,0.3321270597993393,0.35527801614986865,0.0
1,0.33243316229035036,0.41899845307412614,0.0
1,0.33273954689849766,0.5103565022068589,0.0
1,0.3330462138837925,0.3372576068279349,0.0
1,0.33335316350648564,0.344282051456241,0.0
1,0.33366039602706793,0.5407041277715282,0.0
1,0.3339679117062701,0.5145409499645989,0.0
1,0.3342757108050632,0.3936100908263037,0.0
1,0.3345837935846588,0.5643559695881726,0.0
1,0.33489216030650926,0.303880283167508,0.0
1,0.335200811232308,0.522305739453194,0.0
1,0.33550974662398947,0.49435393404540007,0.0
1,0.3358189667437295,0.596786306524346,0.0
1,0.3361284718539458,0.5966105769890113,0.0
1,0.33643826221729756,0.5960926231550069,0.0
1,0.3367483380966865,0.5305130657182325,0.0
1,0.3370586997552562,0.5548135922733786,0.0
1,0.3373693474563931,0.6561394864894826,0.0
1,0.33768028146372614,0.6044603673154276,0.0
1,0.3379915020411273,0.42600232199781024,0.0
1,0.3383030094527121,0.5339098789927895,0.0
1,0.3386148039628389,0.6766794384863467,0.0
1,0.3389268858361101,0.3735472544963967,0.0
1,0.3392392553373717,0.888689705741645,0.0
1,0.3395519127317142,0.4706513440239753,0.0
1,0.339864858284472,0.37609227495322944,0.0
1,0.34017809226122425,0.5582672033945808,0.0
1,0.34049161492779484,0.6523524642351255,0.0
1,0.34080542655025253,0.4797326997460067,0.0
1,0.3411195273949116,0.5363380692990338,0.0
1,0.3414339177283314,0.5253866584470837,0.0
1,0.34174859781731737,0.5929491868228758,0.0
1,0.34206356792892045,0.7909958042038574,0.0
1,0.3423788283304378,0.24600269491777327,0.0
1,0.34269437928941326,0.7333781277026823,0.0
1,0.3430102210736369,0.5563345627301781,0.0
1,0.3433263539511456,0.5159419092405897,0.0
1,0.34364277819022343,0.6672663815216769,0.0
1,0.3439594940594016,0.4349441615431029,0.0
1,0.34427650182745906,0.4822017646742798,0.0
1,0.3445938017634222,0.39948709994275833,0.0
1,0.34491139413656535,0.5437320905447234,0.0
1,0.3452292792164112,0.5029394702592002,0.0
1,0.3455474572727307,0.6761299675601568,0.0
1,0.34586592857554355,0.6048767235485815,0.0
1,0.3461846933951182,0.5680838278262818,0.0
1,0.3465037520019723,0.45023585663305843,0.0
1,0.3468231046668728,0.6948987914910303,0.0
1,0.3471427516608359,0.4582944883425493,0.0
1,0.34746269325512813,0.4595117164301443,0.0
1,0.3477829297212657,0.604979254063607,0.0
1,0.348103461331015,0.4620792482408174,0.0
1,0.34842428835639294,0.7821620560367302,0.0
1,0.3487454110696674,0.398693571286927,0.0
1,0.34906682974335684,0.5810230957967318,0.0
1,0.34938854465023106,0.5537644456482588,0.0
1,0.34971055606331125,0.6309902493925362,0.0
1,0.35003286425587005,0.33328838588309023,0.0
1,0.3503554695014323,0.55945015809538,0.0
1,0.35067837207377467,0.555755865468563,0.0
1,0.35100157224692624,0.44299141147371085,0.0
1,0.35132507029516863,0.43002141872723987,0.0
1,0.3516488664930361,0.8254540125395535,0.0
1,0.3519729611153164,0.38961462569577676,0.0
1,0.35229735443704996,0.44649723600400454,0.0
1,0.3526220467335311,0.5003204176418785,0.0
1,0.35294703828030766,0.7096681864123114,0.0
1,0.35327232935318137,0.5507312890341748,0.0
1,0.3535979202282086,0.5053882875538621,0.0
1,0.3539238111816996,0.7449800122915244,0.0
1,0.3542500024902195,0.8210837786081846,0.0
1,0.3545764944305884,0.42902201101836684,0.0
1,0.3549032872798814,0.4016046613884418,0.0
1,0.3552303813154291,0.6802193042465261,0.0
1,0.35555777681481765,0.5618814889835203,0.0
1,0.3558854740558889,0.540317228384469,0.0
1,0.3562134733167409,0.5941749091337709,0.0
1,0.35654177487572797,0.6087536903240576,0.0
1,0.35687037901146107,0.6037746168804947,0.0
1,0.35719928600280787,0.6349712695866445,0.0
1,0.357528496128893,0.5976281139010575,0.0
1,0.3578580096690982,0.538426720678815,0.0
1,0.3581878269030632,0.34587746359181526,0.0
1,0.3585179481106851,0.5350708334435023,0.0
1,0.35884837357211885,0.6580130743199808,0.0
1,0.3591791035677778,0.6801227126401618,0.0
1,0.3595101383783338,0.5484907490110126,0.0
1,0.3598414782847172,0.7373148112023816,0.0
1,0.3601731235681174,0.41496322812184094,0.0
1,0.3605050745099829,0.5361977248441003,0.0
1,0.3608373313920217,0.587214655518432,0.0
1,0.361169894496201,0.3880779582014485,0.0
1,0.36150276410474863,0.5005466476442715,0.0
1,0.3618359405001519,0.7587132139898265,0.0
1,0.3621694239651587,0.4824126690191023,0.0
1,0.3625032147827775,0.4552563043722781,0.0
1,0.36283731323627755,0.7316921872053159,0.0
1,0.36317171960918937,0.445005440285773,0.0
1,0.3635064341853046,0.5246998999040768,0.0
1,0.3638414572486764,0.4806750440409233,0.0
1,0.3641767890836199,0.585092885654108,0.0
1,0.364512429974712,0.5725036272415021,0.0
1,0.36484838020679233,0.44664133967364705,0.0
1,0.36518464006496254,0.713302380826361,0.0
1,0.3655212098345874,0.6233099784372995,0.0
1,0.3658580898012944,0.5506158792258181,0.0
1,0.36619528025097464,0.34847477619753103,0.0
1,0.36653278146978235,0.7219223379838189,0.0
1,0.36687059374413566,0.746349416145788,0.0
1,0.36720871736071664,0.4799116055779104,0.0
1,0.3675471526064715,0.5486612756397199,0.0
1,0.3678858997686113,0.5103283493707891,0.0
1,0.3682249591346113,0.5892593077362147,0.0
1,0.36856433099221186,0.32424084221067906,0.0
1,0.3689040156294187,0.8491257257013611,0.0
1,0.3692440133345028,0.8535961349288252,0.0
1,0.36958432439600103,0.6339300430413837,0.0
1,0.36992494910271595,0.4557918695656609,0.0
1,0.3702658877437164,0.7075138719423418,0.0
1,0.3706071406083376,0.576707761633346,0.0
1,0.37094870798618146,0.6522013120738842,0.0
1,0.37129059016711696,0.4637383656646609,0.0
1,0.3716327874412799,0.687772088347628,0.0
1,0.3719753000990738,0.7118435795847017,0.0
1,0.3723181284311696,0.5106156735446171,0.0
1,0.3726612727285062,0.4367954549919544,0.0
1,0.3730047332822908,0.6514346021333786,0.0
1,0.3733485103839988,0.6548614471283573,0.0
1,0.3736926043253742,0.6506651748847698,0.0
1,0.3740370153984301,0.5486357105037502,0.0
1,0.3743817438954484,0.5884594071525517,0.0
1,0.37472679010898097,0.44458288894485515,0.0
1,0.3750721543318486,0.676006519272243,0.0
1,0.3754178368571424,0.9225924940302009,0.0
1,0.3757638379782234,0.5239238087945197,0.0
1,0.37611015798872327,0.8424886661457075,0.0
1,0.376456797182544,0.47373672227037306,0.0
1,0.37680375585385856,0.5490561452079187,0.0
1,0.37715103429711117,0.577519233105404,0.0
1,0.3774986328070171,0.5440105894826386,0.0
1,0.3778465516785637,0.6677232887329787,0.0
1,0.37819479120700983,0.4582598784603698,0.0
1,0.37854335168788666,0.6266174100054721,0.0
1,0.37889223341699757,0.3879361353378496,0.0
1,0.3792414366904186,0.6451833288448604,0.0
1,0.3795909618044989,0.5180135380691379,0.0
1,0.3799408090558606,0.7362060160193585,0.0
1,0.380290978741399,0.6590770982744731,0.0
1,0.38064147115828334,0.5813999737991771,0.0
1,0.38099228660395645,0.7259125257843686,0.0
1,0.38134342537613575,0.6255344716525797,0.0
1,0.3816948877728126,0.8273592103463101,0.0
1,0.3820466740922531,0.8405783372038481,0.0
1,0.3823987846329985,0.5934291232741584,0.0
1,0.3827512196938647,0.5836329117238851,0.0
1,0.3831039795739437,0.5125446487063959,0.0
1,0.38345706457260254,0.648360549091253,0.0
1,0.38381047498948445,0.7062846761089427,0.0
1,0.3841642111245087,0.4060310949943477,0.0
1,0.3845182732778711,0.668593328736119,0.0
1,0.3848726617500441,0.6476614249286461,0.0
1,0.3852273768417771,0.5663046141229322,0.0
1,0.38558241885409655,0.5714933864098741,0.0
1,0.38593778808830637,0.8199412823334492,0.0
1,0.38629348484598847,0.36382307650892687,0.0
1,0.38664950942900234,0.642578695782324,0.0
1,0.3870058621394858,0.7582967596586517,0.0
1,0.3873625432798552,0.5736835261912114,0.0
1,0.38771955315280543,0.5187568516892479,0.0
1,0.38807689206131063,0.686386069523399,0.0
1,0.388434560308624,0.8511431977334337,0.0
1,0.3887925581982783,0.7582583330060023,0.0
1,0.3891508860340859,0.6812286505813248,0.0
1,0.38950954412013916,0.6244431483668259,0.0
1,0.3898685327608111,0.6604023147956797,0.0
1,0.3902278522607549,0.4316162922589929,0.0
1,0.3905875029249045,0.7441085088335719,0.0
1,0.39094748505847504,0.7661497905492434,0.0
1,0.3913077989669628,0.7365645296145957,0.0
1,0.391668444956146,0.794851162005599,0.0
1,0.3920294233320841,0.6425724891876754,0.0
1,0.39239073440111916,0.7416727366029505,0.0
1,0.39275237846987526,0.38125118253131873,0.0
1,0.393114355845259,0.4591430283208567,0.0
1,0.3934766668344603,0.4602909141887003,0.0
1,0.39383931174495185,0.7149615670395592,0.0
1,0.39420229088448966,0.686450471199492,0.0
1,0.39456560456111356,0.6297338180603141,0.0
1,0.39492925308314714,0.6188675001573081,0.0
1,0.3952932367591984,0.7406836203458422,0.0
1,0.3956575558981596,0.5536398464978773,0.0
1,0.3960222108092076,0.7373662112476612,0.0
1,0.39638720180180415,0.6777908029595507,0.0
1,0.3967525291856967,0.4883858067301767,0.0
1,0.3971181932709177,0.8406250327922279,0.0
1,0.3974841943677854,0.5110034317457787,0.0
1,0.3978505327869043,0.5065118806414485,0.0
1,0.3982172088391647,0.6540183668208733,0.0
1,0.39858422283574413,0.5847378397767296,0.0
1,0.3989515750881063,0.7343022990608997,0.0
1,0.3993192659080022,0.8842854476094615,0.0
1,0.3996872956074701,0.713647525798173,0.0
1,0.40005566449883595,0.6710398035690577,0.0
1,0.40042437289471355,0.8227739977223516,0.0
1,0.4007934211080047,0.5151169417796315,0.0
1,0.4011628094518997,1.0183107570342107,0.0
1,0.4015325382398774,0.7466305659836284,0.0
1,0.40190260778570547,0.8856015851361173,0.0
1,0.4022730184034412,0.42642259023432016,0.0
1,0.4026437704074309,0.5543642734844674,0.0
1,0.40301486411231074,0.7979715823585569,0.0
1,0.40338629983300683,0.5723832283566388,0.0
1,0.40375807788473544,0.875274331869242,0.0
1,0.40413019858300375,0.8655747649955456,0.0
1,0.40450266224360937,0.50674895089361,0.0
1,0.40487546918264095,0.8113126891283731,0.0
1,0.40524861971647863,0.7257685195329143,0.0
1,0.4056221141617939,0.5532660547190879,0.0
1,0.40599595283555057,0.723924064143646,0.0
1,0.40637013605500405,0.5100251104257797,0.0
1,0.4067446641377025,0.7903823364751367,0.0
1,0.4071195374014865,0.7769471904639327,0.0
1,0.4074947561644898,0.46652587696579995,0.0
1,0.4078703207451393,0.8258167061616926,0.0
1,0.40824623146215516,0.7812733156439156,0.0
1,0.40862248863455153,0.4075580342584968,0.0
1,0.40899909258163636,0.8383678352564258,0.0
1,0.4093760436230123,0.7607817390587948,0.0
1,0.4097533420785761,0.5174155476211976,0.0
1,0.4101309882685195,0.7569637053900328,0.0
1,0.4105089825133295,0.9898119708215695,0.0
1,0.41088732513378806,0.6284725404474768,0.0
1,0.4112660164509734,0.6964961726705029,0.0
1,0.4116450567862592,1.0708076317565434,0.0
1,0.41202444646131536,0.9274869093885187,0.0
1,0.41240418579810845,0.8890953928343512,0.0
1,0.41278427511890153,0.5878802501278501,0.0
1,0.41316471474625505,0.6692953261895863,0.0
1,0.4135455050030263,0.8450478247412831,0.0
1,0.41392664621237046,0.718931895965277,0.0
1,0.4143081386977403,0.6445931230013899,0.0
1,0.4146899827828868,0.6782954994870893,0.0
1,0.41507217879185954,0.5632949581047806,0.0
1,0.41545472704900643,0.49711170445521335,0.0
1,0.41583762787897444,0.6136970250785234,0.0
1,0.4162208816067097,0.7361829290134624,0.0
1,0.4166044885574579,0.7892327791153151,0.0
1,0.4169884490567645,0.6726374429111921,0.0
1,0.417372763430475,0.8181906612131619,0.0
1,0.41775743200473514,0.7037231214396659,0.0
1,0.41814245510599113,0.8134836424972975,0.0
1,0.41852783306099045,0.5910019549192252,0.0
1,0.41891356619678133,0.5661948925892378,0.0
1,0.41929965484071363,0.8485867589210536,0.0
1,0.41968609932043877,0.6813303826597429,0.0
1,0.4200728999639102,0.548189243191108,0.0
1,0.4204600570993837,0.6178145981573737,0.0
1,0.42084757105541765,0.6675931409247782,0.0
1,0.42123544216087294,0.7985601416890702,0.0
1,0.42162367074491386,0.6701166676279586,0.0
1,0.4220122571370078,0.9088846759862929,0.0
1,0.42240120166692613,0.7991577545701848,0.0
1,0.42279050466474394,0.6174579667516878,0.0
1,0.42318016646084045,0.7150819854334368,0.0
1,0.42357018738589963,0.8098192151889996,0.0
1,0.4239605677709099,0.6581332619303859,0.0
1,0.4243513079471651,0.6123133822121265,0.0
1,0.42474240824626414,1.1553256948548942,0.0
1,0.4251338690001116,1.010918882171544,0.0
1,0.42552569054091804,0.9236182498737664,0.0
1,0.42591787320119995,0.8077076946318552,0.0
1,0.4263104173137807,0.5742237911868177,0.0
1,0.42670332321179016,0.6968034947592255,0.0
1,0.4270965912286651,1.0196898183281538,0.0
1,0.4274902216981499,0.7995966485000036,0.0
1,0.4278842149542961,0.8271035697382491,0.0
1,0.42827857133146374,0.9905293083175793,0.0
1,0.42867329116432046,0.6295483121085661,0.0
1,0.42906837478784265,0.5252652415810318,0.0
1,0.42946382253731513,0.4937578437460888,0.0
1,0.4298596347483322,0.7205535765421845,0.0
1,0.43025581175679717,0.9791758033913373,0.0
1,0.43065235389892276,0.5899565474018451,0.0
1,0.4310492615112319,0.4742565647416805,0.0
1,0.4314465349305574,0.5314570886895067,0.0
1,0.4318441744940429,0.8069372150135383,0.0
1,0.43224218053914226,0.8539966414731381,0.0
1,0.4326405534036207,1.0024255001550837,0.0
1,0.4330392934255546,0.9410150221406006,0.0
1,0.4334384009433318,0.737215211987294,0.0
1,0.4338378762956525,0.6947538509181866,0.0
1,0.4342377198215286,0.890377845686083,0.0
1,0.43463793186028454,0.5492257818823191,0.0
1,0.4350385127515576,0.6894897642397552,0.0
1,0.4354394628352978,0.6809554448571017,0.0
1,0.435840782451769,0.7913194933741453,0.0
1,0.43624247194154825,0.8072308394819507,0.0
1,0.4366445316455265,0.8007643540783294,0.0
1,0.43704696190490916,0.9083810793646958,0.0
1,0.43744976306121564,0.9121495838936315,0.0
1,0.4378529354562807,0.8182284618532418,0.0
1,0.4382564794322537,0.6787127429177565,0.0
1,0.4386603953315995,0.5672023407442276,0.0
1,0.4390646834970986,0.6806617898131211,0.0
1,0.4394693442718472,0.9723713433396458,0.0
1,0.4398743779992582,0.6174048362165175,0.0
1,0.4402797850230606,0.7630892807383365,0.0
1,0.4406855656873003,1.0753270799374126,0.0
1,0.44109172033634014,0.7796862709010531,0.0
1,0.44149824931486076,0.8386387162352569,0.0
1,0.4419051529678601,0.6046306170119503,0.0
1,0.44231243164065415,0.6751036257732379,0.0
1,0.44272008567887716,0.6537402165974764,0.0
1,0.4431281154284819,0.9849704966273405,0.0
1,0.44353652123574017,1.0563259067236783,0.0
1,0.44394530344724276,0.6478656047514361,0.0
1,0.4443544624098998,1.06596565771647,0.0
1,0.44476399847094134,1.2576344091303349,0.0
1,0.4451739119779172,0.66987138202973,0.0
1,0.44558420327869797,0.9442189626090234,0.0
1,0.44599487272147437,0.5762267046565609,0.0
1,0.4464059206547583,0.7450555176239131,0.0
1,0.4468173474273827,0.709569074098469,0.0
1,0.4472291533885021,0.9981314425823039,0.0
1,0.44764133888759294,0.7807232452053315,0.0
1,0.4480539042744536,0.9037885106308132,0.0
1,0.44846684989920477,0.960462247580701,0.0
1,0.44888017611229003,0.7474624648550431,0.0
1,0.4492938832644757,1.0866812080755315,0.0
1,0.44970797170685184,1.0044328693702114,0.0
1,0.45012244179083155,0.6921009184327268,0.0
1,0.45053729386815217,0.9705365283887636,0.0
1,0.45095252829087495,0.8620980034451526,0.0
1,0.4513681454113857,0.8477156546250656,0.0
1,0.4517841455823953,1.0913093543078995,0.0
1,0.45220052915693937,0.6934834134414957,0.0
1,0.45261729648837895,0.9033651438891188,0.0
1,0.45303444793040065,0.8120464914624131,0.0
1,0.45345198383701746,0.7068788891374251,0.0
1,0.45386990456256826,0.5692871376422552,0.0
1,0.4542882104617186,0.5167937688629602,0.0
1,0.454706901889461,0.6221403121910306,0.0
1,0.4551259792011149,0.7674392831805336,0.0
1,0.45554544275232767,0.7526657539136328,0.0
1,0.45596529289907406,1.145079234504239,0.0
1,0.456385529997657,0.9292585491752371,0.0
1,0.45680615440470795,0.6059413795565043,0.0
1,0.45722716647718675,1.199850849211853,0.0
1,0.4576485665723826,1.0030395090875237,0.0
1,0.4580703550479138,0.7290128195217279,0.0
1,0.45849253226172826,0.861140783063391,0.0
1,0.4589150985721037,0.9688124864476227,0.0
1,0.4593380543376481,0.6508668572719105,0.0
1,0.45976139991730025,0.689692950680879,0.0
1,0.46018513567032926,0.77221047558879,0.0
1,0.4606092619563357,0.8016954171803975,0.0
1,0.4610337791352514,0.7240166990227319,0.0
1,0.4614586875673398,0.778789940662495,0.0
1,0.4618839876131969,0.5714502514031351,0.0
1,0.46230967963375047,0.6930548226231318,0.0
1,0.4627357639902612,0.8185688830718177,0.0
1,0.4631622410443226,0.7449944684636689,0.0
1,0.46358911115786144,0.7314888325516901,0.0
1,0.4640163746931384,0.8037132962553346,0.0
1,0.46444403201274753,0.7047375677747748,0.0
1,0.46487208347961745,0.7040705973852105,0.0
1,0.46530052945701095,0.7252207670429538,0.0
1,0.46572937030852596,0.8354130495452837,0.0
1,0.4661586063980953,0.6312664278575463,0.0
1,0.46658823808998723,0.7073013367268886,0.0
1,0.4670182657488057,0.7950343299116513,0.0
1,0.4674486897394907,0.9054102293494003,0.0
1,0.4678795104273189,0.8716094216675203,0.0
1,0.4683107281779031,0.8470898927005317,0.0
1,0.46874234335719334,1.0833757899828451,0.0
1,0.4691743563314769,1.1545618425197701,0.0
1,0.46960676746737856,0.9286058354112992,0.0
1,0.4700395771318613,0.8457239525199488,0.0
1,0.470472785692226,0.6504005527773206,0.0
1,0.4709063935161121,0.924785563318767,0.0
1,0.47134040097149793,1.1403802847272222,0.0
1,0.47177480842670083,0.7818545692793412,0.0
1,0.47220961625037805,1.0492691500651845,0.0
1,0.47264482481152603,0.6693528697444462,0.0
1,0.47308043447948167,0.8941092963272254,0.0
1,0.4735164456239221,0.6916073252243673,0.0
1,0.4739528586148651,0.8355895183439206,0.0
1,0.4743896738226697,0.9096142353008831,0.0
1,0.4748268916180362,1.0840394811988379,0.0
1,0.4752645123720064,1.1827378322343565,0.0
1,0.4757025364559641,0.8722430733807335,0.0
1,0.47614096424163566,0.93041795086382,0.0
1,0.4765797961010897,0.866279195599032,0.0
1,0.4770190324067379,0.8971207270447223,0.0
1,0.47745867353133514,0.7451175677238121,0.0
1,0.47789871984797977,0.8298039797651484,0.0
1,0.47833917173011437,1.1868619871520187,0.0
1,0.4787800295515252,0.9623661132766461,0.0
1,0.47922129368634336,0.9208613716369659,0.0
1,0.47966296450904455,0.7640211074368681,0.0
1,0.4801050423944496,0.7679203397523966,0.0
1,0.48054752771772524,0.8883143471692247,0.0
1,0.48099042085438337,0.9155796951655605,0.0
1,0.4814337221802823,0.8674566140312545,0.0
1,0.4818774320716267,1.0595781360262517,0.0
1,0.4823215509049677,1.1098579858386608,0.0
1,0.4827660790572041,1.3153292927410654,0.0
1,0.4832110169055815,0.9565486584561023,0.0
1,0.48365636482769336,0.9012795198958151,0.0
1,0.4841021232014812,0.7787330671274386,0.0
1,0.48454829240523467,1.075330537615955,0.0
1,0.48499487281759246,0.8087592335051101,0.0
1,0.48544186481754187,0.9165815491563702,0.0
1,0.4858892687844197,1.0657791958372713,0.0
1,0.4863370850979121,1.1329305076248892,0.0
1,0.48678531413805537,0.6674394830994655,0.0
1,0.48723395628523625,0.992289933353294,0.0
1,0.48768301192019164,1.058762489643086,0.0
1,0.48813248142400956,0.8352477502004902,0.0
1,0.48858236517812914,0.8908098207481734,0.0
1,0.48903266356434144,1.1356962389140661,0.0
1,0.48948337696478894,1.3977726971853246,0.0
1,0.48993450576196657,0.6156307485719551,0.0
1,0.49038605033872157,0.8813764864333384,0.0
1,0.49083801107825414,1.0247756125751613,0.0
1,0.4912903883641179,0.8052057403751471,0.0
1,0.4917431825802197,1.1622706725160319,0.0
1,0.4921963941108201,1.1376221975356249,0.0
1,0.49265002334053415,1.1356458769543867,0.0
1,0.493104070654331,0.8549258689849055,0.0
1,0.493558536437535,0.8461629712497186,0.0
1,0.4940134210758254,0.9348068355269561,0.0
1,0.4944687249552369,0.8776028145855698,0.0
1,0.4949244484621601,1.0772761849980095,0.0
1,0.49538059198334145,0.8266067952233923,0.0
1,0.4958371559058843,1.0960365601533515,0.0
1,0.49629414061724836,1.3513954697080708,0.0
1,0.49675154650525066,0.9940849669281534,0.0
1,0.4972093739580655,0.8103560120589116,0.0
1,0.49766762336422504,1.1389107342618192,0.0
1,0.49812629511261963,0.8229189988898498,0.0
1,0.4985853895924978,0.685024392996806,0.0
1,0.49904490719346706,1.0110488202590076,0.0
1,0.4995048483054938,1.0240114120286081,0.0
1,0.4999652133189038,0.9424143854887402,0.0
1,0.500426002624383,0.9060220881627226,0.0
1,0.5008872166129769,0.8178995087741394,0.0
1,0.5013488556760914,1.4259492328689902,0.0
1,0.5018109202054937,0.9299129565894065,0.0
1,0.5022734105933117,0.7118632527682682,0.0
1,0.5027363272320345,0.963590487924055,0.0
1,0.5031996705145133,0.9169967057129781,0.0
1,0.5036634408339611,0.8228446613909516,0.0
1,0.5041276385839534,0.9531120394407455,0.0
1,0.5045922641584286,0.8301450139944179,0.0
1,0.5050573179516881,0.9752916589798325,0.0
1,0.5055228003583964,0.7091375702840328,0.0
1,0.5059887117735821,1.0603153402771612,0.0
1,0.5064550525926375,0.920554241604118,0.0
1,0.50692182321132,0.8025721927951449,0.0
1,0.5073890240257509,1.3287344225289164,0.0
1,0.5078566554324173,1.1443764868767812,0.0
1,0.5083247178281712,0.9595905829186164,0.0
1,0.5087932116102305,0.9471923788701422,0.0
1,0.5092621371761795,1.149343862166631,0.0
1,0.5097314949239685,0.973104701565202,0.0
1,0.5102012852519149,1.2842728522196056,0.0
1,0.5106715085587029,0.8441712930225775,0.0
1,0.5111421652433843,1.0143294320860246,0.0
1,0.5116132557053789,1.188622440302797,0.0
1,0.5120847803444741,1.3586631769614879,0.0
1,0.5125567395608264,0.9963910265284952,0.0
1,0.5130291337549605,1.317768722972296,0.0
1,0.5135019633277705,0.9532797586831405,0.0
1,0.5139752286805204,1.1936242177673289,0.0
1,0.5144489302148431,1.0822430907865142,0.0
1,0.5149230683327425,0.8989186939006986,0.0
1,0.5153976434365923,0.8680038364451573,0.0
1,0.515872655929138,1.353477707240408,0.0
1,0.5163481062134954,1.072727766377703,0.0
1,0.5168239946931521,1.2524955723632265,0.0
1,0.5173003217719677,1.015491917708814,0.0
1,0.5177770878541739,0.8603871704996521,0.0
1,0.5182542933443749,1.0575962198530497,0.0
1,0.5187319386475481,1.3480827326309208,0.0
1,0.5192100241690437,1.2841978151759688,0.0
1,0.5196885503145858,0.6379583107813094,0.0
1,0.5201675174902723,1.3049946914506958,0.0
1,0.5206469261025757,1.044885391787678,0.0
1,0.5211267765583426,1.0057940252196613,0.0
1,0.5216070692647948,0.86357775129282,0.0
1,0.5220878046295295,1.3272440578490827,0.0
1,0.5225689830605194,0.9059395629642761,0.0
1,0.5230506049661134,1.2905391002974698,0.0
1,0.5235326707550367,0.9318309335406536,0.0
1,0.5240151808363911,0.9732475382033752,0.0
1,0.5244981356196554,1.1950360436134284,0.0
1,0.5249815355146858,1.060276082609347,0.0
1,0.5254653809317167,1.0470930869003463,0.0
1,0.5259496722813598,0.9174722060744753,0.0
1,0.5264344099746059,1.0351833037877718,0.0
1,0.5269195944228243,0.8775413818022031,0.0
1,0.5274052260377633,1.1614725239089634,0.0
1,0.5278913052315511,1.1539717971036878,0.0
1,0.5283778324166954,0.9333854618736577,0.0
1,0.5288648080060843,1.4460724431874146,0.0
1,0.5293522324129859,1.4523340518039447,0.0
1,0.52984010605105,1.5541450704766877,0.0
1,0.5303284293343072,1.253026663795024,0.0
1,0.5308172026771696,1.1181562439334123,0.0
1,0.5313064264944314,1.2600512763666791,0.0
1,0.531796101201269,1.1457366877413955,0.0
1,0.5322862272132416,1.1680586767817847,0.0
1,0.5327768049462913,0.7226724091501014,0.0
1,0.5332678348167436,1.3304580563382018,0.0
1,0.5337593172413074,1.2739993199877493,0.0
1,0.5342512526370761,0.7253324416579618,0.0
1,0.5347436414215273,1.0281402735672842,0.0
1,0.5352364840125233,1.387242449161228,0.0
1,0.5357297808283119,1.2163399721419474,0.0
1,0.5362235322875257,1.348259869513778,0.0
1,0.5367177388091836,0.9340799504880485,0.0
1,0.5372124008126907,0.9497669800355102,0.0
1,0.5377075187178386,1.0534423910724018,0.0
1,0.5382030929448056,1.3958720948321146,0.0
1,0.5386991239141574,0.9623950760435602,0.0
1,0.5391956120468472,1.17379152547735,0.0
1,0.5396925577642165,1.031368371074014,0.0
1,0.5401899614879948,1.120976723821604,0.0
1,0.5406878236403004,0.8466484101986453,0.0
1,0.5411861446436406,0.9450610143609355,0.0
1,0.5416849249209118,1.2259567986273199,0.0
1,0.5421841648954011,1.0612279927372597,0.0
1,0.5426838649907847,1.2684003862118371,0.0
1,0.5431840256311298,1.4301921218314166,0.0
1,0.543684647240894,1.4667180470887864,0.0
1,0.544185730244927,1.0207951379660902,0.0
1,0.544687275068469,1.5530574421620098,0.0
1,0.5451892821371529,1.19423893266989,0.0
1,0.5456917518770035,1.025863233484088,0.0
1,0.546194684714438,1.4610222181260912,0.0
1,0.5466980810762673,0.9418545747060966,0.0
1,0.5472019413896951,1.347857914664996,0.0
1,0.5477062660823193,0.9961854078459669,0.0
1,0.5482110555821312,1.53511086013864,0.0
1,0.5487163103175172,1.2255784368741662,0.0
1,0.5492220307172583,1.4027865578060332,0.0
1,0.5497282172105307,1.3795128713945572,0.0
1,0.5502348702269059,1.1480398287462317,0.0
1,0.5507419901963517,1.3567948190820478,0.0
1,0.5512495775492319,1.1446008113189539,0.0
1,0.5517576327163072,1.2715983656254355,0.0
1,0.5522661561287351,1.3302035556143583,0.0
1,0.5527751482180705,1.2983219104606363,0.0
1,0.553284609416266,1.1740547191606887,0.0
1,0.5537945401556723,1.1191285748717201,0.0
1,0.5543049408690389,1.2923488696806724,0.0
1,0.5548158119895138,0.8138599286929827,0.0
1,0.5553271539506442,1.2870289425382877,0.0
1,0.5558389671863772,1.0901905430292425,0.0
1,0.5563512521310592,1.641261979505814,0.0
1,0.5568640092194376,1.3196690283374595,0.0
1,0.5573772388866602,1.0015871973780874,0.0
1,0.5578909415682759,1.0858712420699816,0.0
1,0.5584051177002347,0.9977339969770205,0.0
1,0.5589197677188891,0.8533855186799046,0.0
1,0.559434892060993,0.8863015918465948,0.0
1,0.5599504911637032,1.167614400835539,0.0
1,0.5604665654645795,1.228170506205782,0.0
1,0.5609831154015846,1.4100445728102327,0.0
1,0.5615001414130855,1.1848241005546938,0.0
1,0.5620176439378525,1.295811450692217,0.0
1,0.5625356234150605,0.8727596080865963,0.0
1,0.5630540802842895,1.3425946260211241,0.0
1,0.563573014985524,1.4755717224594975,0.0
1,0.5640924279591549,1.6904368577734714,0.0
1,0.5646123196459781,1.0254278623903639,0.0
1,0.5651326904871965,1.2408543214834857,0.0
1,0.5656535409244189,1.9423744391860356,0.0
1,0.5661748713996615,0.9350275172956655,0.0
1,0.5666966823553481,1.2260146634890443,0.0
1,0.5672189742343099,1.061036329485057,0.0
1,0.5677417474797862,1.7657934558839712,0.0
1,0.5682650025354252,1.445122949222503,0.0
1,0.5687887398452834,1.4151688047299622,0.0
1,0.5693129598538272,1.0796377140435776,0.0
1,0.5698376630059323,1.698528225626632,0.0
1,0.5703628497468844,0.9344110448191983,0.0
1,0.5708885205223796,1.1669672978450463,0.0
1,0.5714146757785247,2.0280416669877352,0.0
1,0.5719413159618381,1.3844012767520266,0.0
1,0.5724684415192491,1.1051625189500567,0.0
1,0.5729960528980995,1.3393390385049768,0.0
1,0.5735241505461427,1.4512023228425102,0.0
1,0.5740527349115455,1.3141605570511121,0.0
1,0.5745818064428874,1.5144753886759674,0.0
1,0.5751113655891612,1.2733875766127258,0.0
1,0.5756414127997738,1.3294486147057272,0.0
1,0.5761719485245458,1.5171034154606782,0.0
1,0.5767029732137132,0.8554261324323854,0.0
1,0.5772344873179264,1.464288257283675,0.0
1,0.5777664912882509,1.5304711769003858,0.0
1,0.5782989855761685,1.769704416377983,0.0
1,0.5788319706335767,1.307568383151833,0.0
1,0.5793654469127898,1.2468834403262872,0.0
1,0.5798994148665387,1.4201547293636874,0.0
1,0.5804338749479718,1.206339578150999,0.0
1,0.5809688276106548,1.2728489973463823,0.0
1,0.5815042733085717,0.9951507297168882,0.0
1,0.5820402124961249,1.1880238757774844,0.0
1,0.5825766456281355,2.3010686402784555,0.0
1,0.5831135731598439,1.3782913979510365,0.0
1,0.5836509955469098,1.3456588305421409,0.0
1,0.5841889132454131,1.1393789866104638,0.0
1,0.5847273267118541,1.48222417274463,0.0
1,0.5852662364031538,1.1999861268880427,0.0
1,0.5858056427766539,1.308714579371704,0.0
1,0.5863455462901181,1.1351538789281814,0.0
1,0.5868859474017319,1.1403076316253318,0.0
1,0.5874268465701031,0.9019212301151456,0.0
1,0.587968244254262,1.22958741267324,0.0
1,0.588510140913662,1.7330350879065255,0.0
1,0.5890525370081798,1.398986450104956,0.0
1,0.5895954329981167,1.2910032463272898,0.0
1,0.5901388293441971,1.4825806565726112,0.0
1,0.5906827265075711,1.5892331067504966,0.0
1,0.591227124949813,1.3339139119147272,0.0
1,0.5917720251329228,2.5083155266834374,0.0
1,0.5923174275193265,1.352076416325211,0.0
1,0.5928633325718761,1.209154738277128,0.0
1,0.5934097407538501,1.3104636233429363,0.0
1,0.5939566525289542,1.913179201357828,0.0
1,0.5945040683613211,1.1733195992230283,0.0
1,0.5950519887155118,1.2817827732620901,0.0
1,0.5956004140565151,1.3786185529506463,0.0
1,0.5961493448497484,1.8717107277128062,0.0
1,0.596698781561058,1.4013140915498878,0.0
1,0.5972487246567195,1.5597763215184015,0.0
1,0.5977991746034388,1.6588969688617656,0.0
1,0.5983501318683512,1.0424570698183169,0.0
1,0.5989015969190229,2.040433962649937,0.0
1,0.5994535702234508,1.1914531115805833,0.0
1,0.6000060522500633,1.1867654186546985,0.0
1,0.6005590434677208,0.9544473865864186,0.0
1,0.6011125443457153,2.404161355606931,0.0
1,0.6016665553537714,1.3663638955972466,0.0
1,0.602221076962047,1.350591414806872,0.0
1,0.6027761096411332,2.076850264848714,0.0
1,0.6033316538620543,2.11630640027726,0.0
1,0.6038877100962694,1.0529621621628875,0.0
1,0.6044442788156719,1.359997335266922,0.0
1,0.6050013604925896,1.840317513879868,0.0
1,0.6055589555997866,1.5322855291388957,0.0
1,0.6061170646104619,1.47590913389797,0.0
1,0.606675687998251,1.461781320092606,0.0
1,0.6072348262372258,1.8767474825473762,0.0
1,0.607794479801895,2.0170281390183136,0.0
1,0.6083546491672052,1.5033236627660276,0.0
1,0.6089153348085399,1.777734548751463,0.0
1,0.6094765372017212,1.7327504251252388,0.0
1,0.6100382568230099,1.8058414970577075,0.0
1,0.6106004941491053,1.3107941154092733,0.0
1,0.6111632496571464,1.5708802534438329,0.0
1,0.6117265238247119,1.3148586065217047,0.0
1,0.6122903171298204,1.6699026688834466,0.0
1,0.6128546300509314,1.470847836916803,0.0
1,0.613419463066945,1.8479615130928342,0.0
1,0.6139848166572031,1.6040227635226005,0.0
1,0.614550691301489,1.6274909551289538,0.0
1,0.6151170874800286,1.7412909594813575,0.0
1,0.6156840056734899,1.9224852612943888,0.0
1,0.6162514463629842,1.720683217879485,0.0
1,0.6168194100300664,1.2681929707850788,0.0
1,0.6173878971567347,1.2067771854488591,0.0
1,0.617956908225432,0.8765855867727723,0.0
1,0.6185264437190455,2.5175453431698216,0.0
1,0.6190965041209079,1.2673905484227574,0.0
1,0.6196670899147969,1.1586834055978557,0.0
1,0.6202382015849363,1.6686268426160307,0.0
1,0.6208098396159959,1.299748452608125,0.0
1,0.6213820044930926,1.800666932695618,0.0
1,0.6219546967017902,2.270917093448658,0.0
1,0.6225279167281002,2.3317199263677537,0.0
1,0.6231016650584815,1.9243761922039766,0.0
1,0.6236759421798421,1.2263012481816007,0.0
1,0.624250748579538,1.0376574298047807,0.0
1,0.624826084745375,1.286411164299596,0.0
1,0.6254019511656081,1.4577990442521267,0.0
1,0.6259783483289426,1.4598446356830734,0.0
1,0.6265552767245338,1.730373918219924,0.0
1,0.6271327368419879,2.082920238375688,0.0
1,0.6277107291713628,2.5736007402427683,0.0
1,0.6282892542031678,1.381254219115767,0.0
1,0.628868312428364,1.7848401013950104,0.0
1,0.6294479043383653,2.1386786572807788,0.0
1,0.6300280304250382,1.8474148170025866,0.0
1,0.6306086911807032,1.4926553592916174,0.0
1,0.6311898870981337,1.5686465135328778,0.0
1,0.631771618670558,1.5858317567616516,0.0
1,0.6323538863916583,2.1324904336637043,0.0
1,0.6329366907555721,1.529312511891886,0.0
1,0.6335200322568928,1.9211142434966197,0.0
1,0.6341039113906688,1.5813278883499198,0.0
1,0.6346883286524052,1.5099925730234183,0.0
1,0.6352732845380636,1.9983330581020171,0.0
1,0.6358587795440632,1.5753954331192064,0.0
1,0.6364448141672802,1.736107231844638,0.0
1,0.6370313889050487,1.4652137254233133,0.0
1,0.6376185042551616,2.003735400473213,0.0
1,0.63820616071587,1.3982234887986116,0.0
1,0.6387943587858849,1.527307415727226,0.0
1,0.6393830989643765,1.9846658815487095,0.0
1,0.639972381750975,1.5489254773390904,0.0
1,0.6405622076457713,2.1742297883576094,0.0
1,0.6411525771493171,1.7923172130735083,0.0
1,0.6417434907626255,1.2068388632242195,0.0
1,0.6423349489871713,2.0181218406023627,0.0
1,0.6429269523248915,1.365342667127663,0.0
1,0.6435195012781857,1.4897674221774166,0.0
1,0.6441125963499162,2.2295411645942615,0.0
1,0.6447062380434097,1.5417049518587849,0.0
1,0.6453004268624558,1.2643591582244198,0.0
1,0.6458951633113088,2.34966864972087,0.0
1,0.6464904478946879,1.274701287679652,0.0
1,0.6470862811177769,2.3878233438795857,0.0
1,0.6476826634862262,1.230074817593374,0.0
1,0.6482795955061511,1.5287722206070828,0.0
1,0.6488770776841343,2.251019312262535,0.0
1,0.6494751105272247,2.221848902272688,0.0
1,0.6500736945429387,2.638585460120302,0.0
1,0.6506728302392609,1.922727490219735,0.0
1,0.6512725181246436,2.3410419566607406,0.0
1,0.6518727587080076,1.9563778434408274,0.0
1,0.6524735524987432,2.1238801631218993,0.0
1,0.65307490000671,2.240736824184133,0.0
1,0.6536768017422373,2.187327324238082,0.0
1,0.654279258216125,1.4116123866546568,0.0
1,0.6548822699396437,1.96007083885657,0.0
1,0.6554858374245349,1.633784487685394,0.0
1,0.6560899611830125,1.8633808659880828,0.0
1,0.6566946417277618,1.9127142101073553,0.0
1,0.6572998795719408,1.9635900539617486,0.0
1,0.6579056752291804,1.514677793591142,0.0
1,0.6585120292135849,1.9445241249928613,0.0
1,0.6591189420397328,1.8447173930397356,0.0
1,0.6597264142226762,2.5620121015948953,0.0
1,0.6603344462779425,1.6050530202271884,0.0
1,0.6609430387215337,1.7932280495975719,0.0
1,0.6615521920699275,2.4263539882190965,0.0
1,0.6621619068400784,1.2755206223651694,0.0
1,0.662772183549416,1.8181171913722682,0.0
1,0.6633830227158478,1.8491754064549384,0.0
1,0.6639944248577583,1.5633994133907252,0.0
1,0.6646063904940095,1.7917788257032932,0.0
1,0.6652189201439421,1.7517412394017444,0.0
1,0.6658320143273752,1.961756631998735,0.0
1,0.6664456735646069,2.670461986871188,0.0
1,0.6670598983764151,2.521842308003164,0.0
1,0.6676746892840572,2.462685999356516,0.0
1,0.6682900468092715,1.808562697727019,0.0
1,0.668905971474277,1.5009180103139825,0.0
1,0.6695224638017739,2.269590621389444,0.0
1,0.6701395243149442,2.045581478328401,0.0
1,0.6707571535374522,1.7318756648851468,0.0
1,0.6713753519934447,1.8298384959652891,0.0
1,0.6719941202075514,1.9752822113560689,0.0
1,0.6726134587048861,2.643042202036861,0.0
1,0.6732333680110457,2.1848031838123743,0.0
1,0.6738538486521124,2.3537705172540075,0.0
1,0.6744749011546528,2.318104817154043,0.0
1,0.6750965260457189,2.912901220743836,0.0
1,0.6757187238528483,1.6872827755031248,0.0
1,0.6763414951040647,1.8932928841510548,0.0
1,0.6769648403278792,2.147783078063679,0.0
1,0.6775887600532892,1.7968828845494285,0.0
1,0.6782132548097799,2.1242709027689717,0.0
1,0.6788383251273246,2.468049639877246,0.0
1,0.6794639715363847,1.781483451655328,0.0
1,0.6800901945679112,1.5549587350265757,0.0
1,0.6807169947533438,2.455296798110802,0.0
1,0.6813443726246121,2.4983401771118836,0.0
1,0.6819723287141363,3.3796613782924645,0.0
1,0.6826008635548265,1.625906469652382,0.0
1,0.6832299776800852,1.82362713643937,0.0
1,0.6838596716238055,2.530094036169084,0.0
1,0.6844899459203728,2.0562876636869176,0.0
1,0.6851208011046653,2.440074380370703,0.0
1,0.6857522377120535,3.0921391382445864,0.0
1,0.6863842562784024,1.9428540600189608,0.0
1,0.6870168573400699,2.188461864629847,0.0
1,0.6876500414339085,1.6883920428039636,0.0
1,0.6882838090972656,2.222369786244761,0.0
1,0.6889181608679841,1.9736742982529827,0.0
1,0.689553097284402,2.4586059395564206,0.0
1,0.6901886188853539,2.5891274591885294,0.0
1,0.6908247262101708,2.1888323499257156,0.0
1,0.6914614197986806,2.045322902986528,0.0
1,0.6920987001912094,2.5025279940217646,0.0
1,0.6927365679285808,1.4811872805717279,0.0
1,0.6933750235521168,1.3160108100933319,0.0
1,0.6940140676036384,1.5872270070905385,0.0
1,0.6946537006254657,1.6554463423470187,0.0
1,0.6952939231604195,2.7720990133083827,0.0
1,0.69593473575182,1.9479627132745772,0.0
1,0.6965761389434884,3.7370805172765995,0.0
1,0.697218133279747,2.7212745700709737,0.0
1,0.69786071930542,2.9996617737570164,0.0
1,0.6985038975658339,2.0238459710962946,0.0
1,0.6991476686068174,3.3266017807566604,0.0
1,0.6997920329747023,2.426421085784569,0.0
1,0.7004369912163242,2.6120434069453164,0.0
1,0.7010825438790221,2.158566480899026,0.0
1,0.7017286915106404,2.658750459010624,0.0
1,0.7023754346595278,2.8927564021046055,0.0
1,0.7030227738745382,2.2783142829231844,0.0
1,0.7036707097050318,3.3856607226125592,0.0
1,0.7043192427008745,1.6698803171527619,0.0
1,0.7049683734124401,1.4384427270841074,0.0
1,0.7056181023906086,2.6741237689136574,0.0
1,0.7062684301867681,2.327242253258127,0.0
1,0.7069193573528145,1.6488415027853394,0.0
1,0.7075708844411533,2.489270199854474,0.0
1,0.7082230120046984,2.6339587799899413,0.0
1,0.7088757405968731,2.598473336140278,0.0
1,0.7095290707716113,2.5924525024270784,0.0
1,0.7101830030833569,2.2399073645239165,0.0
1,0.7108375380870655,2.1288821136747726,0.0
1,0.7114926763382036,3.625986992247457,0.0
1,0.7121484183927498,2.422940390123345,0.0
1,0.7128047648071951,2.3984718442950665,0.0
1,0.7134617161385434,2.4519361281188177,0.0
1,0.7141192729443121,2.806499156059254,0.0
1,0.7147774357825322,2.312884410516436,0.0
1,0.715436205211749,1.7881093484679815,0.0
1,0.716095581791023,2.6290603369434384,0.0
1,0.7167555660799291,3.599922096214714,0.0
1,0.7174161586385589,2.3791305795501843,0.0
1,0.7180773600275198,2.1761041325544843,0.0
1,0.7187391708079357,2.7848719246294804,0.0
1,0.7194015915414478,2.322669004347058,0.0
1,0.7200646227902148,2.469626484943626,0.0
1,0.7207282651169139,2.512063594882396,0.0
1,0.7213925190847407,3.1523701672668767,0.0
1,0.7220573852574095,1.9539552039113917,0.0
1,0.7227228641991547,1.952966643720778,0.0
1,0.72338895647473,3.040816425559796,0.0
1,0.7240556626494107,2.694258319063824,0.0
1,0.7247229832889922,2.7954758868934473,0.0
1,0.7253909189597916,3.4841119775085043,0.0
1,0.7260594702286477,2.8845057198247197,0.0
1,0.7267286376629224,2.294276287194082,0.0
1,0.7273984218304999,3.0588766252305772,0.0
1,0.7280688232997878,2.4892668466012804,0.0
1,0.7287398426397181,3.890432239150858,0.0
1,0.7294114804197463,4.310498555566575,0.0
1,0.7300837372098538,2.197379408108146,0.0
1,0.7307566135805462,2.920572546690674,0.0
1,0.7314301101028559,4.246822962650883,0.0
1,0.7321042273483408,2.672520522436542,0.0
1,0.7327789658890859,3.2000300212742205,0.0
1,0.7334543262977037,2.5948751986257483,0.0
1,0.7341303091473341,2.998631885086928,0.0
1,0.7348069150116453,3.142232423799075,0.0
1,0.7354841444648343,1.8682125467785415,0.0
1,0.7361619980816271,2.3295616380563593,0.0
1,0.7368404764372798,1.906646776653796,0.0
1,0.7375195801075783,2.7039502933738113,0.0
1,0.7381993096688394,4.160095393139651,0.0
1,0.7388796656979107,7.191601315129445,0.0
1,0.7395606487721719,3.292468033603763,0.0
1,0.7402422594695346,1.942279388966045,0.0
1,0.7409244983684432,3.36592078416663,0.0
1,0.7416073660478749,2.496694199183403,0.0
1,0.7422908630873408,2.6905596036476895,0.0
1,0.7429749900668858,2.8159244425481322,0.0
1,0.74365974756709,2.8471021190958035,0.0
1,0.744345136169068,2.817702136229173,0.0
1,0.7450311564544699,3.4940997614140725,0.0
1,0.7457178090054823,3.3666361303101273,0.0
1,0.7464050944048285,2.2070544728714707,0.0
1,0.7470930132357683,3.2192442758660103,0.0
1,0.7477815660820993,2.5374752251385906,0.0
1,0.7484707535281573,1.8460443601680816,0.0
1,0.7491605761588161,3.4730864972485547,0.0
1,0.7498510345594896,2.7769763457502776,0.0
1,0.7505421293161305,3.8155636840216642,0.0
1,0.7512338610152314,2.3698924374782515,0.0
1,0.7519262302438257,3.029145173316445,0.0
1,0.7526192375894878,3.584779916402662,0.0
1,0.7533128836403339,2.543671347833718,0.0
1,0.7540071689850218,4.296957918272433,0.0
1,0.7547020942127523,2.154472439376849,0.0
1,0.7553976599132686,2.0938168088016273,0.0
1,0.7560938666768577,3.1604392236928804,0.0
1,0.7567907150943511,2.8656398174286233,0.0
1,0.7574882057571245,3.222259715124922,0.0
1,0.7581863392570982,2.6755436220442386,0.0
1,0.7588851161867387,1.9365197691245108,0.0
1,0.759584537139058,4.198062760465914,0.0
1,0.7602846027076154,2.7367044448968745,0.0
1,0.7609853134865165,3.8147046952723462,0.0
1,0.7616866700704147,3.5421428086748894,0.0
1,0.7623886730545113,2.537845498845461,0.0
1,0.7630913230345567,3.139732765987751,0.0
1,0.76379462060685,2.298295173129201,0.0
1,0.7644985663682397,2.5895617504328903,0.0
1,0.7652031609161246,4.367481317927213,0.0
1,0.7659084048484539,2.6566980739892285,0.0
1,0.7666142987637284,2.927239593708978,0.0
1,0.7673208432610001,3.429235941221302,0.0
1,0.768028038939873,3.340981544114868,0.0
1,0.768735886400504,3.9453860810901613,0.0
1,0.7694443862436028,2.866484566840236,0.0
1,0.7701535390704333,2.0581684533251816,0.0
1,0.770863345482813,4.047235093917655,0.0
1,0.7715738060831144,3.276824167923519,0.0
1,0.772284921474265,3.4882099132653073,0.0
1,0.7729966922597477,3.633200951597963,0.0
1,0.7737091190436024,3.3372002066450754,0.0
1,0.7744222024304251,3.5407103265459363,0.0
1,0.7751359430253691,3.5659469727499875,0.0
1,0.7758503414341456,3.3754785194292465,0.0
1,0.7765653982630235,5.148927473461677,0.0
1,0.7772811141188314,3.4519805265740766,0.0
1,0.7779974896089566,2.2231775903253697,0.0
1,0.7787145253413462,2.6151702107647763,0.0
1,0.7794322219245076,2.726349133892355,0.0
1,0.780150579967509,3.2860181497180987,0.0
1,0.7808696000799805,2.770643576216253,0.0
1,0.7815892828721133,3.25240282970881,0.0
1,0.7823096289546614,3.605049214582232,0.0
1,0.7830306389389413,3.3424859879930917,0.0
1,0.7837523134368336,3.8052684232947147,0.0
1,0.7844746530607823,3.3701348169641365,0.0
1,0.7851976584237961,4.551092225138578,0.0
1,0.7859213301394484,3.408632384658321,0.0
1,0.786645668821878,4.225272140420054,0.0
1,0.7873706750857907,2.4159155061080195,0.0
1,0.7880963495464576,3.0452089369511492,0.0
1,0.7888226928197176,3.412148908556471,0.0
1,0.7895497055219768,5.4490510930617555,0.0
1,0.7902773882702094,2.46740694168008,0.0
1,0.7910057416819589,3.451848394170481,0.0
1,0.7917347663753372,4.20307829970863,0.0
1,0.7924644629690263,5.334546867855606,0.0
1,0.7931948320822779,3.978362591782733,0.0
1,0.7939258743349148,5.454204433613336,0.0
1,0.7946575903473314,4.208397080663606,0.0
1,0.7953899807404932,3.143620542237744,0.0
1,0.7961230461359384,2.865912380896322,0.0
1,0.796856787155778,5.657326178264329,0.0
1,0.797591204422696,5.553908897267405,0.0
1,0.7983262985599511,4.355011578288593,0.0
1,0.7990620701913757,3.531387126268008,0.0
1,0.7997985199413772,3.004329631926766,0.0
1,0.800535648434939,3.2730820504211326,0.0
1,0.8012734562976197,5.14377912427336,0.0
1,0.8020119441555553,4.11120400511434,0.0
1,0.8027511126354586,4.446741720799121,0.0
1,0.8034909623646196,4.331985511162111,0.0
1,0.8042314939709065,3.577452096294526,0.0
1,0.804972708082767,2.880513908047937,0.0
1,0.8057146053292271,4.194330717218605,0.0
1,0.8064571863398928,3.564263065173436,0.0
1,0.8072004517449505,3.5709187292576443,0.0
1,0.807944402175167,3.9040135762653554,0.0
1,0.8086890382618913,3.2429399411928146,0.0
1,0.8094343606370534,4.063289350780103,0.0
1,0.8101803699331662,5.607344865533204,0.0
1,0.8109270667833253,3.4552558445971,0.0
1,0.8116744518212097,4.466585106032028,0.0
1,0.812422525681083,4.086559554392053,0.0
1,0.8131712889977928,3.5284559897703796,0.0
1,0.813920742406772,3.199851051917202,0.0
1,0.8146708865440391,2.7278474695497925,0.0
1,0.8154217220461987,6.479382194127899,0.0
1,0.8161732495504425,3.6966626289703806,0.0
1,0.8169254696945489,4.3329096388860195,0.0
1,0.8176783831168848,4.265719334682041,0.0
1,0.8184319904564046,5.159957596840794,0.0
1,0.8191862923526521,5.011524719392586,0.0
1,0.8199412894457607,6.238252096933675,0.0
1,0.8206969823764534,3.2111814853499183,0.0
1,0.8214533717860439,4.146365755625654,0.0
1,0.8222104583164369,4.027454790021389,0.0
1,0.8229682426101285,3.4993360894475316,0.0
1,0.8237267253102075,5.230700820131862,0.0
1,0.824485907060355,5.242590154559284,0.0
1,0.8252457885048453,5.614997659544535,0.0
1,0.8260063702885464,5.229716278219735,0.0
1,0.8267676530569215,4.9510566120480135,0.0
1,0.8275296374560275,5.755979690206517,0.0
1,0.8282923241325174,4.047068986279976,0.0
1,0.8290557137336401,4.943700672584059,0.0
1,0.8298198069072406,3.591230138281788,0.0
1,0.830584604301762,2.4872228411820503,0.0
1,0.8313501065662441,4.543065989914645,0.0
1,0.8321163143503251,5.189620105335077,0.0
1,0.832883228304242,6.074685124649736,0.0
1,0.833650849078831,4.43099590060371,0.0
1,0.8344191773255287,4.95104730340668,0.0
1,0.8351882136963713,7.141532764959139,0.0
1,0.8359579588439963,6.133632870353029,0.0
1,0.8367284134216426,5.204826958079908,0.0
1,0.8374995780831512,4.767886468701847,0.0
1,0.838271453482966,2.9639550843065976,0.0
1,0.8390440402761336,6.32810741377996,0.0
1,0.8398173391183045,5.70986285504569,0.0
1,0.8405913506657335,4.5891075525905745,0.0
1,0.8413660755752801,6.370917263424425,0.0
1,0.8421415145044097,6.042452829713934,0.0
1,0.842917668111193,3.57084401202495,0.0
1,0.8436945370543074,5.613112033306354,0.0
1,0.8444721219930376,3.738598537560436,0.0
1,0.8452504235872754,5.777795798932097,0.0
1,0.8460294424975217,5.473468507551077,0.0
1,0.8468091793848852,6.3044835782771305,0.0
1,0.8475896349110845,4.333410705010285,0.0
1,0.8483708097384475,5.526776513150336,0.0
1,0.8491527045299133,4.328639878507657,0.0
1,0.8499353199490315,7.429816897832526,0.0
1,0.8507186566599632,4.330854915717842,0.0
1,0.8515027153274818,6.286476121541508,0.0
1,0.8522874966169732,4.9921197430104165,0.0
1,0.8530730011944371,5.574004615190715,0.0
1,0.8538592297264863,4.77611186483689,0.0
1,0.8546461828803483,4.740684966542215,0.0
1,0.8554338613238656,5.49908782403342,0.0
1,0.8562222657254959,7.394680446346976,0.0
1,0.8570113967543137,4.826311157540264,0.0
1,0.8578012550800093,4.297129796204051,0.0
1,0.8585918413728907,3.888420990746983,0.0
1,0.8593831563038835,5.807185110811501,0.0
1,0.8601752005445316,4.0793751221934285,0.0
1,0.8609679747669983,6.55646353004156,0.0
1,0.8617614796440659,5.256246010265736,0.0
1,0.8625557158491367,4.9342249271782945,0.0
1,0.8633506840562342,6.357591457989867,0.0
1,0.8641463849400022,4.915139497350928,0.0
1,0.8649428191757073,7.288701829462989,0.0
1,0.8657399874392379,4.630756337202682,0.0
1,0.8665378904071054,7.353815583845034,0.0
1,0.8673365287564446,5.347774434574781,0.0
1,0.8681359031650144,5.51132104723151,0.0
1,0.8689360143111988,6.9172550081755615,0.0
1,0.8697368628740064,4.897660517756418,0.0
1,0.870538449533072,6.507157632787125,0.0
1,0.8713407749686564,8.257277086711072,0.0
1,0.872143839861648,7.080629169683257,0.0
1,0.8729476448935621,4.561811430724346,0.0
1,0.8737521907465425,7.155764489611565,0.0
1,0.8745574781033614,5.697168351365994,0.0
1,0.8753635076474202,10.25981518836642,0.0
1,0.876170280062751,16.876129187626837,0.0
1,0.8769777960340153,7.074889039558071,0.0
1,0.8777860562465061,8.885317764699579,0.0
1,0.8785950613861478,3.676854343907661,0.0
1,0.8794048121394972,7.667474623592533,0.0
1,0.8802153091937438,7.49512033807923,0.0
1,0.8810265532367104,4.1368008805343415,0.0
1,0.8818385449568537,5.429088144431199,0.0
1,0.882651285043265,8.314900764179175,0.0
1,0.8834647741856702,5.1358104722244775,0.0
1,0.8842790130744319,7.455346795295475,0.0
1,0.8850940024005481,4.246102322243484,0.0
1,0.885909742855654,7.834319936382325,0.0
1,0.8867262351320223,17.851023346176067,0.0
1,0.8875434799225631,5.369688389959002,0.0
1,0.8883614779208262,8.334710289818856,0.0
1,0.8891802298209999,7.458774950854076,0.0
1,0.8899997363179122,6.852976721323481,0.0
1,0.8908199981070318,11.801353678702872,0.0
1,0.8916410158844681,9.898413865287305,0.0
1,0.8924627903469726,8.034090420596106,0.0
1,0.8932853221919386,9.269483301888137,0.0
1,0.8941086121174018,6.932423636659489,0.0
1,0.8949326608220416,7.204709971399494,0.0
1,0.8957574690051816,10.085129425879568,0.0
1,0.8965830373667896,6.859357185242111,0.0
1,0.8974093666074783,9.818049918876337,0.0
1,0.8982364574285067,6.437334286884415,0.0
1,0.8990643105317793,6.811161657994608,0.0
1,0.8998929266198485,9.271484846052191,0.0
1,0.9007223063959136,6.277799040139667,0.0
1,0.9015524505638219,9.775596266449455,0.0
1,0.9023833598280697,5.448994291027153,0.0
1,0.9032150348938023,5.916582909768335,0.0
1,0.9040474764668155,8.545662048219526,0.0
1,0.9048806852535548,10.918705419282617,0.0
1,0.9057146619611173,9.60955140044051,0.0
1,0.9065494072972515,13.217112148660357,0.0
1,0.9073849219703584,6.152624631507107,0.0
1,0.9082212066894919,11.664434159332348,0.0
1,0.9090582621643594,10.983064762627356,0.0
1,0.9098960891053222,7.128056819319063,0.0
1,0.9107346882233964,13.429128153155023,0.0
1,0.9115740602302533,20.232641332259202,0.0
1,0.9124142058382205,10.382191976836681,0.0
1,0.9132551257602819,9.66363078233646,0.0
1,0.9140968207100781,9.587747020137643,0.0
1,0.9149392914019081,8.72380176653997,0.0
1,0.9157825385507286,7.581998791542878,0.0
1,0.9166265628721557,9.213055556093705,0.0
1,0.9174713650824651,7.359561021359697,0.0
1,0.9183169458985921,7.365984044860282,0.0
1,0.9191633060381331,8.906679575018705,0.0
1,0.9200104462193462,17.32455869570162,0.0
1,0.920858367161151,6.871852020426001,0.0
1,0.9217070695831296,8.413800641899774,0.0
1,0.9225565542055278,9.667014242768484,0.0
1,0.9234068217492546,21.323094422284633,0.0
1,0.9242578729358841,11.23990596035446,0.0
1,0.925109708487655,18.842775505227333,0.0
1,0.9259623291274716,7.997522465611182,0.0
1,0.9268157355789047,23.714220107970526,0.0
1,0.9276699285661917,7.57719712815176,0.0
1,0.928524908814238,17.421183113975903,0.0
1,0.9293806770486165,8.518284354676364,0.0
1,0.9302372339955691,11.586380239547786,0.0
1,0.9310945803820071,11.809737324831483,0.0
1,0.9319527169355113,21.05595009441989,0.0
1,0.9328116443843341,11.882097265997464,0.0
1,0.9336713634573979,10.25107014983142,0.0
1,0.9345318748842977,15.132838193559301,0.0
1,0.9353931793953005,20.436088327640483,0.0
1,0.9362552777213463,12.208830602974169,0.0
1,0.9371181705940494,15.566276610198432,0.0
1,0.937981858745698,4.514715225041428,0.0
1,0.9388463429092546,10.2411666893927,0.0
1,0.939711623818358,23.848599304487596,0.0
1,0.9405777022073234,17.214708704311107,0.0
1,0.9414445788111419,10.81295611573553,0.0
1,0.9423122543654825,16.988542494175437,0.0
1,0.9431807296066921,11.484239751564655,0.0
1,0.9440500052717961,10.396526466518928,0.0
1,0.9449200820984999,11.558939425870111,0.0
1,0.9457909608251878,15.735677079779943,0.0
1,0.9466626421909253,17.128781557895106,0.0
1,0.9475351269354589,13.788363946693247,0.0
1,0.9484084157992164,15.916615824524827,0.0
1,0.9492825095233091,17.862642149048234,0.0
1,0.9501574088495303,27.94361308882605,0.0
1,0.9510331145203573,15.924487851042343,0.0
1,0.951909627278952,23.735821363366405,0.0
1,0.9527869478691605,12.21024768141368,0.0
1,0.9536650770355154,11.233595445075174,0.0
1,0.954544015523235,12.874623146724815,0.0
1,0.9554237640782243,15.545762518962263,0.0
1,0.9563043234470759,20.013865993895617,0.0
1,0.9571856943770704,20.27427254873332,0.0
1,0.9580678776161776,19.318597816319723,0.0
1,0.958950873913056,17.56650033401901,0.0
1,0.9598346840170545,30.175017462226343,0.0
1,0.9607193086782125,48.24727211557529,0.0
1,0.9616047486472604,45.09038712859708,0.0
1,0.9624910046756212,15.70840659936126,0.0
1,0.96337807751541,21.483182272042306,0.0
1,0.964265967919435,29.180957218366025,0.0
1,0.9651546766411981,19.786796041828637,0.0
1,0.9660442044348964,17.040200667250474,0.0
1,0.9669345520554212,18.311502537522017,0.0
1,0.9678257202583602,26.728251518900045,0.0
1,0.968717709799997,40.100596511263625,0.0
1,0.9696105214373124,46.36222902622025,0.0
1,0.9705041559279852,20.638624215971856,0.0
1,0.9713986140303921,66.76754916779103,0.0
1,0.9722938965036088,40.972748507567715,0.0
1,0.9731900041074106,19.09572010226109,0.0
1,0.9740869376022732,38.57543736364717,0.0
1,0.9749846977493731,29.2366500507863,0.0
1,0.9758832853105884,21.332503877776077,0.0
1,0.9767827010484992,35.89310457160158,0.0
1,0.9776829457263886,29.935830599767634,0.0
1,0.9785840201082429,17.61482444089386,0.0
1,0.979485924958753,13.31794449649405,0.0
1,0.9803886610433142,32.19355258222977,0.0
1,0.9812922291280274,76.6892827208055,0.0
1,0.9821966299796994,37.37378769112979,0.0
1,0.9831018643658436,23.02122082149947,0.0
1,0.9840079330546814,34.22260373214015,0.0
1,0.9849148368151416,12.873873985318887,0.0
1,0.985822576416862,37.54943668961188,0.0
1,0.9867311526301895,29.937081686252213,0.0
1,0.987640566226181,31.803757655027496,0.0
1,0.9885508179766045,37.549304391175625,0.0
1,0.9894619086539387,178.13251018791487,0.0
1,0.9903738390313745,70.47445460229397,0.0
1,0.9912866098828154,43.1663637486519,0.0
1,0.9922002219828783,28.590872182900803,0.0
1,0.9931146761068936,167.59253583206555,0.0
1,0.994029973030907,81.98031993435544,0.0
1,0.9949461135316786,324.15420851760746,0.0
1,0.9958630983866846,52.21504115025314,0.0
1,0.9967809283741186,53.21808761188349,0.0
1,0.9976996042728904,47.429672909899125,0.0
1,0.998619126862628,66.58633974872467,0.0
1,0.999539496923678,195.18677614676568,0.0
1,1.000460715237106,36249.12896115498,0.0
1,1.0013827825846984,66.08092152828752,0.0
1,1.00230569974896,107.52468446036326,0.0
1,1.0032294675131193,38.42490778537313,0.0
1,1.0041540866611256,57.01892426517409,0.0
1,1.0050795579776497,22.122202797591193,0.0
1,1.0060058822480875,115.08434278856184,0.0
1,1.006933060258557,61.470953539490424,0.0
1,1.0078610927959015,158.91669592870056,0.0
1,1.0087899806476905,757.5836385751434,0.0
1,1.0097197246022172,249.81859395589368,0.0
1,1.010650325448503,106.47688685309492,0.0
1,1.0115817839762957,108.6100094990988,0.0
1,1.0125141009760714,342.50478644635,0.0
1,1.013447277239035,72.90360943186882,0.0
1,1.0143813135571191,80.89116785795912,0.0
1,1.0153162107229885,36.36444268322103,0.0
1,1.0162519695300363,134.1064038886218,0.0
1,1.017188590772388,98.97567549259529,0.0
1,1.0181260752449017,34.65829328494759,0.0
1,1.0190644237431659,47.45217590720648,0.0
1,1.020003637063505,43.2351037562638,0.0
1,1.0209437160029746,45.63166776424445,0.0
1,1.021884661359367,70.45583251179433,0.0
1,1.0228264739312096,28.18927160559921,0.0
1,1.023769154517764,14.385637737694399,0.0
1,1.0247127039190311,26.904791388507512,0.0
1,1.025657122935746,19.597428492001022,0.0
1,1.0266024123693847,25.97977880148201,0.0
1,1.0275485730221605,43.50277755982043,0.0
1,1.0284956056970254,14.76974467588672,0.0
1,1.0294435111976734,153.83762806031763,0.0
1,1.0303922903285367,53.48384566208324,0.0
1,1.031341943894791,27.748267722394047,0.0
1,1.032292472702354,21.946311419023353,0.0
1,1.033243877557884,27.188931738675727,0.0
1,1.034196159268785,39.5159840709799,0.0
1,1.035149318643205,52.06100346688322,0.0
1,1.036103356490035,17.5309394882456,0.0
1,1.0370582736189138,13.38802453308111,0.0
1,1.0380140708402243,26.336946458939046,0.0
1,1.038970748965098,49.57430675445745,0.0
1,1.0399283088054132,31.096921024216392,0.0
1,1.040886751173796,13.897664343017366,0.0
1,1.041846076883623,54.641137623189536,0.0
1,1.0428062867490182,32.257570738281046,0.0
1,1.0437673815848578,12.414232361507782,0.0
1,1.0447293622067688,55.26112470597332,0.0
1,1.0456922294311286,26.210349378417476,0.0
1,1.0466559840750689,15.93531757818769,0.0
1,1.0476206269564723,38.76397881261363,0.0
1,1.0485861588939769,8.084592241353377,0.0
1,1.0495525807069757,34.30987993892573,0.0
1,1.0505198932156146,16.809405463460294,0.0
1,1.0514880972407978,22.443964884824634,0.0
1,1.052457193604184,12.167614435470533,0.0
1,1.0534271831281912,10.06533487440981,0.0
1,1.0543980666359942,26.816343554402383,0.0
1,1.0553698449515263,8.228864350391106,0.0
1,1.056342518899481,33.342740557461084,0.0
1,1.0573160893053108,11.444014674300208,0.0
1,1.05829055699523,12.114593648478515,0.0
1,1.0592659227962142,11.5125917409854,0.0
1,1.0602421875360002,11.102245970772085,0.0
1,1.0612193520430895,43.87284212419142,0.0
1,1.062197417146745,25.78856779927338,0.0
1,1.0631763836769952,18.20985218117674,0.0
1,1.0641562524646342,22.783433518753966,0.0
1,1.06513702434122,12.163334423561375,0.0
1,1.0661187001390786,16.43121670198537,0.0
1,1.0671012806913018,9.75007781676405,0.0
1,1.0680847668317504,12.415624161827658,0.0
1,1.0690691593950534,10.169011867855232,0.0
1,1.0700544592166081,7.159041877170125,0.0
1,1.0710406671325834,10.486007250750497,0.0
1,1.072027783979917,6.631819314091091,0.0
1,1.0730158105963192,9.579416390657059,0.0
1,1.0740047478202728,28.973722104833115,0.0
1,1.0749945964910315,15.564104293344924,0.0
1,1.0759853574486244,15.565296741817518,0.0
1,1.0769770315338536,15.677018742381428,0.0
1,1.0779696195882964,11.217879922558144,0.0
1,1.0789631224543068,10.605724152541637,0.0
1,1.079957540975013,11.467268587751304,0.0
1,1.0809528759943228,6.890891814444638,0.0
1,1.0819491283569191,10.627285022976487,0.0
1,1.0829462989082657,7.760678539695469,0.0
1,1.0839443884946045,33.29996206454488,0.0
1,1.0849433979629566,11.415660453971473,0.0
1,1.0859433281611253,10.955763195902176,0.0
1,1.0869441799376949,11.149660079461444,0.0
1,1.0879459541420302,11.26013141859356,0.0
1,1.0889486516242814,17.969984785092095,0.0
1,1.08995227323538,12.880481651800057,0.0
1,1.0909568198270425,10.188472763914504,0.0
1,1.0919622922517718,8.534698692352062,0.0
1,1.0929686913628536,16.2873945085658,0.0
1,1.0939760180143627,7.976634112355201,0.0
1,1.0949842730611594,15.57860889858484,0.0
1,1.0959934573588928,16.772755278201423,0.0
1,1.0970035717640005,9.09996191777853,0.0
1,1.0980146171337084,10.711604798804661,0.0
1,1.0990265943260344,6.543121454608839,0.0
1,1.1000395041997848,7.469178846138879,0.0
1,1.1010533476145594,10.050022829080566,0.0
1,1.1020681254307498,7.093655746299843,0.0
1,1.1030838385095394,13.448793639913319,0.0
1,1.104100487712907,8.73258218976206,0.0
1,1.1051180739036242,9.009189857291055,0.0
1,1.1061365979452589,8.69681611980456,0.0
1,1.1071560607021753,6.745007407623907,0.0
1,1.1081764630395323,14.669834603468148,0.0
1,1.1091978058232888,10.20860926977317,0.0
1,1.1102200899201988,14.344489341410807,0.0
1,1.1112433161978175,10.837844786791285,0.0
1,1.1122674855244996,10.216891116688611,0.0
1,1.1132925987693982,11.93526182506684,0.0
1,1.1143186568024697,11.479025199980278,0.0
1,1.11534566049447,9.666714431470371,0.0
1,1.1163736107169597,10.357633454438961,0.0
1,1.1174025083423023,6.9335339762328285,0.0
1,1.1184323542436632,5.886222506470235,0.0
1,1.1194631492950156,12.74377963261676,0.0
1,1.1204948943711355,7.077290015713569,0.0
1,1.1215275903476067,11.887457170156564,0.0
1,1.1225612381008205,6.6799632008572924,0.0
1,1.1235958385079736,8.267715747297334,0.0
1,1.1246313924470739,8.468909407056191,0.0
1,1.125667900796936,7.665998456482519,0.0
1,1.126705364437186,5.830113180361296,0.0
1,1.1277437842482612,7.488951091964292,0.0
1,1.1287831611114083,12.894292285689392,0.0
1,1.1298234959086884,5.527645634170879,0.0
1,1.1308647895229733,12.334788281175094,0.0
1,1.1319070428379507,8.063241895740063,0.0
1,1.132950256738122,6.1046267063029855,0.0
1,1.1339944321088025,5.120623906298665,0.0
1,1.1350395698361258,11.594022055815982,0.0
1,1.1360856708070395,6.031757213795649,0.0
1,1.1371327359093106,5.799635373932781,0.0
1,1.1381807660315246,6.885217268260058,0.0
1,1.139229762063084,8.730078213401406,0.0
1,1.1402797248942131,6.54316574567561,0.0
1,1.1413306554159546,6.999814667686662,0.0
1,1.142382554520174,7.566037292402029,0.0
1,1.143435423099559,4.522723216503138,0.0
1,1.1444892620476181,6.251108218551707,0.0
1,1.1455440722586852,6.79866150581749,0.0
1,1.1465998546279181,6.7936212538985,0.0
1,1.1476566100512988,5.681203441199118,0.0
1,1.148714339425636,5.368991422496359,0.0
1,1.1497730436485638,10.947586684365739,0.0
1,1.1508327236185447,13.450407741380744,0.0
1,1.1518933802348699,7.652285132984048,0.0
1,1.1529550143976566,5.77337254374889,0.0
1,1.1540176270078548,8.987641685554314,0.0
1,1.1550812189672424,8.481945994254655,0.0
1,1.1561457911784299,8.032342907609273,0.0
1,1.15721134454486,5.779494413323521,0.0
1,1.158277879970806,9.426063409481998,0.0
1,1.159345398361377,9.984847201999155,0.0
1,1.1604139006225145,8.637317731306254,0.0
1,1.1614833876609956,7.46821513015271,0.0
1,1.162553860384434,8.802193370130055,0.0
1,1.1636253197012782,8.394170686955428,0.0
1,1.1646977665208156,5.98439220826174,0.0
1,1.16577120175317,5.326684684943883,0.0
1,1.1668456263093054,11.069334076483688,0.0
1,1.1679210411010255,4.826594482718407,0.0
1,1.1689974470409723,8.110374893144638,0.0
1,1.1700748450426317,7.8401610727620845,0.0
1,1.1711532360203292,7.411635305668359,0.0
1,1.1722326208892342,5.520210549714156,0.0
1,1.17331300056536,5.67568840466047,0.0
1,1.1743943759655624,6.429781498096142,0.0
1,1.1754767480075445,5.216899643152631,0.0
1,1.1765601176098524,6.295112422007019,0.0
1,1.1776444856918813,4.443293229550132,0.0
1,1.178729853173873,7.414113876379711,0.0
1,1.1798162209769165,4.8807786788630345,0.0
1,1.1809035900229512,6.167167161379124,0.0
1,1.1819919612347645,5.332602972859732,0.0
1,1.1830813355359955,6.219266406643573,0.0
1,1.1841717138511352,8.466477188548303,0.0
1,1.1852630971055242,6.492224112594045,0.0
1,1.1863554862253591,6.396967888786163,0.0
1,1.187448882137687,6.109464887513372,0.0
1,1.1885432857704115,8.642206383038122,0.0
1,1.1896386980522913,6.4190245288689844,0.0
1,1.1907351199129395,6.6751343014151585,0.0
1,1.1918325522828281,4.3551358532795375,0.0
1,1.1929309960932846,3.970743114568435,0.0
1,1.1940304522764962,3.6131478614889097,0.0
1,1.1951309217655097,6.158978999023757,0.0
1,1.1962324054942297,5.805984269823176,0.0
1,1.1973349043974242,5.424905638691337,0.0
1,1.19843841941072,4.06346593336164,0.0
1,1.1995429514706084,5.201275747332504,0.0
1,1.2006485015144435,5.689439038959428,0.0
1,1.2017550704804414,6.542783148596447,0.0
1,1.2028626593076857,5.335310455048968,0.0
1,1.203971268936123,5.309786737111468,0.0
1,1.2050809003065677,5.347779734988127,0.0
1,1.2061915543607018,5.054932753093807,0.0
1,1.2073032320410726,4.738601561370535,0.0
1,1.208415934291099,4.964331151616756,0.0
1,1.2095296620550682,4.193854464875457,0.0
1,1.2106444162781367,4.607278127368161,0.0
1,1.2117601979063344,8.298190207993713,0.0
1,1.2128770078865603,5.2348595689582265,0.0
1,1.2139948471665885,6.037460470558669,0.0
1,1.215113716695066,4.956574026313248,0.0
1,1.2162336174215127,4.650199710044973,0.0
1,1.217354550296326,5.521198198556497,0.0
1,1.2184765162707767,4.566636494112181,0.0
1,1.2195995162970141,4.135319381981341,0.0
1,1.2207235513280652,5.865327008828972,0.0
1,1.2218486223178333,4.728641120902877,0.0
1,1.2229747302211036,4.378433203275603,0.0
1,1.2241018759935385,4.3330515812202,0.0
1,1.2252300605916835,4.358908561769959,0.0
1,1.226359284972965,5.625234861680985,0.0
1,1.2274895500956906,5.176438758753626,0.0
1,1.2286208569190533,4.791529745570236,0.0
1,1.2297532064031276,5.207788811574867,0.0
1,1.230886599508875,4.227491120045343,0.0
1,1.232021037198142,7.297744803658936,0.0
1,1.2331565204336605,5.2048700762743,0.0
1,1.2342930501790519,5.836796048680739,0.0
1,1.235430627398823,4.783420201849875,0.0
1,1.2365692530583716,5.484926858784537,0.0
1,1.2377089281239853,5.419423985533445,0.0
1,1.2388496535628402,5.3370176778726695,0.0
1,1.2399914303430066,3.728601712042568,0.0
1,1.2411342594334442,8.579753931347367,0.0
1,1.2422781418040076,5.920682484119732,0.0
1,1.2434230784254459,5.810281656661762,0.0
1,1.2445690702694,5.902445323347609,0.0
1,1.2457161183084096,4.4712704581316824,0.0
1,1.2468642235159075,4.569504060905553,0.0
1,1.2480133868662266,4.496404521515224,0.0
1,1.2491636093345968,4.751730322914091,0.0
1,1.2503148918971454,5.019439585350847,0.0
1,1.2514672355309018,7.405972984784905,0.0
1,1.2526206412137932,5.101323092841328,0.0
1,1.2537751099246501,3.6298156982848724,0.0
1,1.2549306426432052,5.802768107507038,0.0
1,1.2560872403500922,4.324600910681148,0.0
1,1.257244904026851,4.4307126463960795,0.0
1,1.258403634655924,5.956010221061082,0.0
1,1.2595634332206602,6.184300698238753,0.0
1,1.260724300705316,4.5160221965947045,0.0
1,1.2618862380950517,6.085953912049206,0.0
1,1.2630492463759395,5.211747608421723,0.0
1,1.2642133265349567,4.677880795153728,0.0
1,1.2653784795599927,4.578612985772812,0.0
1,1.2665447064398476,4.250515607043831,0.0
1,1.2677120081642304,5.383987148787805,0.0
1,1.268880385723765,4.036196424184553,0.0
1,1.2700498401099858,5.151011617931566,0.0
1,1.2712203723153428,6.156705982950673,0.0
1,1.2723919833332011,5.173924460629758,0.0
1,1.273564674157839,4.5959241436541065,0.0
1,1.274738445784453,4.525892243719888,0.0
1,1.2759132992091573,5.343006027946823,0.0
1,1.277089235428982,3.248667119073743,0.0
1,1.2782662554418784,5.614422524823207,0.0
1,1.2794443602467154,5.546797922110515,0.0
1,1.280623550843284,4.2177890349314255,0.0
1,1.2818038282322972,4.018569439185169,0.0
1,1.282985193415388,4.578951634094553,0.0
1,1.2841676473951151,5.381318842105496,0.0
1,1.2853511911749589,3.518705396640901,0.0
1,1.286535825759326,5.702923869336667,0.0
1,1.2877215521535497,4.193187089625732,0.0
1,1.2889083713638867,4.139348314781625,0.0
1,1.2900962843975248,4.377290148677799,0.0
1,1.2912852922625768,4.5591890797979815,0.0
1,1.292475395968087,4.415593683511321,0.0
1,1.293666596524029,5.148772567403126,0.0
1,1.294858894941306,4.449099602226537,0.0
1,1.2960522922317552,4.451967543635844,0.0
1,1.2972467894081439,4.004124290963954,0.0
1,1.2984423874841744,5.008369165054386,0.0
1,1.2996390874744836,4.429280205520231,0.0
1,1.3008368903946415,4.09610798023172,0.0
1,1.3020357972611567,4.301332006825877,0.0
1,1.303235809091472,5.533836279065742,0.0
1,1.3044369269039697,4.483667878728881,0.0
1,1.3056391517179713,4.503970099618673,0.0
1,1.3068424845537352,4.384066050895907,0.0
1,1.308046926432463,3.8589897695425175,0.0
1,1.3092524783762947,4.569200696298059,0.0
1,1.3104591414083142,5.140638880963431,0.0
1,1.3116669165525487,3.3599832149531066,0.0
1,1.312875804833967,4.646875164177078,0.0
1,1.3140858072784853,5.078241674558177,0.0
1,1.3152969249129625,4.322481671413906,0.0
1,1.316509158765206,4.155909772517776,0.0
1,1.3177225098639704,5.175239010936309,0.0
1,1.3189369792389567,4.520551102936059,0.0
1,1.3201525679208173,5.8336646900791145,0.0
1,1.3213692769411518,4.377451666339852,0.0
1,1.3225871073325126,4.984603444722804,0.0
1,1.3238060601284043,5.204660514856561,0.0
1,1.325026136363281,4.80614671379122,0.0
1,1.3262473370725536,4.33325301852674,0.0
1,1.3274696632925846,4.068031874625557,0.0
1,1.3286931160606932,4.235742157235407,0.0
1,1.3299176964151551,3.895071055414934,0.0
1,1.3311434053952007,6.049187872679711,0.0
1,1.332370244041021,3.7629558113800154,0.0
1,1.3335982133937627,4.585928676169948,0.0
1,1.3348273144955343,3.908059965594191,0.0
1,1.3360575483894048,3.6014892491782837,0.0
1,1.3372889161194026,6.047317561201815,0.0
1,1.33852141873052,3.860077028592624,0.0
1,1.339755057268713,4.418357697036557,0.0
1,1.3409898327808984,4.550084645371908,0.0
1,1.342225746314962,3.623399477530637,0.0
1,1.343462798919752,4.327489876344453,0.0
1,1.3447009916450854,4.227926484758669,0.0
1,1.3459403255417461,5.643146729213393,0.0
1,1.3471808016614857,3.906848656573394,0.0
1,1.3484224210570268,4.5452254576378515,0.0
1,1.34966518478206,4.008023300657639,0.0
1,1.350909093891249,3.712790403267709,0.0
1,1.3521541494402292,6.160183687817159,0.0
1,1.353400352485607,3.696472628882252,0.0
1,1.3546477040849663,3.6483018121034583,0.0
1,1.3558962052968613,3.5541677098931093,0.0
1,1.3571458571808253,4.049963451948681,0.0
1,1.3583966607973672,3.046533452988143,0.0
1,1.3596486172079716,4.568721828210894,0.0
1,1.3609017274751043,4.000681876748761,0.0
1,1.3621559926622073,4.829622654967899,0.0
1,1.363411413833705,4.32295673989814,0.0
1,1.3646679920550024,4.24864340973318,0.0
1,1.3659257283924853,5.309660589429614,0.0
1,1.3671846239135237,4.7359793972999515,0.0
1,1.3684446796864698,4.384207072594903,0.0
1,1.369705896780662,4.498867377033345,0.0
1,1.370968276266424,4.810182385277524,0.0
1,1.3722318192150642,4.544839405042853,0.0
1,1.3734965266988814,3.4805386832139087,0.0
1,1.3747623997911593,3.849880273742901,0.0
1,1.3760294395661734,3.4181157195923757,0.0
1,1.377297647099189,4.500634995459974,0.0
1,1.37856702346646,4.2306296634336835,0.0
1,1.3798375697452359,3.9090807537272036,0.0
1,1.3811092870137556,5.121251857825975,0.0
1,1.3823821763512538,3.9892259124519276,0.0
1,1.3836562388379603,3.4309721550368213,0.0
1,1.384931475555098,4.652427426911879,0.0
1,1.3862078875848893,3.422912384534925,0.0
1,1.387485476010551,3.6669137896702244,0.0
1,1.3887642419163009,4.170617626014215,0.0
1,1.3900441863873554,4.72480220798672,0.0
1,1.391325310509929,4.03314679149403,0.0
1,1.3926076153712408,3.926653668054686,0.0
1,1.3938911020595084,4.645089407065997,0.0
1,1.3951757716639548,3.9076616914353055,0.0
1,1.396461625274807,3.695801251186011,0.0
1,1.3977486639832941,3.9863876237633455,0.0
1,1.3990368888816545,4.820962108645773,0.0
1,1.4003263010631297,3.7988093432692907,0.0
1,1.4016169016219715,3.924593533487504,0.0
1,1.4029086916534401,4.765297215304508,0.0
1,1.4042016722538027,3.471388360875143,0.0
1,1.4054958445203398,4.6285138409943025,0.0
1,1.4067912095513406,3.405064907222265,0.0
1,1.4080877684461084,3.588352761906952,0.0
1,1.40938552230496,4.266194851116069,0.0
1,1.4106844722292238,3.244112327602245,0.0
1,1.4119846193212453,3.622948207965904,0.0
1,1.4132859646843865,3.6362478148062185,0.0
1,1.4145885094230237,4.245904006545869,0.0
1,1.415892254642554,3.1074494191514863,0.0
1,1.4171972014493905,3.637152123726575,0.0
1,1.4185033509509681,3.553063800185542,0.0
1,1.4198107042557426,4.070643737188247,0.0
1,1.4211192624731888,3.68143260779859,0.0
1,1.422429026713807,4.52688229700785,0.0
1,1.4237399980891188,4.035777282117108,0.0
1,1.4250521777116711,3.7685775945005595,0.0
1,1.4263655666950377,3.86097796586966,0.0
1,1.427680166153815,3.727767310148177,0.0
1,1.428995977203631,3.390503001649737,0.0
1,1.4303130009611378,2.9768079366096662,0.0
1,1.4316312385440195,4.223029327786319,0.0
1,1.4329506910709904,3.387338748115515,0.0
1,1.434271359661793,4.100377221327332,0.0
1,1.4355932454372056,4.0674527091709365,0.0
1,1.4369163495190358,4.9461634161083925,0.0
1,1.4382406730301278,3.7847567333444614,0.0
1,1.4395662170943602,3.4813176666792045,0.0
1,1.4408929828366457,3.305681624876515,0.0
1,1.4422209713829364,3.8590782842960554,0.0
1,1.4435501838602192,3.640188008858054,0.0
1,1.4448806213965217,3.377168646140807,0.0
1,1.4462122851209118,3.7573514603899874,0.0
1,1.4475451761634952,4.242942322243769,0.0
1,1.4488792956554224,4.125779313630716,0.0
1,1.450214644728883,4.55818739689191,0.0
1,1.4515512245171132,3.1453714052201325,0.0
1,1.4528890361543922,3.8495038309104457,0.0
1,1.4542280807760442,3.752675194016153,0.0
1,1.455568359518441,3.4241216293950636,0.0
1,1.4569098735189998,4.53715744136325,0.0
1,1.4582526239161882,3.8226850781022637,0.0
1,1.4595966118495227,3.3676090851764746,0.0
1,1.4609418384595683,3.3084109718584727,0.0
1,1.4622883048879436,3.274326509152253,0.0
1,1.4636360122773167,4.708948466665806,0.0
1,1.464984961771411,4.2423044352747,0.0
1,1.4663351545150043,4.195868498912512,0.0
1,1.4676865916539268,4.328272071019747,0.0
1,1.4690392743350678,4.809515019711408,0.0
1,1.4703932037063707,3.98146960077846,0.0
1,1.4717483809168395,3.013215277348384,0.0
1,1.4731048071165367,3.575533087554374,0.0
1,1.4744624834565825,3.4157884908106833,0.0
1,1.4758214110891612,3.639060849327218,0.0
1,1.4771815911675161,3.7423456412762315,0.0
1,1.4785430248459555,3.753241217374274,0.0
1,1.4799057132798514,3.460414064839689,0.0
1,1.4812696576256386,4.24673773353931,0.0
1,1.4826348590408207,3.3536171984875125,0.0
1,1.4840013186839653,3.6490725929195182,0.0
1,1.4853690377147095,3.2525431525883945,0.0
1,1.4867380172937594,3.1023107371609795,0.0
1,1.488108258582889,3.973275831184451,0.0
1,1.4894797627449448,3.735405135346262,0.0
1,1.4908525309438452,3.4664249340568416,0.0
1,1.4922265643445791,4.365508511958778,0.0
1,1.4936018641132123,3.375683719506429,0.0
1,1.4949784314168817,3.968986728238996,0.0
1,1.4963562674238025,3.808326122723673,0.0
1,1.497735373303267,3.3393202727259026,0.0
1,1.499115750225642,3.4748126692286307,0.0
1,1.500497399362377,3.768639260781913,0.0
1,1.501880321885997,3.3502129477944345,0.0
1,1.503264518970111,4.186960772646604,0.0
1,1.504649991789409,3.948579897969661,0.0
1,1.5060367415196614,3.542452131483645,0.0
1,1.5074247693377258,3.7472108432883027,0.0
1,1.5088140764215408,3.709552208197934,0.0
1,1.510204663950133,3.990004026262574,0.0
1,1.511596533103616,3.4129002381953057,0.0
1,1.5129896850631885,3.6954419209999854,0.0
1,1.5143841210111408,4.000579712645036,0.0
1,1.5157798421308502,3.215803421182108,0.0
1,1.5171768496067863,3.8669395328509752,0.0
1,1.5185751446245113,3.672094011620056,0.0
1,1.5199747283706766,4.846285767603783,0.0
1,1.5213756020330311,4.046148619628633,0.0
1,1.5227777668004154,3.879757276964969,0.0
1,1.5241812238627677,3.7701546310956386,0.0
1,1.5255859744111229,4.001452400454476,0.0
1,1.5269920196376114,4.316051471085803,0.0
1,1.5283993607354658,3.3772925969099914,0.0
1,1.5298079988990148,3.6072280990144683,0.0
1,1.53121793532369,3.3814450619213714,0.0
1,1.5326291712060256,3.4957893796726616,0.0
1,1.5340417077436557,3.341271144396561,0.0
1,1.535455546135321,2.9526213502160092,0.0
1,1.5368706875808644,3.730513238698586,0.0
1,1.5382871332812371,3.45153565047404,0.0
1,1.5397048844384966,4.0744750097350115,0.0
1,1.541123942255806,3.126366488211446,0.0
1,1.5425443079374412,3.8878146368647406,0.0
1,1.543965982688784,3.296037331001165,0.0
1,1.5453889677163293,3.8639192329185224,0.0
1,1.546813264227685,3.458435796518952,0.0
1,1.5482388734315689,3.6125438276693425,0.0
1,1.549665796537816,3.894924410781613,0.0
1,1.5510940347573736,3.576941959169157,0.0
1,1.5525235893023066,3.7466533317035653,0.0
1,1.5539544613857978,2.968286528780779,0.0
1,1.5553866522221456,3.398611902359435,0.0
1,1.5568201630267704,4.228940209856762,0.0
1,1.5582549950162097,3.2828170606980107,0.0
1,1.559691149408125,3.255754920042116,0.0
1,1.5611286274212992,3.419351726481916,0.0
1,1.562567430275637,3.213643857801543,0.0
1,1.5640075591921703,3.6660528406168,0.0
1,1.5654490153930527,3.5145281531500663,0.0
1,1.5668918001015673,3.3732806050735658,0.0
1,1.5683359145421243,3.532805165245527,0.0
1,1.56978135994026,3.173360569100966,0.0
1,1.5712281375226422,3.3523441679202546,0.0
1,1.57267624851707,3.7142047705501255,0.0
1,1.574125694152471,3.8572333110922306,0.0
1,1.5755764756589095,3.252691421310447,0.0
1,1.5770285942675792,3.509280575365023,0.0
1,1.5784820512108118,3.7191395591009297,0.0
1,1.5799368477220743,4.075881346633286,0.0
1,1.581392985035968,3.87556565175184,0.0
1,1.582850464388236,3.5973929377628187,0.0
1,1.5843092870157562,3.9871130192308084,0.0
1,1.5857694541565495,3.126628490220746,0.0
1,1.5872309670497775,3.741517817851057,0.0
1,1.5886938269357413,4.171456877752519,0.0
1,1.590158035055889,3.013819254076071,0.0
1,1.591623592652809,4.233559483242832,0.0
1,1.5930905009702379,3.4496798831877955,0.0
1,1.5945587612530576,3.5291438063770277,0.0
1,1.596028374747296,4.235315285854583,0.0
1,1.5974993427001323,2.982874081904554,0.0
1,1.5989716663598914,3.484499050984487,0.0
1,1.600445346976052,3.653178018881597,0.0
1,1.6019203857992435,3.4870671330734044,0.0
1,1.6033967840812462,3.4446173121527974,0.0
1,1.6048745430749969,3.4975390222938723,0.0
1,1.606353664034584,3.652035443263074,0.0
1,1.6078341482152545,3.4536101273225217,0.0
1,1.6093159968734116,3.811790853773721,0.0
1,1.6107992112666152,2.997183591081965,0.0
1,1.6122837926535858,3.9665898202930823,0.0
1,1.6137697422942021,2.877431167822853,0.0
1,1.615257061449506,2.9516766974450728,0.0
1,1.6167457513817014,3.1532357537105513,0.0
1,1.6182358133541535,3.153861508787611,0.0
1,1.6197272486313945,4.186231190654912,0.0
1,1.6212200584791192,4.239860973159329,0.0
1,1.6227142441641915,3.4685008378832136,0.0
1,1.6242098069546427,3.4622170658639475,0.0
1,1.6257067481196703,3.121727504157119,0.0
1,1.6272050689296447,3.55559766949865,0.0
1,1.6287047706561042,3.588675883827843,0.0
1,1.630205854571761,3.9931166425683227,0.0
1,1.6317083219505009,3.169248631641807,0.0
1,1.6332121740673806,3.314024493755274,0.0
1,1.6347174121986359,3.462940104001074,0.0
1,1.6362240376216752,3.8667416908749637,0.0
1,1.6377320516150864,3.8162479409806815,0.0
1,1.6392414554586363,4.327958631743766,0.0
1,1.6407522504332688,3.921701107153837,0.0
1,1.6422644378211109,3.6151029518986135,0.0
1,1.643778018905469,4.211069301369498,0.0
1,1.6452929949708337,3.705134712611217,0.0
1,1.64680936730288,3.136276967997804,0.0
1,1.6483271371884658,3.4420840885775092,0.0
1,1.6498463059156372,3.964652907262168,0.0
1,1.6513668747736252,3.703709781384343,0.0
1,1.6528888450528505,3.575452307390153,0.0
1,1.654412218044924,3.4941857688323905,0.0
1,1.6559369950426444,3.5131631388041713,0.0
1,1.6574631773400035,3.340255276867331,0.0
1,1.6589907662321868,4.011202677225879,0.0
1,1.6605197630155701,3.7929021357626134,0.0
1,1.6620501689877283,3.6884753608933707,0.0
1,1.6635819854474279,3.5978615101940297,0.0
1,1.6651152136946354,4.013005260273489,0.0
1,1.6666498550305155,3.9398465027606995,0.0
1,1.6681859107574295,3.397668642411681,0.0
1,1.669723382178942,4.089819027064728,0.0
1,1.6712622705998161,3.328522601962164,0.0
1,1.6728025773260198,3.380855353448432,0.0
1,1.6743443036647248,3.538236127971472,0.0
1,1.6758874509243047,3.7108945935514583,0.0
1,1.677432020414343,3.5413606961245465,0.0
1,1.678978013445626,2.8082163454053397,0.0
1,1.6805254313301512,3.537821467040314,0.0
1,1.682074275381125,3.3353257974921497,0.0
1,1.6836245469129618,3.937275101254935,0.0
1,1.6851762472412906,3.565221632296307,0.0
1,1.6867293776829493,3.1522004242698345,0.0
1,1.6882839395559928,3.6917484328775148,0.0
1,1.68983993417969,3.4767480263226282,0.0
1,1.6913973628745234,3.4629606808400206,0.0
1,1.6929562269621958,3.6481738573407974,0.0
1,1.6945165277656253,3.3677572551756922,0.0
1,1.6960782666089513,3.769764186834037,0.0
1,1.6976414448175334,3.304228873958786,0.0
1,1.6992060637179505,3.083331983517355,0.0
1,1.7007721246380076,3.9497676422392156,0.0
1,1.7023396289067299,3.43833623092471,0.0
1,1.7039085778543699,3.541593875409645,0.0
1,1.7054789728124065,3.5874264138354066,0.0
1,1.7070508151135428,3.786528501920865,0.0
1,1.7086241060917138,3.6012886028950044,0.0
1,1.7101988470820806,3.5132949089162664,0.0
1,1.711775039421037,3.279255175542246,0.0
1,1.7133526844462088,3.475846415484387,0.0
1,1.7149317834964521,3.687733274346896,0.0
1,1.7165123379118603,3.405268044221746,0.0
1,1.7180943490337581,3.601274340110226,0.0
1,1.7196778182047097,3.3860809498841338,0.0
1,1.721262746768516,3.2071556924911957,0.0
1,1.7228491360702143,3.3124719206623574,0.0
1,1.7244369874560845,3.2443574052841955,0.0
1,1.7260263022736444,4.046107352841765,0.0
1,1.7276170818716559,3.4489040610371564,0.0
1,1.7292093276001241,3.546075788420562,0.0
1,1.730803040810296,3.9777318024983863,0.0
1,1.7323982228546668,3.364765992971387,0.0
1,1.7339948750869754,3.6577751614177947,0.0
1,1.7355929988622107,3.738916337104537,0.0
1,1.7371925955366103,3.4733181622248637,0.0
1,1.738793666467659,3.803891953848281,0.0
1,1.7403962130140964,3.875676739777687,0.0
1,1.7420002365359128,3.452506662733846,0.0
1,1.7436057383943504,3.96686287345546,0.0
1,1.7452127199519092,3.499927790973395,0.0
1,1.7468211825723412,3.795257592194806,0.0
1,1.7484311276206583,3.0128373472198016,0.0
1,1.7500425564631301,3.585485788207453,0.0
1,1.751655470467283,3.2194467132204716,0.0
1,1.7532698710019072,3.747780477996173,0.0
1,1.754885759437051,3.4190314962659447,0.0
1,1.756503137144028,3.293677344962602,0.0
1,1.7581220054954159,3.5783539091587175,0.0
1,1.759742365865054,3.395555216816719,0.0
1,1.761364219628052,3.3049478681974813,0.0
1,1.7629875681607834,3.191391154763889,0.0
1,1.7646124128408927,3.4940088483835043,0.0
1,1.7662387550472942,3.377279305319177,0.0
1,1.7678665961601703,3.7310430587226406,0.0
1,1.769495937560979,3.368406729831597,0.0
1,1.771126780632448,3.610656235378304,0.0
1,1.772759126758582,3.419637802447042,0.0
1,1.7743929773246614,4.17380828287671,0.0
1,1.7760283337172407,3.9441239920009155,0.0
1,1.7776651973241553,3.065350261330314,0.0
1,1.779303569534517,3.591580286914189,0.0
1,1.7809434517387197,3.599736368101771,0.0
1,1.7825848453284396,3.2133201849449358,0.0
1,1.784227751696632,3.631571769371136,0.0
1,1.7858721722375401,3.1474983115907493,0.0
1,1.7875181083466885,3.712287235353588,0.0
1,1.7891655614208903,3.50261405297015,0.0
1,1.7908145328582465,3.3850199188033203,0.0
1,1.7924650240581435,3.666577534641884,0.0
1,1.7941170364212613,3.0153868863036095,0.0
1,1.7957705713495669,3.6051934185930987,0.0
1,1.7974256302463227,3.5206016152322603,0.0
1,1.7990822145160839,3.8794258784110442,0.0
1,1.8007403255646972,3.4708122870021114,0.0
1,1.8023999647993099,3.3033090836191987,0.0
1,1.804061133628361,2.9815253208423567,0.0
1,1.8057238334615913,3.5239376303598746,0.0
1,1.8073880657100405,3.5557898242145853,0.0
1,1.8090538317860463,3.3892717331353768,0.0
1,1.8107211331032513,3.999249371761386,0.0
1,1.8123899710765976,3.239413872799155,0.0
1,1.8140603471223342,3.005525284019811,0.0
1,1.8157322626580155,3.4884734992231667,0.0
1,1.8174057191024988,3.5946536377560836,0.0
1,1.8190807178759536,3.5524581318456474,0.0
1,1.8207572603998545,3.1327974139439485,0.0
1,1.8224353480969888,3.6298975690344464,0.0
1,1.8241149823914549,3.5395338149252886,0.0
1,1.8257961647086611,3.455277879739585,0.0
1,1.8274788964753335,3.5949353721954855,0.0
1,1.8291631791195087,3.307608076535116,0.0
1,1.830849014070543,3.386745295249875,0.0
1,1.8325364027591091,3.992245942656088,0.0
1,1.8342253466171967,3.423258183891641,0.0
1,1.8359158470781172,3.2238087149048837,0.0
1,1.8376079055765029,3.7613537133239836,0.0
1,1.8393015235483061,3.0798681722853503,0.0
1,1.840996702430806,3.337549074140913,0.0
1,1.8426934436626028,3.782309553079985,0.0
1,1.8443917486836252,3.2158421898613216,0.0
1,1.846091618935129,3.3403947526445306,0.0
1,1.847793055859696,3.7792462953817383,0.0
1,1.8494960609012405,3.269599156447878,0.0
1,1.8512006355050046,3.3857076790212797,0.0
1,1.8529067811175646,3.058747588083828,0.0
1,1.8546144991868303,3.4723769843339896,0.0
1,1.8563237911620432,3.4127504655233385,0.0
1,1.8580346584937841,3.4943458693556386,0.0
1,1.8597471026339671,3.3883847556193754,0.0
1,1.861461125035847,3.4306393355856484,0.0
1,1.8631767271540185,3.4154942102936947,0.0
1,1.8648939104444133,4.3003842540425055,0.0
1,1.8666126763643096,3.294900194823728,0.0
1,1.8683330263723243,3.631115399418893,0.0
1,1.8700549619284217,3.3102111996797796,0.0
1,1.8717784844939114,3.4127188494160254,0.0
1,1.8735035955314476,3.672287113575022,0.0
1,1.8752302965050354,3.8251061876640584,0.0
1,1.8769585888800264,3.370545906505985,0.0
1,1.8786884741231247,3.386629715295407,0.0
1,1.880419953702387,3.587156979661939,0.0
1,1.882153029087219,3.77325519441662,0.0
1,1.883887701748386,3.7031592478157385,0.0
1,1.8856239731580038,3.873542779900994,0.0
1,1.8873618447895484,3.525209397912241,0.0
1,1.8891013181178535,3.768365444975581,0.0
1,1.8908423946191097,3.2093926781522195,0.0
1,1.892585075770871,3.5475142892962785,0.0
1,1.8943293630520508,3.299454319654957,0.0
1,1.896075257942927,3.2853588536784097,0.0
1,1.8978227619251422,3.3759131719005966,0.0
1,1.8995718764817022,3.15576052023005,0.0
1,1.9013226030969832,3.34754242447472,0.0
1,1.9030749432567249,3.299648052557881,0.0
1,1.9048288984480404,3.421829502866147,0.0
1,1.9065844701594123,3.475317800605301,0.0
1,1.9083416598806928,4.142666993107337,0.0
1,1.9101004691031112,3.638029840281029,0.0
1,1.9118608993192665,3.052140669249674,0.0
1,1.913622952023137,3.482336859125807,0.0
1,1.9153866287100778,3.4042689270768873,0.0
1,1.917151930876819,3.395647483080973,0.0
1,1.9189188600214744,3.2556883505009373,0.0
1,1.920687417643534,3.5025940554775015,0.0
1,1.9224576052438735,3.445973545143352,0.0
1,1.9242294243247515,3.875973446891445,0.0
1,1.9260028763898083,3.415092825931229,0.0
1,1.9277779629440734,3.630966074906302,0.0
1,1.9295546854939605,3.4793120913672535,0.0
1,1.9313330455472735,3.184871184042729,0.0
1,1.933113044613207,3.485194696610197,0.0
1,1.934894684202343,3.830520329620695,0.0
1,1.9366779658266586,3.4042743864546985,0.0
1,1.9384628909995247,3.5249085424341535,0.0
1,1.9402494612357037,4.011431751520758,0.0
1,1.9420376780513586,3.5469515982185458,0.0
1,1.9438275429640453,3.2259534961060607,0.0
1,1.9456190574927212,3.6882793457921745,0.0
1,1.947412223157744,3.3484242125071524,0.0
1,1.9492070414808698,3.6321587709540166,0.0
1,1.9510035139852604,4.051529661092641,0.0
1,1.9528016421954784,3.7543052352206407,0.0
1,1.954601427637494,3.2809703880261383,0.0
1,1.9564028718386834,3.5981180703291886,0.0
1,1.9582059763278286,3.890766958040346,0.0
1,1.9600107426351234,3.452152642211793,0.0
1,1.9618171722921687,3.2809505675125203,0.0
1,1.9636252668319798,3.702541767235658,0.0
1,1.9654350277889843,3.5990641641000347,0.0
1,1.967246456699022,3.130550013375601,0.0
1,1.9690595550993515,3.594190052136192,0.0
1,1.9708743245286444,3.6572903434491875,0.0
1,1.9726907665269933,3.7093559115363273,0.0
1,1.9745088826359105,3.621836890354215,0.0
1,1.976328674398326,3.6274744520113966,0.0
1,1.978150143358595,3.4640469922235564,0.0
1,1.9799732910624934,3.8913943022903963,0.0
1,1.9817981190572238,3.4092763306314664,0.0
1,1.983624628891415,3.3705878392007493,0.0
1,1.9854528221151202,3.197662506814691,0.0
1,1.9872827002798252,3.470844369725408,0.0
1,1.9891142649384412,3.3581405714644004,0.0
1,1.9909475176453146,3.071307726689363,0.0
1,1.9927824599562236,3.4875401059841455,0.0
1,1.9946190934283774,3.3960258083887975,0.0
1,1.9964574196204243,3.4456800240956698,0.0
1,1.9982974400924458,3.8513650927161454,0.0
1,2.000139156405963,3.5431713482769123,0.0
1,2.0019825701239378,3.664893304167556,0.0
1,2.003827682810768,3.3521179509177035,0.0
1,2.0056744960322983,3.492714721067504,0.0
1,2.007523011355812,3.096838130095513,0.0
1,2.0093732303500396,3.333508212590421,0.0
1,2.0112251545851585,4.0363425854374615,0.0
1,2.013078785632789,3.5690275827064424,0.0
1,2.014934125066005,3.5051185111620766,0.0
1,2.016791174459325,3.6753080666102598,0.0
1,2.0186499353887233,3.684993025415066,0.0
1,2.020510409431625,3.6575720677380628,0.0
1,2.0223725981669065,3.569457596877652,0.0
1,2.024236503174904,4.01554756975591,0.0
1,2.0261021260374057,3.557706098705323,0.0
1,2.0279694683376603,3.44874809544656,0.0
1,2.029838531660377,3.1990594877947296,0.0
1,2.0317093175917207,3.6654350600396977,0.0
1,2.0335818277193236,3.3953671166538726,0.0
1,2.0354560636322767,3.3242478692122592,0.0
1,2.0373320269211384,3.6043415347156755,0.0
1,2.0392097191779333,3.587679449975651,0.0
1,2.04108914199615,3.3890707406955465,0.0
1,2.0429702969707484,3.5705131923351106,0.0
1,2.0448531856981598,3.3332590944877483,0.0
1,2.0467378097762823,3.499201083606141,0.0
1,2.048624170804491,3.5286200326862325,0.0
1,2.050512270383632,3.4917598007837567,0.0
1,2.0524021101160286,3.7503765960419715,0.0
1,2.054293691605482,3.341102175189929,0.0
1,2.056187016457267,3.4564039765558503,0.0
1,2.058082086278144,3.4580518128166156,0.0
1,2.059978902676348,3.601403597133374,0.0
1,2.061877467261601,3.708856131357086,0.0
1,2.0637777816451073,3.5853425431238124,0.0
1,2.0656798474395544,3.4691301565533155,0.0
1,2.067583666259119,3.0097321265692125,0.0
1,2.069489239719462,3.3561380362715934,0.0
1,2.0713965694377365,3.504017164548393,0.0
1,2.073305657032586,3.2258922690356213,0.0
1,2.0752165041241426,3.174623452907267,0.0
1,2.077129112334035,3.7255117110251854,0.0
1,2.0790434832853837,3.349767550181441,0.0
1,2.0809596186028076,3.6784802858919576,0.0
1,2.082877519912423,3.872625588088677,0.0
1,2.0847971888418413,3.3788844124325044,0.0
1,2.0867186270201787,3.4099375593018793,0.0
1,2.0886418360780485,3.6075893577351588,0.0
1,2.0905668176475705,3.7659544947564267,0.0
1,2.092493573362367,3.611249952623659,0.0
1,2.094422104857565,3.4112466864267867,0.0
1,2.096352413769802,3.00634275223283,0.0
1,2.098284501737218,3.59757655910019,0.0
1,2.100218370399469,3.6972170128620765,0.0
1,2.1021540213977192,3.823309328161698,0.0
1,2.1040914563746442,3.5925184722069385,0.0
1,2.1060306769744366,3.787899179044298,0.0
1,2.107971684842801,3.391833649855228,0.0
1,2.1099144816269617,3.3800280903190263,0.0
1,2.1118590689756607,3.388710172555299,0.0
1,2.1138054485391566,3.357672940666693,0.0
1,2.1157536219692337,3.3100900772793462,0.0
1,2.1177035909191937,3.6508108364237044,0.0
1,2.1196553570438654,3.2793400502861436,0.0
1,2.121608921999603,3.3824338851394544,0.0
1,2.1235642874442835,3.1424056304155887,0.0
1,2.1255214550373176,3.618382765556274,0.0
1,2.1274804264396394,3.7118532161691693,0.0
1,2.1294412033137173,3.361575345126033,0.0
1,2.131403787323553,3.764634817070829,0.0
1,2.133368180134678,4.001906211286625,0.0
1,2.135334383414163,3.3690386457563246,0.0
1,2.13730239883061,3.7882726884270435,0.0
1,2.1392722280541636,4.023860439438061,0.0
1,2.141243872756507,3.505807776065195,0.0
1,2.1432173346108607,3.565532236672827,0.0
1,2.145192615291992,3.260053748527084,0.0
1,2.1471697164762067,3.2996878824651916,0.0
1,2.14914863984136,3.1569666196277373,0.0
1,2.1511293870668524,3.5612078363904276,0.0
1,2.15311195983363,3.8093943626481668,0.0
1,2.1550963598241895,3.663481738028948,0.0
1,2.157082588722581,3.709390221191758,0.0
1,2.1590706482144006,3.476282452826916,0.0
1,2.161060539986804,3.6441810725398724,0.0
1,2.163052265728498,3.6172171645905946,0.0
1,2.165045827129747,3.210851239315228,0.0
1,2.1670412258823752,3.2920569621361935,0.0
1,2.1690384636797613,3.7621414097440304,0.0
1,2.1710375422168497,3.314106918670857,0.0
1,2.1730384631901436,3.2344164953258225,0.0
1,2.1750412282977107,2.99519426846099,0.0
1,2.177045839239186,3.6121920660116347,0.0
1,2.1790522977157663,3.592981466622632,0.0
1,2.181060605430221,3.55389774509076,0.0
1,2.183070764086885,3.3581891312024412,0.0
1,2.185082775391667,3.2280646763721075,0.0
1,2.1870966410520465,3.30645546019308,0.0
1,2.189112362777076,3.803456959543881,0.0
1,2.1911299422773856,3.362429650126141,0.0
1,2.193149381265178,3.673528681774336,0.0
1,2.195170681454238,3.558413290025098,0.0
1,2.197193844559929,3.57432393882572,0.0
1,2.1992188722991926,3.664459864541297,0.0
1,2.2012457663905565,3.5492759050118656,0.0
1,2.203274528554129,3.497197224224438,0.0
1,2.205305160511606,3.5695751874076165,0.0
1,2.20733766398627,3.503785243182212,0.0
1,2.20937204070299,3.375066193958083,0.0
1,2.211408292388228,3.366380984740383,0.0
1,2.213446420770032,3.6700188065592103,0.0
1,2.215486427578048,3.5256872511202384,0.0
1,2.217528314543514,3.699805844956116,0.0
1,2.219572083399262,3.6918157144983272,0.0
1,2.2216177358797244,3.299860669197682,0.0
1,2.223665273720928,3.800784067099694,0.0
1,2.2257146986605028,3.0655057929596685,0.0
1,2.227766012437681,3.689613826064149,0.0
1,2.229819216793293,3.54959540171246,0.0
1,2.2318743134697794,3.6176236755038724,0.0
1,2.2339313042111817,3.553369852293944,0.0
1,2.235990190763152,3.4673047446379623,0.0
1,2.2380509748729516,3.45012027997561,0.0
1,2.2401136582894488,3.4293139482892645,0.0
1,2.242178242763128,3.84883623910199,0.0
1,2.244244730046082,3.703804912754424,0.0
1,2.246313121892023,3.703548183573184,0.0
1,2.248383420056278,3.665326329279802,0.0
1,2.2504556262957895,3.6337090133947063,0.0
1,2.252529742369124,3.4932879047445695,0.0
1,2.254605770036463,3.7215755357996487,0.0
1,2.2566837110596145,3.6145897307908914,0.0
1,2.2587635672020103,3.585701325354151,0.0
1,2.2608453402287036,3.4764901442433622,0.0
1,2.2629290319063786,3.5398358869564692,0.0
1,2.265014644003346,3.4078415323125295,0.0
1,2.2671021782895453,3.4790807788529543,0.0
1,2.26919163653655,3.565900198358169,0.0
1,2.2712830205175623,3.4041307182784166,0.0
1,2.273376332007422,3.2310071720035842,0.0
1,2.2754715727826045,3.5540335896978346,0.0
1,2.27756874462122,3.6403460050304894,0.0
1,2.2796678493030207,3.8040490598609993,0.0
1,2.281768888609396,3.8035229603342144,0.0
1,2.2838718643233786,3.6713353738282466,0.0
1,2.2859767782296467,3.7354756311040127,0.0
1,2.2880836321145184,3.651976243898334,0.0
1,2.290192427765963,3.813831409314133,0.0
1,2.2923031669735936,3.3106503777691545,0.0
1,2.2944158515286754,3.557991040393892,0.0
1,2.2965304832241253,3.7092014399930626,0.0
1,2.2986470638545087,3.4725464093215876,0.0
1,2.300765595216049,4.188310199927171,0.0
1,2.302886079106622,3.434569845315752,0.0
1,2.3050085173257626,3.5426377143435746,0.0
1,2.307132911674665,3.770736667272272,0.0
1,2.309259263956179,3.5792181405662387,0.0
1,2.311387575974822,3.771517875074401,0.0
1,2.3135178495367685,3.443105693768714,0.0
1,2.315650086449862,3.385234980340887,0.0
1,2.3177842885236126,3.668505161722199,0.0
1,2.3199204575691934,3.741082216994915,0.0
1,2.3220585953994517,3.6297953468112922,0.0
1,2.3241987038289023,3.6777621083947443,0.0
1,2.3263407846737336,3.328567596401002,0.0
1,2.32848483975181,3.474080668025672,0.0
1,2.330630870882666,4.14285891823004,0.0
1,2.33277887988752,3.283948088075671,0.0
1,2.3349288685892615,3.92646095670354,0.0
1,2.3370808388124655,3.6010738456939393,0.0
1,2.339234792383388,4.147774727227512,0.0
1,2.3413907311299647,3.7229535553517947,0.0
1,2.3435486568818207,3.3697971246142386,0.0
1,2.3457085714702623,3.8257211387267667,0.0
1,2.347870476728288,3.806052841252703,0.0
1,2.3500343744905843,3.763984146956938,0.0
1,2.3522002665935267,3.978135168406727,0.0
1,2.354368154875187,3.9930741831054033,0.0
1,2.3565380411753263,3.906612113517655,0.0
1,2.3587099273354046,3.8397076583492007,0.0
1,2.36088381519858,3.4546673844126254,0.0
1,2.3630597066097057,3.7275490640829023,0.0
1,2.365237603415338,3.53910840576041,0.0
1,2.3674175074637334,3.96534345916014,0.0
1,2.3695994206048527,3.706900041069211,0.0
1,2.371783344690363,3.384315004270327,0.0
1,2.373969281573635,3.654213229167265,0.0
1,2.3761572331097502,3.595931244396317,0.0
1,2.378347201155498,3.7298358402469702,0.0
1,2.380539187569379,4.027237769606817,0.0
1,2.3827331942116103,3.236421811373476,0.0
1,2.384929222944118,3.8607890214394103,0.0
1,2.3871272756305477,3.369286928233697,0.0
1,2.389327354136263,3.5262124821172343,0.0
1,2.3915294603283437,3.6036853286906902,0.0
1,2.3937335960755943,3.3484672080715066,0.0
1,2.395939763248537,3.5705595438983386,0.0
1,2.398147963719422,3.7329929675578617,0.0
1,2.4003581993622243,3.3291059442435884,0.0
1,2.4025704720526435,3.405663150771879,0.0
1,2.4047847836681115,3.185120488373932,0.0
1,2.407001136087787,3.6478605411808096,0.0
1,2.4092195311925635,3.8469492680689408,0.0
1,2.4114399708650676,3.8005555567555205,0.0
1,2.413662456989658,3.7877018703659715,0.0
1,2.4158869914524352,3.8110975039132486,0.0
1,2.418113576141233,3.2760858512438853,0.0
1,2.420342212945627,3.522662252253991,0.0
1,2.422572903756938,3.480328060663548,0.0
1,2.4248056504682225,3.448340487325267,0.0
1,2.4270404549742888,3.8601327043430755,0.0
1,2.429277319171686,3.674186046918132,0.0
1,2.4315162449587144,3.8983797882168183,0.0
1,2.4337572342354252,3.827290488528292,0.0
1,2.4360002889036156,3.6052574703549998,0.0
1,2.4382454108668417,3.5982825357500574,0.0
1,2.440492602030408,3.6960127298269083,0.0
1,2.442741864301379,3.956016449702728,0.0
1,2.4449931995885774,3.829948670390813,0.0
1,2.447246609802581,3.8909758464574633,0.0
1,2.4495020968557335,3.798126463623997,0.0
1,2.4517596626621363,3.504375770008208,0.0
1,2.454019309137658,3.3809122299088896,0.0
1,2.4562810381999336,3.6595686899569753,0.0
1,2.458544851768362,3.3535185717973204,0.0
1,2.460810751764115,3.6843223875925895,0.0
1,2.463078740110131,3.5887519649712334,0.0
1,2.465348818731124,3.5065574878222563,0.0
1,2.4676209895535823,3.4975465623559154,0.0
1,2.469895254505765,3.660452009979026,0.0
1,2.472171615517715,3.581565179645467,0.0
1,2.474450074521247,3.659124132768662,0.0
1,2.4767306334499617,3.806775606796573,0.0
1,2.4790132942392407,3.1588773128789667,0.0
1,2.4812980588262463,3.6228785963447128,0.0
1,2.483584929149931,3.5500192975589213,0.0
1,2.4858739071510287,3.40759210907224,0.0
1,2.4881649947720663,3.262013262590362,0.0
1,2.4904581939573616,3.839239047620623,0.0
1,2.4927535066530195,3.5665599620097823,0.0
1,2.495050934806944,3.8735313722357887,0.0
1,2.497350480368829,3.771991566411022,0.0
1,2.49965214529017,3.7385991182223055,0.0
1,2.50195593152426,3.956160889702958,0.0
1,2.504261841026189,3.6198749391122695,0.0
1,2.5065698757528545,3.6182099286263405,0.0
1,2.5088800376629514,3.791254291868953,0.0
1,2.511192328716984,3.4564032168981074,0.0
1,2.5135067508772644,3.60923057838815,0.0
1,2.515823306107907,3.8311627704267153,0.0
1,2.518141996374844,3.732279630946768,0.0
1,2.5204628236458158,3.622051728775568,0.0
1,2.5227857898903743,3.9777716820591236,0.0
1,2.5251108970798923,4.172596136633082,0.0
1,2.527438147187553,3.499654423329095,0.0
1,2.5297675421883623,3.6596074559739344,0.0
1,2.5320990840591473,3.9941477701986914,0.0
1,2.534432774778552,3.4798860910850933,0.0
1,2.5367686163270506,3.7366561013084016,0.0
1,2.5391066106869356,3.9259984050110672,0.0
1,2.5414467598423314,3.504174422416709,0.0
1,2.5437890657791913,3.7290346444199507,0.0
1,2.5461335304852946,3.7481671991915424,0.0
1,2.5484801559502572,3.204326312808722,0.0
1,2.5508289441655254,3.514825723766568,0.0
1,2.553179897124383,3.6167535203849654,0.0
1,2.555533016821951,3.6009216101936,0.0
1,2.557888305255186,3.646663425498447,0.0
1,2.560245764422891,3.8802918244603735,0.0
1,2.562605396325704,3.7561693574625767,0.0
1,2.564967202966112,3.4230975259589247,0.0
1,2.567331186348448,3.677876383381383,0.0
1,2.569697348478887,3.614400983529208,0.0
1,2.5720656913654594,3.719196881575664,0.0
1,2.574436217018041,3.5093956057961977,0.0
1,2.5768089274483623,3.8248345306762417,0.0
1,2.5791838246700105,3.9703380382784497,0.0
1,2.5815609106984225,3.609702758705045,0.0
1,2.583940187550899,3.61916488545652,0.0
1,2.5863216572465944,3.4556521533987574,0.0
1,2.588705321806528,3.692509570046763,0.0
1,2.591091183253582,3.6680878128925496,0.0
1,2.593479243612499,3.6301461514983284,0.0
1,2.595869504909892,3.952164595819145,0.0
1,2.598261969174238,3.3358143374962372,0.0
1,2.6006566384358867,3.868212055703901,0.0
1,2.603053514727059,3.7645756975372358,0.0
1,2.6054526000818448,3.7808749337126235,0.0
1,2.607853896536214,3.5629323921065117,0.0
1,2.610257406128009,3.5222866458657336,0.0
1,2.612663130896952,3.620045826131169,0.0
1,2.6150710728846467,3.486166735459275,0.0
1,2.6174812341345737,3.677174903767167,0.0
1,2.619893616692103,3.9787529992966153,0.0
1,2.6223082226044836,3.538819367346675,0.0
1,2.6247250539208555,3.4448015278980617,0.0
1,2.6271441126922483,3.8847080734775723,0.0
1,2.6295654009715763,3.566878570457141,0.0
1,2.6319889208136518,3.949336630432026,0.0
1,2.6344146742751766,3.907480461026648,0.0
1,2.6368426634147504,3.719125531492322,0.0
1,2.639272890292871,4.065924913382168,0.0
1,2.6417053569719315,3.622321169374394,0.0
1,2.644140065516231,4.056437477280661,0.0
1,2.646577017991965,3.691579741083189,0.0
1,2.6490162164672384,3.6820392044244663,0.0
1,2.651457663012062,4.003097764784877,0.0
1,2.653901359698349,3.525212305151715,0.0
1,2.656347308599928,3.682505512361232,0.0
1,2.6587955117925386,3.8925208556800106,0.0
1,2.6612459713538286,3.5282349337503702,0.0
1,2.663698689363366,3.8188211207823364,0.0
1,2.6661536679026314,3.6341263087262012,0.0
1,2.6686109090550265,3.816019665514146,0.0
1,2.6710704149058735,3.795578204616071,0.0
1,2.673532187542413,3.893056903396131,0.0
1,2.6759962290538137,3.8918007422530203,0.0
1,2.6784625415311654,3.490652461670195,0.0
1,2.6809311270674883,3.625038280148751,0.0
1,2.6834019877577324,3.7710084024692687,0.0
1,2.685875125698774,3.8886418197110855,0.0
1,2.688350542989427,4.0645822967828575,0.0
1,2.6908282417304354,3.44296523969405,0.0
1,2.6933082240244826,3.8278654705287805,0.0
1,2.6957904919761893,3.9278132630088356,0.0
1,2.6982750476921136,3.834382224425199,0.0
1,2.700761893280758,3.817519664014628,0.0
1,2.703251030852566,3.6915987245703046,0.0
1,2.705742462519928,3.8696156361593768,0.0
1,2.7082361903971814,3.7723148269767504,0.0
1,2.710732216600609,3.761335236503079,0.0
1,2.713230543248449,3.7718833657941193,0.0
1,2.715731172460887,3.485289615793281,0.0
1,2.7182341063600655,3.6042664382311482,0.0
1,2.7207393470700842,3.628185557123034,0.0
1,2.723246896716996,3.6400929447276975,0.0
1,2.7257567574288175,3.6840244219031617,0.0
1,2.7282689313355233,4.063795522582809,0.0
1,2.730783420569054,3.4831317117171263,0.0
1,2.7333002272633142,3.705966717611509,0.0
1,2.7358193535541724,3.418585333583232,0.0
1,2.7383408015794712,3.7047801381760763,0.0
1,2.740864573479017,3.8419486186933884,0.0
1,2.743390671394593,3.8052226626919943,0.0
1,2.7459190974699568,3.9974347643585375,0.0
1,2.748449853850836,3.7851368999476582,0.0
1,2.7509829426849444,3.664686797619477,0.0
1,2.753518366121966,3.9828772681746805,0.0
1,2.7560561263135734,3.908911556472975,0.0
1,2.7585962254134198,3.985275813357441,0.0
1,2.761138665577141,3.821922859320651,0.0
1,2.763683448962363,3.9193376472909467,0.0
1,2.766230577728698,3.721809438344109,0.0
1,2.7687800540377494,3.6968070489747107,0.0
1,2.771331880053115,3.9398343578197297,0.0
1,2.773886057940381,3.7390393927259664,0.0
1,2.7764425898671368,3.6757874396951062,0.0
1,2.779001478002962,3.7845632504522158,0.0
1,2.7815627245194423,3.8482028512074993,0.0
1,2.784126331590162,3.7039510458453053,0.0
1,2.786692301390707,3.7067661534562757,0.0
1,2.7892606360986707,3.714767516997339,0.0
1,2.791831337893655,3.8975333594996515,0.0
1,2.794404408957265,3.657474365569313,0.0
1,2.7969798514731234,3.7920079848565975,0.0
1,2.7995576676268588,3.8805829079500938,0.0
1,2.802137859606118,3.8524957753498095,0.0
1,2.804720429600566,3.5986550211052055,0.0
1,2.807305379801879,3.827461998858733,0.0
1,2.809892712403762,3.64954057147008,0.0
1,2.8124824296019324,3.7309372299824743,0.0
1,2.8150745335941387,3.485932709428106,0.0
1,2.8176690265801536,3.499688369341581,0.0
1,2.8202659107617722,3.683331471250988,0.0
1,2.8228651883428264,3.7345873940205685,0.0
1,2.825466861529172,3.750536300983345,0.0
1,2.828070932528703,3.767217632092896,0.0
1,2.8306774035513476,3.64547721260792,0.0
1,2.833286276809067,3.756819776774926,0.0
1,2.8358975545158662,4.017388801386064,0.0
1,2.8385112388877856,3.873206393033245,0.0
1,2.841127332142912,3.5539471758844896,0.0
1,2.843745836501377,3.6852753681158537,0.0
1,2.8463667541853526,3.5942876768912506,0.0
1,2.8489900874190663,3.3779955087664115,0.0
1,2.8516158384287893,3.6361617859128907,0.0
1,2.8542440094428483,3.8853741498611765,0.0
1,2.8568746026916245,4.024345156585138,0.0
1,2.8595076204075496,3.7323031200002372,0.0
1,2.8621430648251187,3.902668022935736,0.0
1,2.864780938180882,3.8145243687738306,0.0
1,2.867421242713453,3.599693099254264,0.0
1,2.870063980663511,3.9808122885633925,0.0
1,2.872709154273793,3.774201554140907,0.0
1,2.8753567657891113,3.6154101303836352,0.0
1,2.8780068174563405,3.807714826559255,0.0
1,2.8806593115244303,3.96025987634289,0.0
1,2.883314250244403,3.753726057604851,0.0
1,2.885971635869351,3.751985556254356,0.0
1,2.8886314706544503,3.938248132031492,0.0
1,2.891293756856948,3.8243686101376975,0.0
1,2.8939584967361762,3.641229531730696,0.0
1,2.8966256925535507,3.8041795995723184,0.0
1,2.8992953465725657,3.583275679768936,0.0
1,2.9019674610588075,3.6878175297220794,0.0
1,2.904642038279945,4.067651993058074,0.0
1,2.907319080505742,3.7709366660827173,0.0
1,2.9099985900080525,3.3037377054489507,0.0
1,2.912680569060822,3.7196499729068524,0.0
1,2.9153650199400962,3.910758207862055,0.0
1,2.9180519449240134,3.846201759557225,0.0
1,2.9207413462928153,3.6464740042875587,0.0
1,2.923433226328846,3.565733700969922,0.0
1,2.9261275873165475,3.849539027563112,0.0
1,2.9288244315424743,3.7280306419821976,0.0
1,2.931523761295282,3.614267550474622,0.0
1,2.934225578865739,3.6472841521918067,0.0
1,2.936929886546727,4.002884420387598,0.0
1,2.9396366866332344,3.697471669140499,0.0
1,2.942345981422371,3.8951439758698645,0.0
1,2.945057773213362,3.553903013228095,0.0
1,2.9477720643075487,3.671260773292884,0.0
1,2.950488857008398,3.781839382773234,0.0
1,2.953208153621495,3.6747766302897156,0.0
1,2.955929956454554,3.67518303432318,0.0
1,2.958654267817415,3.884419916845495,0.0
1,2.9613810900220443,4.061737920002554,0.0
1,2.964110425382543,3.68014606533974,0.0
1,2.9668422762151407,3.816544416626658,0.0
1,2.9695766448382055,3.8207892218463813,0.0
1,2.9723135335722413,3.7542353256703365,0.0
1,2.975052944739888,3.800217676431894,0.0
1,2.9777948806659307,4.008642667988424,0.0
1,2.980539343677292,4.005871104244662,0.0
1,2.983286336103043,3.5623147897766367,0.0
1,2.9860358602744013,3.6723873188867078,0.0
1,2.988787918524729,3.995215775585111,0.0
1,2.991542513189545,3.8303351393902187,0.0
1,2.994299646606514,3.7511676535042193,0.0
1,2.99705932111546,3.8700977404824264,0.0
1,2.999821539058363,3.718346069907402,0.0
1,3.0025863027793585,3.849862809564721,0.0
1,3.005353614624746,3.9942838832384053,0.0
1,3.008123476942984,3.921987385523579,0.0
1,3.010895892084698,3.71724061372898,0.0
1,3.0136708624026816,3.866523363826364,0.0
1,3.0164483902518904,4.097716603294345,0.0
1,3.019228477989458,4.082574792682876,0.0
1,3.0220111279746833,3.851968206429994,0.0
1,3.024796342569046,3.937809165604322,0.0
1,3.0275841241361996,3.634406341505162,0.0
1,3.030374475041974,3.9328384334689517,0.0
1,3.033167397654384,3.894178453696368,0.0
1,3.035962894343621,3.9344008788615836,0.0
1,3.0387609674820664,4.105218179933143,0.0
1,3.0415616194442867,3.829461787293539,0.0
1,3.0443648526070337,4.266296362510398,0.0
1,3.0471706693492546,3.957331308993319,0.0
1,3.049979072052084,3.8459033418218227,0.0
1,3.052790063098855,3.893074072211843,0.0
1,3.0556036448750974,3.979846942309278,0.0
1,3.058419819768536,3.8475331321146387,0.0
1,3.0612385901691,3.773659364172846,0.0
1,3.064059958468918,3.6637712050278983,0.0
1,3.0668839270623254,3.8754584700606967,0.0
1,3.0697104983458665,4.1010497572314755,0.0
1,3.072539674718288,3.6904563973684907,0.0
1,3.0753714585805536,3.4302309215174356,0.0
1,3.0782058523358358,3.8531583658510105,0.0
1,3.081042858389524,3.839508427320964,0.0
1,3.083882479149226,3.7051259485287,0.0
1,3.0867247170247634,4.002231069691046,0.0
1,3.089569574428185,4.12288701323792,0.0
1,3.0924170537737563,3.883104400584464,0.0
1,3.0952671574779735,4.067233880590642,0.0
1,3.0981198879595584,3.9206970768819787,0.0
1,3.1009752476394588,3.9495025727769244,0.0
1,3.1038332389408576,3.9069023896595128,0.0
1,3.1066938642891713,3.8619894189734074,0.0
1,3.1095571261120467,3.9359686582962228,0.0
1,3.1124230268393744,3.6967691964003246,0.0
1,3.1152915689032787,3.8952181228437515,0.0
1,3.11816275473813,3.884694611669079,0.0
1,3.1210365867805416,3.9340651357603784,0.0
1,3.1239130674693687,3.8332709462718872,0.0
1,3.1267921992457204,3.9864020312327013,0.0
1,3.1296739845529484,3.81564228541195,0.0
1,3.1325584258366623,4.001627188125083,0.0
1,3.1354455255447253,3.923398648179032,0.0
1,3.138335286127251,3.9066466530846293,0.0
1,3.1412277100366186,3.6646766279390675,0.0
1,3.1441227997274606,3.89169658067526,0.0
1,3.1470205576566768,3.912416191298534,0.0
1,3.149920986283431,3.8639258751635106,0.0
1,3.15282408806915,3.8558067329388317,0.0
1,3.1557298654775336,3.8106695640132395,0.0
1,3.1586383209745468,4.038975695291859,0.0
1,3.1615494570284324,3.7321358582744733,0.0
1,3.1644632761097076,3.7813667377306666,0.0
1,3.167379780691162,3.8114576897721757,0.0
1,3.1702989732478706,4.007135540636826,0.0
1,3.173220856257183,3.6760152006218823,0.0
1,3.176145432198737,3.957302385503933,0.0
1,3.179072703554455,3.9651310715140315,0.0
1,3.1820026728085433,3.7117447956020686,0.0
1,3.1849353424475035,3.719632660587217,0.0
1,3.1878707149601224,3.9779494669385596,0.0
1,3.1908087928374855,3.910340285301692,0.0
1,3.193749578572974,3.9473163894134777,0.0
1,3.196693074662263,3.958321636428426,0.0
1,3.1996392836033323,3.7614789470045187,0.0
1,3.20258820789646,3.9401475379612103,0.0
1,3.2055398500442323,3.882622284860906,0.0
1,3.208494212551541,3.9449752441246897,0.0
1,3.2114512979255827,3.8386277257542116,0.0
1,3.2144111086758715,3.9577213247977223,0.0
1,3.217373647314227,3.8622922131076587,0.0
1,3.2203389163547884,3.9472122839872137,0.0
1,3.2233069183140137,3.702049500609028,0.0
1,3.226277655710674,3.8576322612828418,0.0
1,3.229251131065868,3.951673033013095,0.0
1,3.232227346903013,3.931693772829576,0.0
1,3.235206305747855,3.845257622183177,0.0
1,3.2381880101284692,3.660873327428056,0.0
1,3.241172462575255,3.8375932181701,0.0
1,3.244159665620952,3.76131191404287,0.0
1,3.247149621800625,3.9258079550310825,0.0
1,3.2501423336516826,4.062428136609654,0.0
1,3.2531378037138703,3.8456627634068665,0.0
1,3.2561360345292707,3.908773410315382,0.0
1,3.2591370286423142,3.945986305575587,0.0
1,3.2621407885997717,3.7679883856620275,0.0
1,3.265147316950765,3.7933708922872746,0.0
1,3.2681566162467655,3.7150105549277006,0.0
1,3.2711686890415907,4.090959018633807,0.0
1,3.2741835378914184,3.785972431159092,0.0
1,3.27720116535478,3.79385724763826,0.0
1,3.280221573992562,3.9076787100717914,0.0
1,3.2832447663680164,4.000649843096788,0.0
1,3.2862707450467514,3.603959632424716,0.0
1,3.2892995125967452,4.218173189079431,0.0
1,3.2923310715883427,4.064193646901856,0.0
1,3.2953654245942516,4.111600659002655,0.0
1,3.298402574189559,3.8704979778761595,0.0
1,3.3014425229517173,4.07187484707659,0.0
1,3.30448527346056,4.017759082821295,0.0
1,3.3075308282982983,3.8753676510202606,0.0
1,3.3105791900495185,3.8905280403675766,0.0
1,3.3136303613011955,4.0056750888909,0.0
1,3.3166843446426806,3.8183791998383825,0.0
1,3.319741142665719,3.8880449832305004,0.0
1,3.322800757964442,4.002033148614156,0.0
1,3.3258631931353686,3.837364576239703,0.0
1,3.3289284507774166,4.010347362737967,0.0
1,3.3319965334918926,4.1792871453212435,0.0
1,3.335067443882506,3.8918033775299445,0.0
1,3.338141184555365,3.836908986541484,0.0
1,3.3412177581189764,3.8507561874783525,0.0
1,3.344297167184256,4.050256251848678,0.0
1,3.3473794143645197,3.9832224007741033,0.0
1,3.3504645022754977,3.8420665510773007,0.0
1,3.353552433535331,3.9933436502979553,0.0
1,3.3566432107645667,3.9298379010222044,0.0
1,3.3597368365861766,3.7950763129378764,0.0
1,3.3628333136255404,3.986775350205442,0.0
1,3.3659326445104654,3.957493864436117,0.0
1,3.369034831871178,3.8250563448941897,0.0
1,3.3721398783403256,3.9301298550423804,0.0
1,3.375247786552988,4.095952517175403,0.0
1,3.378358559146667,3.80512942515244,0.0
1,3.3814721987613003,4.198912418862747,0.0
1,3.3845887080392587,4.035513806648948,0.0
1,3.3877080896253426,4.0587816570566755,0.0
1,3.3908303461667977,4.142164124847358,0.0
1,3.393955480313302,3.9805730584098624,0.0
1,3.397083494716982,3.7240110447098433,0.0
1,3.400214392032406,3.9149810775143137,0.0
1,3.4033481749165864,3.905460487814068,0.0
1,3.40648484602899,3.9917621594331747,0.0
1,3.409624408031527,3.796653457257623,0.0
1,3.4127668635885677,4.1048283778721855,0.0
1,3.4159122153669377,4.178544198168215,0.0
1,3.4190604660359143,3.8629855393586356,0.0
1,3.422211618267242,3.875283817941486,0.0
1,3.4253656747351227,4.030805774403367,0.0
1,3.428522638116225,3.8035336007389082,0.0
1,3.431682511089687,3.884590119443599,0.0
1,3.434845296337109,3.9192233607816225,0.0
1,3.4380109965425705,4.036627645321298,0.0
1,3.4411796143926217,3.8100964572435374,0.0
1,3.4443511525762855,3.9568828037558577,0.0
1,3.4475256137850696,3.7988800025407405,0.0
1,3.4507030007129553,3.926353375394399,0.0
1,3.4538833160564124,4.080648327675879,0.0
1,3.4570665625143953,4.019733360641253,0.0
1,3.4602527427883407,3.7774167321175796,0.0
1,3.463441859582183,4.150476420067798,0.0
1,3.4666339156023405,3.7213336725199637,0.0
1,3.469828913557731,3.754021424165965,0.0
1,3.47302685615977,3.830042214628192,0.0
1,3.4762277461223667,3.9844266234502443,0.0
1,3.479431586161937,4.109269704952597,0.0
1,3.482638378997395,3.969954800195051,0.0
1,3.4858481273501654,4.117282138079736,0.0
1,3.4890608339441807,4.072578651496874,0.0
1,3.492276501505879,4.052493935964877,0.0
1,3.495495132764218,3.9193730233766453,0.0
1,3.4987167304506643,3.912741592473946,0.0
1,3.5019412972992057,3.9210833599089403,0.0
1,3.505168836046351,3.905822168053895,0.0
1,3.508399349431126,4.005979351051939,0.0
1,3.5116328401950865,3.9636024017543834,0.0
1,3.5148693110823097,3.939241951845996,0.0
1,3.5181087648394054,4.126212017246848,0.0
1,3.521351204215516,4.254334455520543,0.0
1,3.5245966319623125,4.041604363480182,0.0
1,3.5278450508340082,4.048005887764633,0.0
1,3.5310964635873483,4.118673003053242,0.0
1,3.5343508729816233,3.7596558195632523,0.0
1,3.5376082817786676,3.9485505270229853,0.0
1,3.540868692742856,3.828845405497073,0.0
1,3.544132108641117,3.898671759196464,0.0
1,3.547398532242922,4.027978316536068,0.0
1,3.5506679663203022,4.068218126317558,0.0
1,3.553940413647842,3.9766615480228085,0.0
1,3.5572158770026774,4.053169867272541,0.0
1,3.560494359164512,3.7761071811013776,0.0
1,3.563775862915604,3.9665497485515306,0.0
1,3.5670603910407803,4.073194566818697,0.0
1,3.5703479463274355,4.015622445419124,0.0
1,3.5736385315655275,3.8824383345792297,0.0
1,3.5769321495475923,4.2211809027830185,0.0
1,3.580228803068733,4.140714674599867,0.0
1,3.5835284949266337,3.696265148042877,0.0
1,3.5868312279215573,3.754887965966705,0.0
1,3.5901370048563424,3.8273637567252017,0.0
1,3.593445828536417,4.052514508472817,0.0
1,3.5967577017697883,3.764817436690685,0.0
1,3.6000726273670574,3.8620808073036414,0.0
1,3.603390608141414,4.071655312917869,0.0
1,3.606711646908637,3.9795749210982883,0.0
1,3.610035746487107,3.948482021776721,0.0
1,3.613362909697795,4.183195756067091,0.0
1,3.6166931393642763,3.8407785983196354,0.0
1,3.62002643831273,4.020448019498087,0.0
1,3.6233628093719332,4.044618879006402,0.0
1,3.6267022553732775,4.024312557732972,0.0
1,3.630044779150762,3.7289214564830377,0.0
1,3.633390383540993,3.9860261385060887,0.0
1,3.6367390713831993,4.102755949139654,0.0
1,3.640090845519217,3.896358848856541,0.0
1,3.6434457087935095,4.045382409898451,0.0
1,3.64680366405316,4.028290003825902,0.0
1,3.6501647141478704,3.9586852007314555,0.0
1,3.6535288619299764,3.9412037399051787,0.0
1,3.6568961102544364,3.9596612317553097,0.0
1,3.6602664619788436,4.037987508560279,0.0
1,3.663639919963426,3.7786605270311884,0.0
1,3.667016487071043,4.030422274778026,0.0
1,3.670396166167198,3.83236838229554,0.0
1,3.673778960120029,4.262374034327214,0.0
1,3.6771648718003225,4.151334791496854,0.0
1,3.6805539040815125,4.090113872590896,0.0
1,3.683946059839673,4.280282960210972,0.0
1,3.6873413419535384,4.03240291320953,0.0
1,3.690739753304488,4.0620533815300135,0.0
1,3.694141296776562,3.923896071268784,0.0
1,3.697545975256459,4.055020317573545,0.0
1,3.700953791633532,4.068697207503046,0.0
1,3.704364748799806,4.062169716092194,0.0
1,3.7077788496499617,4.125953440851477,0.0
1,3.711196097081355,3.9068575987848693,0.0
1,3.7146164939940114,3.950376880205522,0.0
1,3.7180400432906233,4.098649383944039,0.0
1,3.7214667478765664,3.9705311677285366,0.0
1,3.724896610659887,3.824408830572846,0.0
1,3.7283296345513155,3.908913653930658,0.0
1,3.731765822464267,4.07421771784829,0.0
1,3.735205177314835,3.931303186136783,0.0
1,3.738647702021808,4.075121781728166,0.0
1,3.742093399506658,3.926997050738981,0.0
1,3.745542272693554,4.188170144855414,0.0
1,3.748994324509361,4.086079407449311,0.0
1,3.7524495578836348,4.192796274133425,0.0
1,3.7559079757486398,3.889067084595821,0.0
1,3.759369581039335,3.9649115317389505,0.0
1,3.76283437669339,3.8584877335557506,0.0
1,3.766302365651182,4.202992846211393,0.0
1,3.7697735508557924,3.882464625453819,0.0
1,3.773247935253022,4.017474623076799,0.0
1,3.7767255217913807,3.819028131579995,0.0
1,3.7802063134220996,4.149270659087768,0.0
1,3.7836903130991315,3.9280680876677705,0.0
1,3.7871775237791443,3.9412067448638926,0.0
1,3.79066794842154,4.12893287281711,0.0
1,3.7941615899884393,4.1269269665645965,0.0
1,3.7976584514447,4.003693992125029,0.0
1,3.801158535757911,3.9936948600660287,0.0
1,3.804661845898391,4.230970374435085,0.0
1,3.8081683848392047,3.9872478123973965,0.0
1,3.8116781555561485,4.050281089794916,0.0
1,3.815191161027767,4.1951178992243285,0.0
1,3.818707404235351,3.8390057159202637,0.0
1,3.822226888162931,3.9846092554538997,0.0
1,3.8257496157972963,4.102514626253219,0.0
1,3.829275590127987,3.9864815275037806,0.0
1,3.8328048141472935,3.9147299467733196,0.0
1,3.8363372908502718,4.207860363535087,0.0
1,3.83987302323473,4.11110596217367,0.0
1,3.843412014301245,4.147936085314255,0.0
1,3.84695426705316,3.9033690004359483,0.0
1,3.850499784496579,4.091039614721035,0.0
1,3.8540485696403857,4.15032183278853,0.0
1,3.8576006254962283,3.9379338182630432,0.0
1,3.8611559550785364,3.906595210034784,0.0
1,3.8647145614045186,4.362471158421448,0.0
1,3.8682764474941584,4.081618627241876,0.0
1,3.871841616370229,4.102202824740306,0.0
1,3.8754100710582833,3.8137820668068825,0.0
1,3.8789818145866684,4.064099301808344,0.0
1,3.8825568499865213,4.096514722082937,0.0
1,3.8861351802917676,4.121140820660515,0.0
1,3.8897168085391374,4.013622503523543,0.0
1,3.8933017377681507,4.046310037279541,0.0
1,3.8968899710211353,3.993174227074304,0.0
1,3.900481511343223,3.9424479638379513,0.0
1,3.9040763617823457,4.113056995671188,0.0
1,3.9076745253892526,4.311115888004341,0.0
1,3.9112760052174975,4.203296306939285,0.0
1,3.9148808043234533,4.013560226639761,0.0
1,3.91848892576631,4.010861066640516,0.0
1,3.922100372608071,3.9499715715588253,0.0
1,3.925715147913571,4.0376494700117105,0.0
1,3.929333254750459,4.224298222256817,0.0
1,3.9329546961892206,3.840186394551494,0.0
1,3.9365794753031675,4.015470312110226,0.0
1,3.9402075951684408,4.216943670062591,0.0
1,3.943839058864023,4.123772578584218,0.0
1,3.947473869471728,3.9586524339649993,0.0
1,3.951112030076214,3.967565798972026,0.0
1,3.9547535437649843,4.065377449926776,0.0
1,3.95839841362838,4.103823805942482,0.0
1,3.9620466427595984,4.10565759296959,0.0
1,3.9656982342546816,4.050890780198439,0.0
1,3.969353191212529,4.083831803288942,0.0
1,3.973011516734897,4.233747686866055,0.0
1,3.9766732139263947,4.033045557860881,0.0
1,3.9803382858945007,4.125608614647295,0.0
1,3.9840067357495488,4.115456999025281,0.0
1,3.987678566604746,3.92513659328733,0.0
1,3.9913537815761693,4.069016048630893,0.0
1,3.99503238378276,4.043279330803783,0.0
1,3.998714376346343,4.2092032907940045,0.0
1,4.0023997623916125,4.143479241067617,0.0
1,4.006088545046148,4.105052911621537,0.0
1,4.009780727440411,4.12417189619503,0.0
1,4.013476312707744,3.9981829972771976,0.0
1,4.017175303984384,3.9991236862347774,0.0
1,4.020877704409451,4.202607238626168,0.0
1,4.024583517124963,4.047686800357876,0.0
1,4.028292745275835,4.225065352515536,0.0
1,4.032005392009874,4.063551855610312,0.0
1,4.035721460477796,4.162106348902498,0.0
1,4.039440953833217,4.121245622993643,0.0
1,4.043163875232656,4.14453841289091,0.0
1,4.046890227835551,4.0451523186820575,0.0
1,4.050620014804238,4.092467490465618,0.0
1,4.054353239303981,3.99630554942827,0.0
1,4.058089904502955,4.005269158104522,0.0
1,4.061830013572252,3.8475146269750495,0.0
1,4.0655735696858954,4.167730593215476,0.0
1,4.069320576020823,3.955358553199632,0.0
1,4.073071035756909,4.268414765177361,0.0
1,4.076824952076957,4.0944855615546745,0.0
1,4.080582328166699,4.13336581338729,0.0
1,4.08434316721481,4.105745571561931,0.0
1,4.088107472412896,4.050546438563272,0.0
1,4.091875246955513,4.009189469450735,0.0
1,4.095646494040157,4.110873361107504,0.0
1,4.099421216867268,3.922498989340408,0.0
1,4.1031994186402425,4.037068711391271,0.0
1,4.106981102565422,4.246503582606182,0.0
1,4.11076627185211,4.0614418855372465,0.0
1,4.114554929712564,4.1130316051751175,0.0
1,4.118347079362,4.020818439859765,0.0
1,4.1221427240186035,4.197363075476279,0.0
1,4.12594186690352,4.127570312346222,0.0
1,4.129744511240865,4.23699358096478,0.0
1,4.1335506602577325,4.185313337287894,0.0
1,4.137360317184179,4.166401878209313,0.0
1,4.141173485253248,4.292532064232776,0.0
1,4.1449901677009535,4.064857939535844,0.0
1,4.148810367766301,4.167672109147594,0.0
1,4.152634088691278,4.161269105247375,0.0
1,4.1564613337208565,4.0524139862860515,0.0
1,4.160292106103004,4.135782792629654,0.0
1,4.164126409088676,4.184761622918629,0.0
1,4.167964245931831,4.265355587584172,0.0
1,4.171805619889423,4.153075858196541,0.0
1,4.175650534221405,4.042474639555369,0.0
1,4.179498992190741,4.17643772605486,0.0
1,4.183350997063395,4.193722838310233,0.0
1,4.187206552108346,4.107334042085061,0.0
1,4.191065660597587,4.249257030054982,0.0
1,4.19492832580612,4.15041187765355,0.0
1,4.198794551011974,3.980823405747068,0.0
1,4.20266433949619,4.1587309036781965,0.0
1,4.206537694542838,4.145608791706994,0.0
1,4.21041461943902,4.2343688432908175,0.0
1,4.2142951174748555,4.224004853923189,0.0
1,4.218179191943507,4.11384282563548,0.0
1,4.222066846141164,4.314920226275582,0.0
1,4.225958083367059,4.011458654984609,0.0
1,4.229852906923468,4.019957370642646,0.0
1,4.2337513201157,4.246423053592547,0.0
1,4.237653326252123,3.89338759836602,0.0
1,4.2415589286441415,4.102727611901128,0.0
1,4.245468130606222,4.02060065223627,0.0
1,4.249380935455884,4.180324382289097,0.0
1,4.253297346513698,4.105756923347591,0.0
1,4.257217367103301,4.308481994131462,0.0
1,4.2611410005513966,4.009030407437063,0.0
1,4.265068250187742,4.326689585231103,0.0
1,4.268999119345177,3.958883693949743,0.0
1,4.272933611359602,4.1538300480048775,0.0
1,4.276871729569999,4.07691746328552,0.0
1,4.2808134773184285,4.176463628165331,0.0
1,4.284758857950021,4.179647311146937,0.0
1,4.288707874813004,4.376723417213021,0.0
1,4.292660531258677,4.099294297491795,0.0
1,4.2966168306414385,4.1672649682528,0.0
1,4.300576776318777,4.208104586909477,0.0
1,4.304540371651269,4.123597945276427,0.0
1,4.3085076200025965,4.149767768618452,0.0
1,4.312478524739534,4.142249518065817,0.0
1,4.316453089231965,3.991640474541431,0.0
1,4.320431316852878,4.150343877256131,0.0
1,4.324413210978365,3.927310269175236,0.0
1,4.328398774987638,4.190405307365905,0.0
1,4.332388012263014,4.192453933766611,0.0
1,4.336380926189933,4.250504788157178,0.0
1,4.340377520156958,4.249394464169564,0.0
1,4.344377797555765,4.0797673324995305,0.0
1,4.3483817617811695,4.217444231292873,0.0
1,4.352389416231102,4.147784516746623,0.0
1,4.356400764306633,4.107539155545284,0.0
1,4.360415809411968,4.27026078897477,0.0
1,4.364434554954445,3.9768909303563014,0.0
1,4.368457004344547,4.0807199586726375,0.0
1,4.3724831609958965,4.174156324093942,0.0
1,4.376513028325263,3.9637613527302324,0.0
1,4.380546609752571,3.9843082607628535,0.0
1,4.384583908700885,3.9914965600410945,0.0
1,4.388624928596438,4.12623837979301,0.0
1,4.392669672868608,4.071643614138281,0.0
1,4.396718144949943,4.2122500130613005,0.0
1,4.400770348276151,4.280867789456273,0.0
1,4.404826286286105,4.15880684621504,0.0
1,4.408885962421852,4.034873304279448,0.0
1,4.412949380128605,4.294036871499406,0.0
1,4.417016542854758,4.077399153311195,0.0
1,4.421087454051881,4.066008290186373,0.0
1,4.425162117174724,4.1793734688905975,0.0
1,4.429240535681224,4.078809363069572,0.0
1,4.433322713032499,4.226231266439115,0.0
1,4.437408652692865,4.140101646620194,0.0
1,4.441498358129826,4.074965217486083,0.0
1,4.445591832814081,4.31841251904018,0.0
1,4.449689080219532,4.385630638414327,0.0
1,4.453790103823277,4.17553367169314,0.0
1,4.457894907105622,4.121044698329089,0.0
1,4.4620034935500845,4.330532467724643,0.0
1,4.466115866643383,4.27038263959496,0.0
1,4.470232029875457,4.169780108582156,0.0
1,4.474351986739463,3.9533650246563683,0.0
1,4.47847574073177,3.998827065118297,0.0
1,4.482603295351978,4.149263431060424,0.0
1,4.486734654102903,4.327739367112975,0.0
1,4.490869820490596,4.254775085539953,0.0
1,4.495008798024343,4.2379370203840345,0.0
1,4.499151590216652,4.233084463451453,0.0
1,4.503298200583281,4.214602048416763,0.0
1,4.507448632643217,4.07025810390158,0.0
1,4.5116028899186995,4.055554306382983,0.0
1,4.515760975935211,4.069977419018729,0.0
1,4.51992289422148,4.100596315807776,0.0
1,4.524088648309495,4.228874498507722,0.0
1,4.5282582417344885,4.171821188643673,0.0
1,4.5324316780349605,4.157763948425732,0.0
1,4.536608960752672,4.184918357194495,0.0
1,4.540790093432641,4.124659712740522,0.0
1,4.5449750796231605,4.160476114016108,0.0
1,4.549163922875787,4.2494254966070795,0.0
1,4.553356626745356,4.2964284662061605,0.0
1,4.55755319478998,4.180855864546137,0.0
1,4.561753630571041,4.164589564040922,0.0
1,4.565957937653217,4.2123129907871055,0.0
1,4.57016611960446,4.266108719935827,0.0
1,4.574378179996016,4.181565116334228,0.0
1,4.578594122402423,4.127880508429756,0.0
1,4.582813950401509,4.2656737465322365,0.0
1,4.587037667574407,4.206016790566823,0.0
1,4.5912652775055385,4.158418929990489,0.0
1,4.595496783782641,4.165781621059763,0.0
1,4.599732189996755,4.264411441069872,0.0
1,4.603971499742223,4.013781074376185,0.0
1,4.608214716616713,4.274437940507018,0.0
1,4.612461844221196,4.348759037471139,0.0
1,4.61671288615997,4.097855863074952,0.0
1,4.6209678460406565,4.0916088862461635,0.0
1,4.625226727474193,4.088173496977199,0.0
1,4.629489534074855,3.9766483540261186,0.0
1,4.633756269460239,4.258620269438099,0.0
1,4.638026937251283,4.116504105678347,0.0
1,4.642301541072263,4.024220866958483,0.0
1,4.646580084550788,4.270557699993245,0.0
1,4.650862571317819,4.10390960764185,0.0
1,4.655149005007654,4.449024521878334,0.0
1,4.659439389257949,4.300584894708731,0.0
1,4.663733727709711,4.134518682646111,0.0
1,4.668032024007297,4.363467410421812,0.0
1,4.672334281798431,4.126029292175934,0.0
1,4.67664050473419,4.186659038311652,0.0
1,4.680950696469024,4.383352069869547,0.0
1,4.68526486066075,4.3698187211137824,0.0
1,4.689583000970548,4.299002189907987,0.0
1,4.693905121062984,4.012370304711492,0.0
1,4.69823122460599,4.304589961028996,0.0
1,4.702561315270888,4.092612977678285,0.0
1,4.706895396732382,4.325262329008789,0.0
1,4.711233472668556,4.310063576515002,0.0
1,4.71557554676089,4.142776689020081,0.0
1,4.719921622694259,4.249690069026704,0.0
1,4.7242717041569255,4.250096494295567,0.0
1,4.7286257948405614,4.179822562473052,0.0
1,4.7329838984402315,4.195085082191247,0.0
1,4.737346018654412,4.199366659361285,0.0
1,4.74171215918499,4.231829522517396,0.0
1,4.746082323737256,4.0988096295577385,0.0
1,4.750456516019924,4.359318957462673,0.0
1,4.754834739745119,4.2187022035755515,0.0
1,4.759216998628393,4.220983321467106,0.0
1,4.763603296388722,4.224856747757757,0.0
1,4.767993636748503,4.296817449805863,0.0
1,4.772388023433574,4.33788277906232,0.0
1,4.776786460173194,4.186937924050291,0.0
1,4.781188950700072,4.202464976155979,0.0
1,4.785595498750352,4.379153731561778,0.0
1,4.790006108063617,4.19348593480095,0.0
1,4.794420782382904,4.215409852130932,0.0
1,4.798839525454693,4.351540151189944,0.0
1,4.803262341028922,4.197506529267215,0.0
1,4.807689232858985,4.202949547429984,0.0
1,4.81212020470173,4.279322563162525,0.0
1,4.816555260317475,3.9562117120615614,0.0
1,4.820994403469996,4.180759412021935,0.0
1,4.825437637926543,4.068309314345897,0.0
1,4.829884967457838,4.355117875770402,0.0
1,4.834336395838074,4.488573756038159,0.0
1,4.838791926844929,4.127768626485009,0.0
1,4.843251564259555,4.259454441510881,0.0
1,4.847715311866594,4.35997930102233,0.0
1,4.852183173454179,4.294677685796424,0.0
1,4.856655152813925,4.185960559903564,0.0
1,4.86113125374095,4.240399738931222,0.0
1,4.865611480033865,4.20118416368713,0.0
1,4.870095835494782,4.3551087205948775,0.0
1,4.874584323929324,4.244164255074253,0.0
1,4.87907694914661,4.149864886139884,0.0
1,4.883573714959281,4.290389763303281,0.0
1,4.8880746251834815,4.313329917070613,0.0
1,4.892579683638881,4.206352401036158,0.0
1,4.897088894148669,4.267522664209636,0.0
1,4.90160226053955,4.298632509776289,0.0
1,4.90611978664177,3.9610444967087757,0.0
1,4.910641476289088,4.12765231210672,0.0
1,4.91516733331881,4.275787287353026,0.0
1,4.919697361571775,4.333595452131699,0.0
1,4.924231564892356,4.235067655083904,0.0
1,4.928769947128479,4.306178913929044,0.0
1,4.9333125121316055,4.199805044546784,0.0
1,4.9378592637567555,4.1567311540709895,0.0
1,4.9424102058625,4.144715386683462,0.0
1,4.946965342310961,4.26125675359156,0.0
1,4.95152467696783,4.303153417577513,0.0
1,4.9560882137023485,4.072667743049299,0.0
1,4.960655956387334,4.193147745084589,0.0
1,4.965227908899173,4.246115335028994,0.0
1,4.969804075117816,4.120321806590718,0.0
1,4.9743844589267985,4.324147917685791,0.0
1,4.978969064213234,4.140439528118099,0.0
1,4.983557894867812,4.398360731067321,0.0
1,4.988150954784817,4.224295896209223,0.0
1,4.992748247862113,4.296624946317505,0.0
1,4.997349778001164,4.350256030496045,0.0
1,5.001955549107029,4.310361113292272,0.0
1,5.00656556508836,4.348230425379679,0.0
1,5.011179829857421,4.248872851424265,0.0
1,5.015798347330072,4.252286522812565,0.0
1,5.020421121425786,4.1895509633159955,0.0
1,5.025048156067653,4.207325995989394,0.0
1,5.02967945518237,4.084581971935838,0.0
1,5.0343150227002615,4.254604998190446,0.0
1,5.038954862555266,4.105192887656704,0.0
1,5.043598978684953,4.276656784494505,0.0
1,5.048247375030524,4.205847297224953,0.0
1,5.052900055536803,4.19414745256066,0.0
1,5.057557024152261,4.307003153880196,0.0
1,5.062218284828997,4.3941546825538245,0.0
1,5.066883841522762,4.235641105822481,0.0
1,5.07155369819295,4.257018454235823,0.0
1,5.076227858802599,4.245932245331565,0.0
1,5.0809063273184085,4.262773382249691,0.0
1,5.085589107710723,4.278770109302058,0.0
1,5.090276203953555,4.219111479028371,0.0
1,5.094967620024579,4.2137532566449964,0.0
1,5.099663359905128,4.004729565161194,0.0
1,5.104363427580217,4.290896967419029,0.0
1,5.109067827038518,4.137798795617851,0.0
1,5.113776562272393,4.18442672632989,0.0
1,5.118489637277879,4.061780047479132,0.0
1,5.12320705605469,4.2424045593862445,0.0
1,5.127928822606235,4.395051120169931,0.0
1,5.132654940939608,4.315684924153844,0.0
1,5.137385415065595,4.185579211614799,0.0
1,5.142120248998686,4.324771117338741,0.0
1,5.14685944675706,4.328068551056877,0.0
1,5.151603012362608,4.065889479196631,0.0
1,5.156350949840923,4.163360340186605,0.0
1,5.161103263221309,4.216699396016223,0.0
1,5.1658599565367895,4.234865787785277,0.0
1,5.1706210338240925,4.288246411421413,0.0
1,5.175386499123681,4.152151911545244,0.0
1,5.180156356479728,4.295503684896901,0.0
1,5.184930609940142,4.26088131150314,0.0
1,5.1897092635565665,4.131047527928271,0.0
1,5.194492321384366,4.329944131665242,0.0
1,5.199279787482655,4.269555891101437,0.0
1,5.204071665914278,4.339536936522668,0.0
1,5.2088679607458355,4.277117660733355,0.0
1,5.2136686760476705,4.414157136897713,0.0
1,5.218473815893873,4.340027046205366,0.0
1,5.223283384362297,4.1823260570704885,0.0
1,5.228097385534545,4.3782000104942504,0.0
1,5.232915823495988,4.272553856316386,0.0
1,5.237738702335765,4.169067201633144,0.0
1,5.242566026146773,4.252041148347985,0.0
1,5.2473977990256895,4.216919189567079,0.0
1,5.252234025072969,4.2099625286161855,0.0
1,5.257074708392836,4.386035083931313,0.0
1,5.261919853093309,4.245861889438864,0.0
1,5.266769463286182,4.229988200898822,0.0
1,5.271623543087045,4.3844935638473075,0.0
1,5.2764820966152834,4.343635256023007,0.0
1,5.281345127994071,4.215929569419443,0.0
1,5.28621264135039,4.248725817592141,0.0
1,5.291084640815018,4.2866807214658085,0.0
1,5.295961130522546,4.279935123089229,0.0
1,5.3008421146113776,4.393608993406286,0.0
1,5.30572759722372,4.320334296671593,0.0
1,5.310617582505611,4.380165016633949,0.0
1,5.315512074606898,4.438546787850651,0.0
1,5.32041107768126,4.37132303039872,0.0
1,5.325314595886206,4.44661264628167,0.0
1,5.330222633383067,4.166236823318066,0.0
1,5.335135194337023,4.360847726893414,0.0
1,5.340052282917078,4.244624383660538,0.0
1,5.344973903296089,4.233246737472618,0.0
1,5.349900059650759,4.3507748782418005,0.0
1,5.35483075616163,4.382064830055867,0.0
1,5.359765997013111,4.492150931970729,0.0
1,5.364705786393454,4.341125499120256,0.0
1,5.36965012849478,4.300512052557785,0.0
1,5.374599027513076,4.3556387036473625,0.0
1,5.3795524876481835,4.364027485232416,0.0
1,5.38451051310383,4.311091535979491,0.0
1,5.3894731080876035,4.332154566747089,0.0
1,5.394440276810979,4.24145271278718,0.0
1,5.3994120234893135,4.3218168765840534,0.0
1,5.404388352341841,4.13609155459074,0.0
1,5.409369267591693,4.284730119126136,0.0
1,5.4143547734658855,4.250889317555641,0.0
1,5.419344874195335,4.330554609675769,0.0
1,5.424339574014861,4.0970792423184905,0.0
1,5.4293388771631745,4.219609102889975,0.0
1,5.434342787882907,4.305925307459855,0.0
1,5.439351310420586,4.316783963576118,0.0
1,5.444364449026665,4.237689339734072,0.0
1,5.44938220795551,4.227557791371725,0.0
1,5.454404591465404,4.355091392182585,0.0
1,5.4594316038185635,4.531716269802372,0.0
1,5.464463249281123,4.333629212439905,0.0
1,5.469499532123157,4.340888778548914,0.0
1,5.4745404566186755,4.440051282208422,0.0
1,5.4795860270456185,4.265688337984383,0.0
1,5.484636247685881,4.221037140507734,0.0
1,5.489691122825292,4.360555449341305,0.0
1,5.494750656753641,4.21981276480285,0.0
1,5.499814853764668,4.325758114460939,0.0
1,5.504883718156065,4.3179048900922945,0.0
1,5.509957254229494,4.231206807324172,0.0
1,5.515035466290572,4.204024115487626,0.0
1,5.520118358648891,4.359112365789498,0.0
1,5.5252059356180165,4.2750090975380175,0.0
1,5.53029820151548,4.266106679627477,0.0
1,5.535395160662802,4.4179790946305815,0.0
1,5.540496817385483,4.356631665285381,0.0
1,5.545603176013005,4.309120214065657,0.0
1,5.550714240878849,4.196465165298896,0.0
1,5.55583001632048,4.322174757323396,0.0
1,5.5609505066793705,4.197374387314795,0.0
1,5.566075716300991,4.382583403520172,0.0
1,5.571205649534809,4.211433877314663,0.0
1,5.576340310734316,4.256540179955541,0.0
1,5.581479704256998,4.270932823625389,0.0
1,5.586623834464372,4.263430358059423,0.0
1,5.59177270572197,4.131735185375982,0.0
1,5.596926322399342,4.402643231876451,0.0
1,5.602084688870075,4.126103732824718,0.0
1,5.607247809511776,4.310022918423149,0.0
1,5.612415688706093,4.227464285716248,0.0
1,5.617588330838718,4.339528755644289,0.0
1,5.62276574029937,4.129832687629575,0.0
1,5.627947921481828,4.2199984551186605,0.0
1,5.6331348787839115,4.388293700018203,0.0
1,5.638326616607496,4.248370002817735,0.0
1,5.6435231393585195,4.373794019046516,0.0
1,5.648724451446968,4.294388775753628,0.0
1,5.653930557286908,4.18841801478745,0.0
1,5.659141461296457,4.373890980896734,0.0
1,5.664357167897818,4.386359499288108,0.0
1,5.669577681517268,4.325996508298497,0.0
1,5.674803006585153,4.314031702770452,0.0
1,5.680033147535915,4.315169089064737,0.0
1,5.685268108808073,4.397113242824492,0.0
1,5.690507894844244,4.31881077323153,0.0
1,5.69575251009114,4.307599374598665,0.0
1,5.70100195899956,4.409663337551798,0.0
1,5.706256246024421,4.241180260044413,0.0
1,5.711515375624732,4.447925157390266,0.0
1,5.716779352263618,4.414408998056377,0.0
1,5.722048180408323,4.316497519132631,0.0
1,5.727321864530194,4.35994751131503,0.0
1,5.732600409104713,4.322737727911642,0.0
1,5.737883818611477,4.340792842494182,0.0
1,5.743172097534217,4.4290390271458815,0.0
1,5.7484652503607965,4.346997429647132,0.0
1,5.753763281583209,4.369284784631372,0.0
1,5.7590661956976,4.3161709899121306,0.0
1,5.764373997204243,4.411848595249604,0.0
1,5.769686690607571,4.412259394771446,0.0
1,5.775004280416169,4.389783195063888,0.0
1,5.780326771142767,4.315598773888232,0.0
1,5.785654167304266,4.377888303233403,0.0
1,5.790986473421718,4.225810136583872,0.0
1,5.796323694020352,4.4776643115987165,0.0
1,5.801665833629568,4.398732646247419,0.0
1,5.807012896782928,4.259157092482059,0.0
1,5.812364888018186,4.378526282281284,0.0
1,5.8177218118772736,4.559726290571099,0.0
1,5.823083672906303,4.46035572551478,0.0
1,5.828450475655587,4.449168863759848,0.0
1,5.833822224679619,4.3512316171311,0.0
1,5.8391989245371025,4.382788355013858,0.0
1,5.844580579790938,4.355437057478511,0.0
1,5.849967195008225,4.391359509836722,0.0
1,5.855358774760285,4.2640641174062655,0.0
1,5.860755323622638,4.283980591769631,0.0
1,5.866156846175032,4.288696057055998,0.0
1,5.871563347001435,4.3731646260577826,0.0
1,5.876974830690031,4.411947107803562,0.0
1,5.882391301833246,4.32270851425022,0.0
1,5.887812765027723,4.204354337324727,0.0
1,5.893239224874355,4.430724269523972,0.0
1,5.898670685978272,4.438696189324662,0.0
1,5.90410715294884,4.260993952846826,0.0
1,5.909548630399686,4.284401034419764,0.0
1,5.914995122948677,4.399028064894754,0.0
1,5.920446635217946,4.213572307071323,0.0
1,5.925903171833882,4.289918831644917,0.0
1,5.931364737427134,4.3372868540895,0.0
1,5.936831336632627,4.494521861348485,0.0
1,5.942302974089547,4.351509902011156,0.0
1,5.947779654441367,4.417661604237267,0.0
1,5.9532613823358345,4.2744818182205755,0.0
1,5.958748162424976,4.486377246684653,0.0
1,5.964239999365115,4.401991880348996,0.0
1,5.9697368978168575,4.356053677083711,0.0
1,5.97523886244511,4.438042110262554,0.0
1,5.980745897919082,4.392951461689631,0.0
1,5.986258008912274,4.562761787364705,0.0
1,5.9917752001025075,4.204017942564521,0.0
1,5.997297476171903,4.395703958323086,0.0
1,6.002824841806907,4.445387403208381,0.0
1,6.008357301698283,4.37461864996132,0.0
1,6.013894860541109,4.2885629461637915,0.0
1,6.019437523034802,4.439738581395504,0.0
1,6.024985293883099,4.369088580762881,0.0
1,6.0305381777940825,4.505590675697417,0.0
1,6.036096179480171,4.387836725946889,0.0
1,6.041659303658118,4.420667725391313,0.0
1,6.047227555049039,4.497533320684726,0.0
1,6.052800938378385,4.447335417874873,0.0
1,6.058379458375974,4.424818418887699,0.0
1,6.0639631197759805,4.418949117315628,0.0
1,6.069551927316936,4.4188335048387115,0.0
1,6.075145885741749,4.412455313206928,0.0
1,6.080744999797688,4.292830219586806,0.0
1,6.086349274236407,4.284870470931365,0.0
1,6.091958713813938,4.455520406035147,0.0
1,6.097573323290687,4.474636597218324,0.0
1,6.10319310743146,4.36400262619113,0.0
1,6.108818071005444,4.382766107975803,0.0
1,6.114448218786227,4.265873430931288,0.0
1,6.120083555551799,4.282709442718789,0.0
1,6.125724086084546,4.4858106828320565,0.0
1,6.131369815171267,4.2829736421674465,0.0
1,6.137020747603174,4.355602365353699,0.0
1,6.142676888175887,4.1934230911123365,0.0
1,6.148338241689458,4.4212044412792855,0.0
1,6.154004812948349,4.362422369984053,0.0
1,6.15967660676146,4.505087853713528,0.0
1,6.165353627942124,4.429186208632137,0.0
1,6.171035881308099,4.436219782963008,0.0
1,6.176723371681598,4.545088271815873,0.0
1,6.182416103889264,4.47296785655494,0.0
1,6.1881140827621985,4.346862022704577,0.0
1,6.193817313135956,4.4854252904711025,0.0
1,6.199525799850537,4.446796614306604,0.0
1,6.205239547750418,4.445077914739241,0.0
1,6.2109585616845235,4.265668428953088,0.0
1,6.216682846506259,4.374473012989048,0.0
1,6.222412407073505,4.409986738495329,0.0
1,6.2281472482486055,4.4812108257515995,0.0
1,6.233887374898402,4.442986231043089,0.0
1,6.239632791894207,4.4271151619624955,0.0
1,6.2453835041118335,4.284395518641137,0.0
1,6.251139516431587,4.451569468032712,0.0
1,6.25690083373826,4.509769980426908,0.0
1,6.262667460921163,4.309827398209986,0.0
1,6.268439402874099,4.295208884982086,0.0
1,6.274216664495389,4.355772270517389,0.0
1,6.2799992506878715,4.432078754641948,0.0
1,6.285787166358892,4.493777114615803,0.0
1,6.291580416420331,4.275477920528882,0.0
1,6.297379005788584,4.508469966856987,0.0
1,6.303182939384589,4.428758949465552,0.0
1,6.308992222133818,4.363031854959708,0.0
1,6.314806858966271,4.425736904444284,0.0
1,6.320626854816508,4.492853706496925,0.0
1,6.326452214623622,4.3557217032921605,0.0
1,6.332282943331267,4.305136442622948,0.0
1,6.338119045887655,4.384256333462418,0.0
1,6.3439605272455495,4.311307232619104,0.0
1,6.349807392362289,4.4262194776848,0.0
1,6.3556596461997685,4.378309387124882,0.0
1,6.361517293724468,4.355914585393789,0.0
1,6.367380339907443,4.463096361971127,0.0
1,6.373248789724321,4.392664623935446,0.0
1,6.379122648155328,4.2604274670754645,0.0
1,6.385001920185268,4.337347853088119,0.0
1,6.390886610803549,4.320242485143878,0.0
1,6.396776725004176,4.463065555954039,0.0
1,6.402672267785747,4.230289578586048,0.0
1,6.408573244151482,4.461242453523695,0.0
1,6.414479659109197,4.373014595855647,0.0
1,6.420391517671334,4.4329673402305225,0.0
1,6.426308824854956,4.510967360850718,0.0
1,6.432231585681737,4.4571823977401275,0.0
1,6.438159805177995,4.2969615108017845,0.0
1,6.444093488374667,4.454718415271717,0.0
1,6.450032640307335,4.346806695993538,0.0
1,6.455977266016225,4.355761517552638,0.0
1,6.461927370546194,4.421219476096498,0.0
1,6.467882958946762,4.446037773087882,0.0
1,6.473844036272103,4.3178148609163705,0.0
1,6.479810607581036,4.336658652666856,0.0
1,6.485782677937059,4.404187159690744,0.0
1,6.491760252408322,4.184769588201749,0.0
1,6.497743336067655,4.43441476883142,0.0
1,6.503731933992566,4.3532866126436485,0.0
1,6.50972605126523,4.453141946321228,0.0
1,6.515725692972521,4.316136230803085,0.0
1,6.5217308642059875,4.48595173077486,0.0
1,6.52774157006188,4.370108862226654,0.0
1,6.533757815641147,4.351152237003813,0.0
1,6.539779606049427,4.433893776285155,0.0
1,6.545806946397078,4.380836094073796,0.0
1,6.551839841799155,4.419226239001553,0.0
1,6.557878297375436,4.4604322802840315,0.0
1,6.56392231825042,4.352184148341692,0.0
1,6.569971909553316,4.342955736424823,0.0
1,6.576027076418077,4.3956785216687235,0.0
1,6.58208782398337,4.406470814861291,0.0
1,6.588154157392611,4.432622929780443,0.0
1,6.594226081793958,4.5291682958595025,0.0
1,6.600303602340299,4.337188734556996,0.0
1,6.606386724189288,4.544125525556436,0.0
1,6.612475452503318,4.426602473354164,0.0
1,6.61856979244955,4.4371770844062475,0.0
1,6.624669749199909,4.4748600067921895,0.0
1,6.630775327931072,4.3556595924377675,0.0
1,6.636886533824506,4.5006562384457105,0.0
1,6.6430033720664365,4.493984950352643,0.0
1,6.6491258478478805,4.476282202414232,0.0
1,6.655253966364637,4.428271830787804,0.0
1,6.661387732817288,4.488935152250116,0.0
1,6.667527152411217,4.468292210689553,0.0
1,6.673672230356595,4.3507909719999205,0.0
1,6.679822971868402,4.416391498645849,0.0
1,6.68597938216643,4.355033526392154,0.0
1,6.692141466475264,4.377629683378451,0.0
1,6.698309230024323,4.428169133309402,0.0
1,6.704482678047832,4.483247880216023,0.0
1,6.710661815784848,4.5048118813099505,0.0
1,6.716846648479256,4.551936447726174,0.0
1,6.723037181379767,4.421648513058868,0.0
1,6.729233419739941,4.391088064150231,0.0
1,6.735435368818167,4.407167900142424,0.0
1,6.74164303387769,4.437315194420681,0.0
1,6.747856420186605,4.382550098536754,0.0
1,6.754075533017854,4.48510670620003,0.0
1,6.760300377649252,4.512699492113506,0.0
1,6.766530959363464,4.503762793947551,0.0
1,6.772767283448032,4.512585391349862,0.0
1,6.7790093551953765,4.320331976705951,0.0
1,6.78525717990278,4.468043250732373,0.0
1,6.7915107628724245,4.448965643287995,0.0
1,6.7977701094113625,4.4636017078075145,0.0
1,6.8040352248315505,4.57087712407603,0.0
1,6.810306114449838,4.5221040694709345,0.0
1,6.816582783587967,4.4802511296271925,0.0
1,6.822865237572593,4.382135445142117,0.0
1,6.829153481735281,4.378347777862851,0.0
1,6.8354475214125,4.4412507745952166,0.0
1,6.84174736194565,4.476597020690635,0.0
1,6.848053008681042,4.383183587577075,0.0
1,6.854364466969923,4.405347365914512,0.0
1,6.860681742168472,4.470578156175466,0.0
1,6.867004839637795,4.379876369178827,0.0
1,6.873333764743953,4.485262791770264,0.0
1,6.879668522857937,4.318014978139217,0.0
1,6.886009119355701,4.4015841458418254,0.0
1,6.892355559618151,4.4980535697955,0.0
1,6.898707849031146,4.338465492697221,0.0
1,6.9050659929855165,4.379077831919844,0.0
1,6.911429996877053,4.4335897916279805,0.0
1,6.917799866106527,4.418442276501975,0.0
1,6.9241756060796895,4.477998213969073,0.0
1,6.93055722220726,4.454564560801395,0.0
1,6.936944719904962,4.325768805161534,0.0
1,6.943338104593493,4.515312664181371,0.0
1,6.94973738169856,4.419437579574684,0.0
1,6.956142556650869,4.502432357904986,0.0
1,6.962553634886121,4.355126387081955,0.0
1,6.968970621845042,4.440114789798972,0.0
1,6.975393522973356,4.553462612278011,0.0
1,6.981822343721817,4.464711797685846,0.0
1,6.988257089546206,4.427172795701999,0.0
1,6.994697765907317,4.564617764530682,0.0
1,7.001144378270993,4.353667833366251,0.0
1,7.007596932108102,4.395469978332786,0.0
1,7.014055432894562,4.3727864898502675,0.0
1,7.020519886111341,4.483738749506637,0.0
1,7.026990297244444,4.389830769417629,0.0
1,7.033466671784948,4.4653132058702605,0.0
1,7.03994901522898,4.5649255237512145,0.0
1,7.046437333077738,4.4160537063259895,0.0
1,7.0529316308374925,4.523371848411639,0.0
1,7.059431914019577,4.441980683235107,0.0
1,7.065938188140422,4.470100348475683,0.0
1,7.072450458721524,4.343173049075331,0.0
1,7.07896873128948,4.426021632311421,0.0
1,7.085493011375982,4.453969489072522,0.0
1,7.0920233045178085,4.439819657753663,0.0
1,7.098559616256856,4.587104275710797,0.0
1,7.105101952140113,4.518019463155817,0.0
1,7.1116503177196915,4.462380103803534,0.0
1,7.118204718552821,4.391351624081462,0.0
1,7.124765160201843,4.4217909594107505,0.0
1,7.131331648234238,4.48575675090145,0.0
1,7.1379041882226035,4.452581917692707,0.0
1,7.144482785744685,4.565994414049486,0.0
1,7.151067446383369,4.474820311892932,0.0
1,7.157658175726674,4.373429240381114,0.0
1,7.164254979367781,4.374286225051907,0.0
1,7.170857862905027,4.528188961886018,0.0
1,7.1774668319418975,4.412055083581068,0.0
1,7.184081892087055,4.4894237198101425,0.0
1,7.190703048954318,4.507034848235715,0.0
1,7.19733030816269,4.475069912791415,0.0
1,7.203963675336354,4.502779505678981,0.0
1,7.210603156104662,4.408810435180166,0.0
1,7.217248756102174,4.473733117650639,0.0
1,7.2239004809686245,4.4472804448718914,0.0
1,7.230558336348959,4.416864092048062,0.0
1,7.237222327893323,4.422588248035954,0.0
1,7.243892461257062,4.425498724109519,0.0
1,7.250568742100746,4.390510399918708,0.0
1,7.257251176090146,4.509112486067533,0.0
1,7.263939768896271,4.424427603008639,0.0
1,7.2706345261953516,4.4534854798431525,0.0
1,7.27733545366884,4.464470575939001,0.0
1,7.284042557003441,4.42327301386801,0.0
1,7.290755841891085,4.416541037316856,0.0
1,7.297475314028957,4.3786591037311275,0.0
1,7.304200979119497,4.487877206889012,0.0
1,7.310932842870388,4.426705296376312,0.0
1,7.317670910994585,4.47122418625783,0.0
1,7.324415189210299,4.537476559543142,0.0
1,7.331165683241017,4.528945721896383,0.0
1,7.337922398815505,4.434568753417803,0.0
1,7.344685341667796,4.594516683611946,0.0
1,7.351454517537222,4.411217775304183,0.0
1,7.358229932168391,4.393043549585489,0.0
1,7.365011591311217,4.472421254892206,0.0
1,7.371799500720911,4.528105834057752,0.0
1,7.378593666157979,4.41831366000709,0.0
1,7.385394093388251,4.474863035608074,0.0
1,7.392200788182856,4.5037278336046835,0.0
1,7.399013756318252,4.357707950598144,0.0
1,7.405833003576222,4.577414217672381,0.0
1,7.412658535743867,4.337408372344212,0.0
1,7.4194903586136345,4.459954491229555,0.0
1,7.426328477983297,4.415761883225288,0.0
1,7.433172899655983,4.378179408669132,0.0
1,7.440023629440168,4.557664335505841,0.0
1,7.446880673149668,4.4885273555639715,0.0
1,7.453744036603674,4.494645122580641,0.0
1,7.460613725626726,4.637907169100485,0.0
1,7.467489746048743,4.489872300809658,0.0
1,7.474372103705016,4.496950295605984,0.0
1,7.481260804436203,4.4716430603855155,0.0
1,7.488155854088361,4.482065356262103,0.0
1,7.495057258512918,4.419014964973926,0.0
1,7.50196502356671,4.548504488320347,0.0
1,7.508879155111965,4.570339262964172,0.0
1,7.51579965901631,4.4066490332089145,0.0
1,7.522726541152789,4.564689943472683,0.0
1,7.529659807399845,4.521562376130632,0.0
1,7.536599463641353,4.527312950179111,0.0
1,7.543545515766606,4.4199358017572035,0.0
1,7.550497969670318,4.493673644357008,0.0
1,7.5574568312526464,4.481759804395545,0.0
1,7.564422106419183,4.572833433235489,0.0
1,7.571393801080955,4.5062749620480735,0.0
1,7.57837192115445,4.504115810295579,0.0
1,7.585356472561596,4.4467789957957,0.0
1,7.592347461229787,4.583132585138262,0.0
1,7.599344893091883,4.594509145012525,0.0
1,7.606348774086199,4.4287497372503175,0.0
1,7.613359110156538,4.592307176012715,0.0
1,7.620375907252167,4.606946935620748,0.0
1,7.627399171327846,4.4600396439362715,0.0
1,7.634428908343824,4.542206790672903,0.0
1,7.641465124265832,4.389623291498422,0.0
1,7.648507825065114,4.455666738350328,0.0
1,7.6555570167184035,4.459611276120004,0.0
1,7.662612705207952,4.484348533689424,0.0
1,7.669674896521524,4.387017868538223,0.0
1,7.676743596652395,4.463974423958241,0.0
1,7.683818811599375,4.485229839692377,0.0
1,7.690900547366789,4.53717242163418,0.0
1,7.697988809964508,4.4227484338132275,0.0
1,7.7050836054079435,4.569208239591196,0.0
1,7.712184939718035,4.505243756723251,0.0
1,7.719292818921289,4.3948571436199515,0.0
1,7.726407249049753,4.534171362469863,0.0
1,7.7335282361410425,4.483587024722407,0.0
1,7.740655786238339,4.5798762761045495,0.0
1,7.74778990539038,4.419523144399195,0.0
1,7.754930599651496,4.572741484564472,0.0
1,7.762077875081581,4.494048045022627,0.0
1,7.769231737746125,4.474211155956819,0.0
1,7.776392193716209,4.484268677851956,0.0
1,7.783559249068497,4.5482743280858475,0.0
1,7.790732909885269,4.560897470817789,0.0
1,7.797913182254396,4.565322463240885,0.0
1,7.805100072269371,4.509765881973218,0.0
1,7.812293586029304,4.611817751075504,0.0
1,7.819493729638912,4.572852534297455,0.0
1,7.826700509208558,4.513500671742637,0.0
1,7.833913930854215,4.551788515291097,0.0
1,7.841134000697511,4.463827640789157,0.0
1,7.848360724865711,4.515341134894077,0.0
1,7.855594109491719,4.5205262872854695,0.0
1,7.862834160714105,4.525933811391885,0.0
1,7.87008088467708,4.511317536093351,0.0
1,7.877334287530531,4.384824621095965,0.0
1,7.884594375430015,4.439398501600684,0.0
1,7.891861154536746,4.393680676197762,0.0
1,7.899134631017635,4.493233038017134,0.0
1,7.906414811045261,4.547580681514179,0.0
1,7.913701700797902,4.563220003914068,0.0
1,7.920995306459532,4.651539483868945,0.0
1,7.928295634219811,4.479397203484558,0.0
1,7.935602690274122,4.494468616514382,0.0
1,7.942916480823538,4.601602974308472,0.0
1,7.950237012074863,4.4794246238444275,0.0
1,7.95756429024062,4.508867053219728,0.0
1,7.964898321539045,4.43017371738844,0.0
1,7.972239112194118,4.49785961284482,0.0
1,7.979586668435554,4.495682662585095,0.0
1,7.9869409964988005,4.428290388402802,0.0
1,7.994302102625064,4.5065062224499775,0.0
1,8.00166999306129,4.433845569145907,0.0
1,8.009044674060192,4.518875219017302,0.0
1,8.016426151880248,4.543552769672182,0.0
1,8.023814432785688,4.5642809936854025,0.0
1,8.031209523046536,4.641639930442833,0.0
1,8.038611428938578,4.579029975468272,0.0
1,8.046020156743394,4.531876498340607,0.0
1,8.053435712748355,4.617053926530113,0.0
1,8.060858103246611,4.49642656815946,0.0
1,8.068287334537134,4.574263250002314,0.0
1,8.075723412924683,4.565084145401716,0.0
1,8.083166344719835,4.525793755672238,0.0
1,8.090616136238994,4.503215254403741,0.0
1,8.098072793804361,4.543166970086153,0.0
1,8.105536323743987,4.498865737414446,0.0
1,8.11300673239174,4.4627982268054645,0.0
1,8.120484026087333,4.502775066270663,0.0
1,8.127968211176325,4.36214426924088,0.0
1,8.135459294010111,4.50823291623182,0.0
1,8.142957280945955,4.559211140876508,0.0
1,8.150462178346967,4.496461419769874,0.0
1,8.157973992582125,4.596703877845899,0.0
1,8.165492730026289,4.435902589911056,0.0
1,8.173018397060172,4.672929047762804,0.0
1,8.180551000070391,4.520725036431689,0.0
1,8.188090545449429,4.537226875347498,0.0
1,8.195637039595672,4.594679024837339,0.0
1,8.203190488913409,4.591028202767179,0.0
1,8.210750899812812,4.5250682800640885,0.0
1,8.218318278709981,4.554032041664989,0.0
1,8.225892632026913,4.472111344918689,0.0
1,8.233473966191532,4.524359192474342,0.0
1,8.241062287637694,4.641971278808173,0.0
1,8.248657602805167,4.503959917059568,0.0
1,8.256259918139673,4.540744244374848,0.0
1,8.263869240092852,4.565893720223187,0.0
1,8.27148557512231,4.519583872891488,0.0
1,8.279108929691605,4.469395464901495,0.0
1,8.286739310270232,4.572552282663325,0.0
1,8.294376723333672,4.603646225876309,0.0
1,8.302021175363354,4.581559782388561,0.0
1,8.309672672846695,4.476347313321805,0.0
1,8.31733122227709,4.556938882141726,0.0
1,8.324996830153907,4.557966495282425,0.0
1,8.33266950298252,4.596547723918668,0.0
1,8.340349247274283,4.547428678638811,0.0
1,8.348036069546561,4.568242766784859,0.0
1,8.355729976322728,4.510693551037789,0.0
1,8.363430974132157,4.479634299152766,0.0
1,8.371139069510257,4.5242051840893485,0.0
1,8.378854268998442,4.64192172499606,0.0
1,8.386576579144165,4.527986747101361,0.0
1,8.39430600650092,4.5567146539997605,0.0
1,8.40204255762822,4.6090398587050085,0.0
1,8.409786239091645,4.585279303578961,0.0
1,8.41753705746282,4.561200815997061,0.0
1,8.425295019319414,4.582009196324876,0.0
1,8.43306013124518,4.523089476771369,0.0
1,8.440832399829914,4.650312565595765,0.0
1,8.448611831669508,4.580243525797043,0.0
1,8.456398433365926,4.530919754448494,0.0
1,8.464192211527205,4.5935563121862275,0.0
1,8.471993172767492,4.508909971646929,0.0
1,8.479801323707012,4.5711488071167095,0.0
1,8.487616670972098,4.422268592005857,0.0
1,8.495439221195202,4.546698366662729,0.0
1,8.503268981014866,4.492232865809255,0.0
1,8.51110595707577,4.5386989396478405,0.0
1,8.518950156028703,4.628024139057242,0.0
1,8.526801584530595,4.535696263503471,0.0
1,8.534660249244514,4.392281392039935,0.0
1,8.542526156839648,4.593911908475012,0.0
1,8.55039931399136,4.631439081596066,0.0
1,8.558279727381139,4.561304047167514,0.0
1,8.566167403696651,4.608588366166019,0.0
1,8.57406234963172,4.475656773383398,0.0
1,8.581964571886333,4.5507477968090395,0.0
1,8.589874077166662,4.570314455921736,0.0
1,8.59779087218505,4.489925570569689,0.0
1,8.605714963660033,4.537643675861489,0.0
1,8.61364635831634,4.587745775225393,0.0
1,8.62158506288489,4.5324421612697225,0.0
1,8.629531084102815,4.595877253052523,0.0
1,8.637484428713448,4.465790975099505,0.0
1,8.64544510346634,4.520936611310908,0.0
1,8.653413115117273,4.604836914969114,0.0
1,8.661388470428232,4.493456518464495,0.0
1,8.66937117616746,4.536579156195381,0.0
1,8.677361239109413,4.603462999705338,0.0
1,8.685358666034812,4.512480908351698,0.0
1,8.693363463730623,4.624484406100034,0.0
1,8.701375638990053,4.552384861874251,0.0
1,8.709395198612588,4.547031612872656,0.0
1,8.717422149403964,4.491344327664828,0.0
1,8.725456498176204,4.625561141757526,0.0
1,8.733498251747607,4.6006888963571,0.0
1,8.741547416942742,4.573733764042573,0.0
1,8.749604000592488,4.591242174039938,0.0
1,8.757668009534001,4.523556192037834,0.0
1,8.765739450610752,4.522410486885365,0.0
1,8.77381833067252,4.70181197261729,0.0
1,8.78190465657538,4.617565312100613,0.0
1,8.789998435181747,4.475749153113014,0.0
1,8.798099673360344,4.507872401389585,0.0
1,8.806208377986232,4.681502576500528,0.0
1,8.814324555940818,4.5223157158169585,0.0
1,8.822448214111827,4.530192737521805,0.0
1,8.830579359393353,4.570736676667304,0.0
1,8.83871799868584,4.555513621763444,0.0
1,8.846864138896082,4.585332773914335,0.0
1,8.855017786937253,4.508174720463472,0.0
1,8.863178949728884,4.580179709332892,0.0
1,8.87134763419689,4.500707342715405,0.0
1,8.879523847273576,4.634024908311831,0.0
1,8.887707595897623,4.503024059980416,0.0
1,8.89589888701412,4.5795347197713046,0.0
1,8.904097727574541,4.632018615147501,0.0
1,8.912304124536782,4.513402793152165,0.0
1,8.920518084865149,4.552182721358866,0.0
1,8.928739615530356,4.544148984201342,0.0
1,8.936968723509557,4.455715433433255,0.0
1,8.945205415786319,4.608358026901095,0.0
1,8.95344969935066,4.494377204143195,0.0
1,8.96170158119904,4.594649542970237,0.0
1,8.969961068334351,4.597354226885356,0.0
1,8.978228167765963,4.600869315448146,0.0
1,8.986502886509681,4.454764352234006,0.0
1,8.994785231587795,4.580228701471205,0.0
1,9.003075210029063,4.566095192619004,0.0
1,9.011372828868714,4.510719202609097,0.0
1,9.019678095148471,4.559045414605769,0.0
1,9.027991015916534,4.561381933796686,0.0
1,9.036311598227611,4.700423972056137,0.0
1,9.04463984914291,4.560375744491729,0.0
1,9.05297577573014,4.582208530561376,0.0
1,9.061319385063532,4.6066657204622,0.0
1,9.069670684223828,4.599671604242574,0.0
1,9.078029680298304,4.513927219820385,0.0
1,9.086396380380767,4.632627595178603,0.0
1,9.094770791571555,4.648155418411232,0.0
1,9.103152920977564,4.500684597175987,0.0
1,9.11154277571222,4.553293187967653,0.0
1,9.11994036289552,4.51655460435958,0.0
1,9.128345689654024,4.597553634423317,0.0
1,9.136758763120847,4.5456619601405555,0.0
1,9.145179590435697,4.649609583879002,0.0
1,9.15360817874484,4.626277308511108,0.0
1,9.162044535201144,4.537261201595383,0.0
1,9.170488666964072,4.525726447780492,0.0
1,9.17894058119967,4.5637234347833555,0.0
1,9.187400285080605,4.504832689538514,0.0
1,9.195867785786138,4.541809561360877,0.0
1,9.204343090502162,4.632118710608571,0.0
1,9.21282620642119,4.628765762106285,0.0
1,9.221317140742348,4.544362709382799,0.0
1,9.229815900671426,4.467425037205022,0.0
1,9.238322493420823,4.54640516885641,0.0
1,9.246836926209609,4.5440789956182925,0.0
1,9.2553592062635,4.529963651365357,0.0
1,9.263889340814869,4.5157552234717215,0.0
1,9.272427337102759,4.660890843924305,0.0
1,9.280973202372873,4.559633189378785,0.0
1,9.289526943877611,4.579954521718948,0.0
1,9.298088568876048,4.594902192728783,0.0
1,9.306658084633941,4.579921896014013,0.0
1,9.315235498423757,4.543591525078166,0.0
1,9.32382081752466,4.623707922787239,0.0
1,9.332414049222518,4.59592958907203,0.0
1,9.341015200809926,4.672342932260102,0.0
1,9.34962427958618,4.690376881333306,0.0
1,9.358241292857327,4.573700139189134,0.0
1,9.366866247936137,4.611398747155063,0.0
1,9.37549915214211,4.597183161088015,0.0
1,9.384140012801513,4.5449730705166695,0.0
1,9.392788837247341,4.528227659693717,0.0
1,9.401445632819367,4.645196340767739,0.0
1,9.410110406864126,4.583628221766558,0.0
1,9.41878316673491,4.543056912797313,0.0
1,9.427463919791805,4.541877348391553,0.0
1,9.436152673401667,4.660749174325648,0.0
1,9.444849434938147,4.5587840868534935,0.0
1,9.453554211781702,4.6271868502743025,0.0
1,9.462267011319572,4.672340807170439,0.0
1,9.47098784094582,4.619300326648334,0.0
1,9.479716708061313,4.579203641980369,0.0
1,9.488453620073747,4.524758673488861,0.0
1,9.49719858439765,4.5595069859943305,0.0
1,9.505951608454364,4.58604903259111,0.0
1,9.514712699672096,4.557010151439695,0.0
1,9.523481865485873,4.644138709850344,0.0
1,9.532259113337595,4.59250870215066,0.0
1,9.541044450676019,4.625716733651811,0.0
1,9.54983788495675,4.578313662290311,0.0
1,9.558639423642285,4.580825143173964,0.0
1,9.567449074201983,4.627231919918049,0.0
1,9.576266844112098,4.55864148683239,0.0
1,9.585092740855774,4.6634889265182125,0.0
1,9.593926771923039,4.624486656137413,0.0
1,9.602768944810842,4.581477120224958,0.0
1,9.611619267023025,4.610138824446121,0.0
1,9.620477746070357,4.678010737753956,0.0
1,9.62934438947053,4.54563469327168,0.0
1,9.638219204748152,4.585762167064172,0.0
1,9.647102199434785,4.727123899039459,0.0
1,9.65599338106891,4.571175931196992,0.0
1,9.664892757195974,4.628199298229874,0.0
1,9.673800335368377,4.58989767698929,0.0
1,9.682716123145463,4.5519281032231085,0.0
1,9.691640128093566,4.683326501851975,0.0
1,9.70057235778597,4.609697116129901,0.0
1,9.70951281980296,4.523795284934418,0.0
1,9.718461521731797,4.57250555164987,0.0
1,9.72741847116673,4.495768957236012,0.0
1,9.736383675709025,4.6301229030145175,0.0
1,9.745357142966926,4.623905243910928,0.0
1,9.754338880555714,4.651898472089314,0.0
1,9.763328896097683,4.6445280462386505,0.0
1,9.772327197222138,4.631632741242237,0.0
1,9.781333791565437,4.699419635987862,0.0
1,9.790348686770955,4.6514907720542595,0.0
1,9.799371890489123,4.584192704680772,0.0
1,9.80840341037743,4.5721479262855205,0.0
1,9.817443254100404,4.617459962355214,0.0
1,9.82649142932965,4.614207804035987,0.0
1,9.835547943743844,4.611525859458267,0.0
1,9.844612805028728,4.497373858085741,0.0
1,9.853686020877143,4.668781675092127,0.0
1,9.862767598989004,4.597898119287059,0.0
1,9.871857547071333,4.547658001551413,0.0
1,9.880955872838257,4.639756813864393,0.0
1,9.890062584010998,4.5279738619773084,0.0
1,9.899177688317918,4.694647246114499,0.0
1,9.908301193494475,4.606808527519229,0.0
1,9.917433107283275,4.672020642377242,0.0
1,9.92657343743406,4.595049700668904,0.0
1,9.935722191703697,4.588090355953735,0.0
1,9.944879377856227,4.580819570111075,0.0
1,9.95404500366282,4.534389572913922,0.0
1,9.96321907690183,4.6512414294241635,0.0
1,9.972401605358774,4.555563484071143,0.0
1,9.981592596826335,4.591325295678567,0.0
1,9.990792059104393,4.645433676235756,0.0
1,10.0,4.652265892682056,0.0
